id,first_name,last_name,national_id,phone_number,email,password
5273d175-0b7c-46df-b244-271540840975,Chad,Smith,9395359232,7148821219,donaldclark@example.com,wAh7CPyf$g
3a5a0e19-3ad4-4943-91c1-44d6c5e5cf6b,Jennifer,Harris,5582884834,4993906791,anthony96@example.org,dXeA7Z*f*0
400d23b8-3387-49a8-ad83-d56fc4706e6f,Mary,Powers,2946093990,5837172274,monroedawn@example.org,#%5A8%DuV1
d8c9b81f-bfa0-4060-b796-362e31a15036,Mark,Hurst,9262718709,2209027066,michelle65@example.com,#61CQvUef4
f5a03edd-a592-4605-af87-fbf289a36ca7,Grant,Smith,4376573562,2202074903,jacobhudson@example.com,$jWeP6k!k1
