id,name,phone_number,address,location_id,created_at
213edb2e-3924-4051-93c8-4c1e98255e0f,Lambert-Noble,7549595424,"84021 Michael Viaduct
Garrettview, AK 12349",1364305026,2024-03-26
c588dc88-361c-48f4-81a0-561d13555213,Knapp-Davis,5285985756,"4042 Gonzales Common
North Rebeccafurt, IA 11438",1364305026,2024-02-20
e9bdc1d2-fd4d-4087-a500-c41c05dc2cc6,Munoz-Garcia,7527361391,"8236 Kelley Loop
Jamieshire, PA 86745",1364006067,2024-02-22
c0a6ad8d-c8f9-4399-afd1-84bda0b9f3c3,Brown-Zuniga,4219359715,"068 Graham Parks
North Kellychester, DC 72353",1364123206,2024-03-03
165f223e-f1b9-4fdf-8abe-a5951ff39eb1,Ward Group,8765159281,"318 Hunter Plains
West Lisa, AK 13899",1364023865,2024-01-12
f1766f73-6233-4367-953e-1dce3af726c4,Ford-Ross,9724972072,"04037 Sullivan Stravenue Suite 530
North Anthony, MS 47060",1364023865,2024-02-26
c72e1cf0-0fe2-4ce8-8766-35b99c6a1eee,Walker Inc,5128755742,"2384 Adam Ferry
Jeremiahville, IA 58011",1364023865,2024-03-28
65c8f7c9-bebd-4b07-8778-e43b9e2fbc56,Torres LLC,5739294853,"7572 Michele Keys Apt. 243
Lauriehaven, VT 19169",1364023865,2024-01-15
16d403e6-7a17-4d5a-af6a-269e4be4bd1a,Patton Ltd,6862837828,"8111 Montgomery Locks
Port Davidstad, LA 46620",1364023865,2024-02-03
bad96223-6ad2-43ea-9a6a-e72a5739bac5,Hill-Cook,8243926513,"748 Morgan Brook
Meghanburgh, WI 96368",1364023865,2024-03-21
8ed65fff-5e09-4a03-8deb-0cc5428f297d,"Horton, Shah and Hill",6148796489,"6510 Hutchinson Mills
Robertton, WI 82799",1364023865,2024-04-14
659d061d-a99e-4bb8-8cdc-5a80b93adf95,Graham Ltd,6417577754,"PSC 8998, Box 8669
APO AP 86424",1364023865,2024-04-04
68bf631e-16f1-4430-b394-36df8a1e3639,"Lane, Kelly and Martinez",2324032798,"04281 Kim Island Suite 905
Jamesbury, AL 50807",1364258511,2024-01-18
dcb525f9-3e56-4d92-bff7-f25e5354ae06,Ramirez PLC,7708465595,"486 Lisa Tunnel
Masonstad, DE 89429",1364258511,2024-01-16
bfbccd40-e46b-4683-ba11-213352b23feb,Yates-Nelson,2165183096,"4574 Atkins Circles Suite 524
South Williamton, KS 12053",1364258511,2024-01-21
cbd86629-ec0e-46f5-9177-7c3a71c91f40,Lopez-Ware,9783297169,"674 Walker Crest
Jonesside, ME 52206",1364258511,2024-01-23
34cd9924-052d-4c28-9301-e7d76ff576a6,Martinez PLC,8684472035,"7905 James Walk Suite 050
Johnstad, GA 96022",1364258511,2023-12-30
ef750054-2f37-4289-a13f-0ef053d7adf7,Freeman-Chambers,9872589257,"5440 Christina Parkways Suite 354
Lisashire, CT 43454",1364258511,2024-04-13
28bd90c3-c328-408f-aefb-e43814b91a8b,Mora-Riley,7507194924,"0217 Jennifer Isle Suite 157
West Steven, CA 16056",1364258511,2024-03-30
677297cb-adfa-4b3b-b39c-77cd6f4929ab,Hampton-Simmons,7236983076,"979 Kyle Isle Suite 206
West Lisaborough, NJ 54639",1364258511,2024-02-16
