id,first_name,last_name,national_id,phone_number,email,password
0bdc7c82-3ffc-4d08-b63c-62027640d9b5,Michael,Blair,9666042674,6562497884,wanda02@example.org,zVZXr7wR%5
7fd25620-af64-485d-9913-23043e6dc7f5,Marissa,Stone,8087874013,6802657543,swhite@example.com,IT0XyE3z$7
163e1d3c-f892-4b6c-b837-2689366c928f,Richard,Stephens,8934570734,9074043924,mpayne@example.com,^lS1mFu%2d
7856bae2-5c16-49fb-b809-2ff76ca63c30,Debra,Jennings,3527507781,2898467821,kellyjoseph@example.net,Kicl(Byl_3
cdcc8512-b99c-4bba-af1e-a898b100adf9,Marc,Simpson,1486150426,9852167190,upatterson@example.com,Y+7DbLc!!H
ca30ccce-0bf5-4506-9213-81407f3d932f,Richard,Charles,6724161416,6438943243,qharris@example.org,*N4Mx$Sk+N
e47f97e5-cf50-4281-93f6-f410689a69f0,Stephanie,Campbell,9173458917,6314819986,martingarcia@example.net,(^&B8^Jw+W
f83991f0-7b73-4504-9f3c-06523769d7bb,Brian,Brown,9475712722,4197098904,janetbell@example.net,%wj44NscA(
2eecb146-536c-4ceb-90dc-db93c9c88bda,Thomas,Mckenzie,6006404386,6364277671,chrisadams@example.net,1$!A)9Af(Z
33684c07-682c-42ea-84cf-210511667e63,Stephen,Morales,8112600660,3942533489,thunter@example.org,E_M6Jshoj*
6e94fc17-6d80-4bb9-8cbd-8249619cc773,Jeff,Hood,3775479420,4739315717,williamsmiguel@example.org,q%1MFLxozV
d18abd45-95d7-4a03-87c8-7a75dd5de391,Cristina,Henderson,5805853880,2093809986,rhenry@example.net,(C7(PtccBl
a3ec9291-7416-4cfc-baf0-50a9071dda9a,Andrea,Melton,3019842100,2427061019,chavezsandra@example.net,*4ch0Cwx0J
3f636886-e491-4885-a623-0a251a607ab5,Nicole,Shepherd,7841994915,2615924664,cooknatasha@example.net,_^Vn9MWjgc
09b79c43-232d-4f75-ace0-083db49f0105,Lisa,Hanna,3148195727,9817755354,christian80@example.org,WNS0PY&d_m
4c8dff8e-183d-452f-a2c2-5dc811d708bf,Ricardo,West,8004002648,4958498066,sharonflores@example.net,@K415Q7r_s
8f4d5d98-8c59-493d-ae85-0033175da0ca,Andrew,Harris,1640279249,3812132401,yharris@example.com,nA5sbK@yu)
1057c255-914a-4105-8a60-2ad3d167fbe8,Michelle,Rice,8499900761,6997403869,michelle89@example.net,g!@3Yb6z@u
bd8e5b11-86c2-4dd7-8dcd-5a3b9483d6a5,Calvin,Drake,6109346016,4369173363,hernandezsara@example.org,0#0QXmz_^B
cd67c2f1-edcb-4903-bfee-13c45893ba8c,Lori,Chapman,4519425773,8972358781,powelljerry@example.net,n$1ESM_jY(
0f5a4fe7-6807-4b5c-ad94-361ecfe2ae5d,Tiffany,Skinner,2034040717,3086411959,adonovan@example.org,R9HZ$Vzz^r
293d2d3d-2632-476f-b93f-b1bc6a5b52c5,Christopher,Davis,1842600819,7373176550,hendrixpamela@example.org,+JGpDFPe5$
2b7a39d5-59f9-4c19-844f-c6b1246e0c8a,Taylor,Peters,1079891942,2988206490,ukline@example.com,+XB+SKgX15
f9846074-c34e-4054-a791-8a8f834555b2,Lisa,Jones,4565042929,4808539719,harrisondanielle@example.com,ox7WZriP(p
78e5c2ee-cd0f-4911-98e1-845ee2e62424,Jeffrey,Bush,2389400502,9657244852,dawnbenson@example.net,%d+6bPogvs
a5891a92-21e9-4431-8c09-c09c874930f0,Jennifer,Conway,1179660750,7269056781,millertimothy@example.com,^2o0@!!dLM
117b69ca-53e4-467f-8d81-6d1d05fe09b4,Matthew,Khan,4662769349,7258559368,joshua15@example.net,LlB1FYnrQ(
ebef52dd-1062-45de-aea9-6f2fc9ab978a,Brian,Lara,4323432310,7835357779,sara68@example.org,@z0TSm)iF+
9365a318-1d63-4471-ad72-13a214979b6e,Lisa,Murphy,3441750121,8819171250,pmorris@example.net,&hWbWjDlD7
384cd77d-5c02-4203-828c-5f93b01c2eea,Stephanie,Hanna,8673580970,7892485824,anthonyjones@example.org,+BUZHrbhJ2
16c65f75-6c08-4489-9412-d1bc86779261,Robert,Watkins,4283029916,7333676092,austinwalters@example.org,%I29zADy1m
f4a2379f-2413-4949-bbb2-369e78bf005b,Karen,Reed,9296702508,5638598392,shannon69@example.com,zo3Idiea^9
140d6f36-9d08-4558-ad3f-2bf3a78b8adf,Bruce,Pollard,5623199598,7634945558,dayalexander@example.org,$%m3nOf6ml
ed6691c7-ac24-4f61-ada1-6769245de595,Sean,Wood,9641008594,3397323572,kimberly24@example.org,_$5^AbhAK6
78cd4bcd-67f8-4e44-825c-8d1a7ac9e4e1,Russell,Osborne,4797538456,6786837192,johnsonaaron@example.net,+1L)nOjjdt
4d60a622-b050-45c3-a17a-44300c5aa2bd,Randall,Parks,6080689013,7318918978,wpena@example.org,*2T&oHuU#P
7bb8c54d-9a60-4046-a539-b0d5695bd886,Natasha,Colon,3192429899,4268626425,cgreen@example.com,MgpU$UXs+4
171998d3-ebcd-48a5-89ce-4226849d30be,Kelly,Saunders,2680866119,5806624278,carlahowe@example.net,5_WB$gRj*O
5f696ec5-6fdc-4d44-bc1b-78ea95b1a006,Charles,Williams,5218121942,6729393037,kennedyphilip@example.net,_5GauktgIV
ebd749b7-a7a4-4690-b5f2-44bfe2f37f01,Kelsey,Burns,3528678273,8344741713,qbowers@example.org,^NHCL1XfST
ae770545-0077-417d-a108-9816a996ba24,Norman,Ali,5253141392,5613293709,robertochung@example.com,R9dQ(ak%^T
cf57b491-e9f8-4dcc-9e6f-900351a86078,Tina,Booker,6951670340,6436256884,katherinesmall@example.org,W*ew6Yce+p
c91286a6-c134-477f-a27d-dd16301d7d62,Lisa,Morgan,4121297749,6534433120,xcochran@example.org,MT5TpaHAw_
dfa8eca0-4c60-497c-876f-47e2a3e40f9c,Sara,Navarro,5474866611,3058901926,jenkinsnathan@example.com,T_(U2Xwftu
8c0fc193-845e-4124-b0e8-ac5d2a8f98f1,Joshua,Long,1819711042,4495626948,linda87@example.com,8sDgup9U_m
bcc30224-1516-4614-98cc-f531966d6f8b,Robert,Ellis,8408963878,8005404200,nicholas75@example.org,&oGkQFuSW1
ef4adbf3-dc1f-4c40-a3f1-e295e139f0b8,Clifford,Smith,5587650104,5512484941,elizabeth50@example.com,9Q8%oVla)&
93d5876a-ff31-4363-9fb0-459450747a75,Erica,Brown,8768988836,3248701998,dnewton@example.net,9h+4QY7aym
6ab04916-e156-40f3-bac4-ede04d83c4c5,Jeffrey,Garner,8075339437,6743997465,perezerica@example.org,2cTZCpHt*H
93207af8-f4da-4fd0-9d6f-056161ddc134,Kathryn,Harper,8135239081,9389273146,kennethlong@example.com,a66K&lZ!E#
3abcb99c-2e43-4ad1-b932-007df0ecc88a,Kim,Ford,3168404800,9298325643,cday@example.org,Sod4Vaki+L
fdba4dcf-3d68-4d40-82df-b49ffc932e96,Taylor,Park,2689267062,2059022797,smithleah@example.com,$V)%Sim++9
7134c6f1-e424-4493-ac7e-cdd36e9ea283,Alyssa,Barnett,5675393607,3515404273,arthurwilliams@example.org,$@z#2vabmE
de92527c-5f14-4bed-885c-d89cd719967f,Kimberly,Foster,3655907249,5024234380,douglas68@example.org,&XQ(Nc5b_3
cd6d3c37-f0e8-423a-94bc-09a6479caca0,Michael,Harvey,7099350274,6978944772,zpacheco@example.net,93%w9A8o!#
aee03372-9495-41e4-b5b5-83e96d25d7ad,Matthew,Perez,3029536580,2925549671,danielleperkins@example.com,x)LKnnB&)4
5a508b0b-693a-41aa-9831-1a717fe74220,Daniel,Young,5264730445,7627918793,james28@example.net,&$EQ87XuEe
8e1d63bb-ac20-4bf6-bf65-5c1c43215849,Laura,Park,5534298237,5848704017,crawfordross@example.org,GhNmYty7#4
962af4a1-dbf4-4dbc-bce6-6557ecd02dcb,Jason,Johnson,8987682902,7033129047,taylor91@example.net,%1J9otzI1o
509b8f73-65f2-4f99-892c-1aab091a84f8,Joe,Stanley,6757843808,2139847915,amoran@example.com,^2wAnSVnMM
0eed0e2f-777a-45b6-84bc-230d1098c866,Laurie,Cabrera,8874359525,4196354061,jason38@example.org,cz+_7Mb0do
3dc994f6-97b0-4c32-bc23-2174283d9cd7,Juan,Hawkins,2599186634,3895547433,nathancastro@example.net,Z%h2#ULe%3
bc50395b-badc-4596-97fe-e4408f410672,Rachel,Gonzalez,2023968900,6193302013,owenscynthia@example.net,^3US9qZz_x
2073e09c-100b-4130-83eb-b4ec29839d8b,Jessica,Davis,8477963596,8224244291,james56@example.net,$Ne6zVUf8*
2cd3c9df-a910-4c59-901d-bdc7b966c804,Pamela,Shaw,7918938568,6925441491,stephen08@example.net,@eTou^Em!7
d43f7d2e-933c-440f-af4a-d2e8aa0b9ffb,Daniel,Foster,5546456237,8587473886,amberclark@example.org,1q^5I@ug(X
33e41b07-6812-4430-9699-818769d185c1,Brian,Bryan,2193580089,3208844288,sean97@example.net,*3X%xwk^6d
65f09fbf-d84f-411c-9151-c3bf5d3cd015,Hector,Bailey,4787686350,8718405570,tatemark@example.com,ix7I*Ntb)s
ae4210be-92c1-4fcd-8416-8388707bb67f,Laura,Fischer,1347001158,2836341591,moodysarah@example.net,_4xK2TpYm0
7aaae51c-0814-48cf-a6fb-c79542aa2192,Connie,Sullivan,2601675676,7573255284,dbrown@example.org,GQQ#1Cf)Xm
05810f55-408e-40ec-8f14-d28c907697fa,Scott,Herrera,1186862824,5006833279,alyssamurray@example.com,PWDgkyAK^4
66c9868b-6fa8-49cb-8e54-5d5e90a265a4,Melissa,Wright,6581322492,5124786011,rogerssamantha@example.com,TP8nWnyN)@
d6e70be0-8d72-4499-8ef9-2c4527437a9a,Brooke,Strickland,8564098110,7784087008,kathleen17@example.net,@lV6JUfyPX
d8eb6eef-5492-4e4e-99d2-0f72f868ba0f,Donna,Gilbert,9190083851,3772066832,bryan86@example.org,a@K2GVleB0
55a42807-ca51-44d3-866c-9142a1d41000,Zachary,Parrish,2047006663,8566935741,mlove@example.net,O$s4AK7w%h
d5ffbda4-1a46-4418-9e41-2cc5c331f870,Jennifer,Johnson,2156682930,4817518479,kelligill@example.com,o!9Goy2x@5
a4b29530-31db-4221-b8cc-9cb87576df7d,Thomas,Little,9296341552,6099995138,tpowell@example.net,VJ0&0AXh+r
e55694a0-69f3-488d-bae7-1d8a6bf29951,Rachel,Miller,7962205205,7072614576,kristinwilliams@example.com,)1Ah93d4p&
48a1b56e-9d0d-4070-80f7-dbc01de28dc6,Kimberly,Bradshaw,7579987799,9735251537,freeves@example.net,Th_5&#Uz!K
0ebdc736-0356-47dc-9574-6539b630897d,Brenda,Johnson,9556096825,7023975960,vcoleman@example.org,MYX#8Pwro@
519cf509-f080-475c-b818-d4c1d0df0ee8,Jessica,Serrano,3059285165,4112234818,clane@example.net,))97BtjbQZ
19b96613-e1a5-4fe0-81b7-d6996458e6fa,Christopher,Herrera,9168724752,9273029311,johnmartinez@example.net,$p1GhWJo*4
6cbf8a75-1b39-44e3-a69b-79496f163df0,John,Simmons,1035267242,2838282698,faithwhite@example.org,$30DaSYrzY
29bf26b7-6ea6-4b01-a81c-0ff7f6dadcbf,Kimberly,Stevens,7770469632,8048241240,carrollchris@example.net,BjtIe%1U#8
df092c57-9496-4a01-829e-2af4b4f2a2da,Daniel,Li,8124343948,2206977788,wlynch@example.com,^uaVwva*7f
40c86e28-ca34-4f74-b53e-250a4fe65352,Gary,Costa,6135832686,7879969492,howardbarnes@example.net,)CuO#tsg&9
c84db133-3493-4f3d-8b9a-2a173dd944ce,Brandon,Galvan,6811277904,8928649278,ramosethan@example.com,+H0^pjmts4
0c336fea-de80-424d-88c2-fd426730980c,Jennifer,Carlson,2588339552,2368735697,brenda79@example.net,U2i0csHt@S
8b48a0f4-627a-4956-9fa7-6da52294da2d,Brandon,Boyd,1223132753,9872948489,crystalwatkins@example.com,w87M_Zzk@%
8b98c961-83d7-48f4-852b-03a77a635cab,Alan,Brady,8560574277,4545581300,stacey25@example.org,+1p36RDrrX
122bf3cf-54b7-40b7-ae47-cf3a346485fb,Lisa,Richardson,4884744110,5259384530,jamiemyers@example.com,Pm0PIBE8^5
85b92a09-5bd2-409e-ae23-357528ab337f,Audrey,Maxwell,2306153180,4998278739,johnsbrandy@example.net,KKJ7xSy#I&
b9fc7cb7-1be5-49bd-a039-698d850a0734,Tamara,Roberts,2711475726,2218889742,wsuarez@example.org,t%3PJTXdue
eb4d5554-18a6-4507-aa79-644ad5bae797,Alyssa,Long,4033978349,8142059543,hspears@example.org,3GEf2Qz0(Z
859eb0bb-30de-4535-a3c5-ece92cbe7749,David,Short,8216889282,6505574536,lsnyder@example.net,BC!g7FxEsF
5eb6a7fd-5e62-41a4-a43d-bdc85a00d1c6,Kathryn,Burnett,8962877858,2883973332,coxzachary@example.com,VbZJ7QVk)4
2cbd92a0-98d1-46c7-92de-6c3442eb9cb7,Joseph,Taylor,5096704048,7092857502,herrerameagan@example.net,ql472NdUh*
c10fe7c5-22c7-4f37-afcc-6405a44314e7,Adam,Miller,1913918559,7223172582,timothy27@example.com,!#5VcXzm!y
42ab6f56-99d0-4660-a24f-aaf75bb74600,Gregory,Perez,6821440517,5664738491,jbenson@example.org,(0L43TAybT
7da6143e-1917-44ec-bbc3-a451f58cc762,Steven,Simpson,9934746944,2606941395,maciaschristopher@example.net,8j2QfMEq*f
9cd2af66-17e2-4225-9463-bbc3b68c3b19,Daniel,Williams,6256464487,7292413369,ahernandez@example.net,3uA#6L7bG@
d4545a02-fbaf-491c-bfbf-a7fcffa5874e,Jasmine,Moore,1479967621,3662121308,mary02@example.com,@RKbqjrF@4
400948c8-280a-4733-9383-bc504b911ba6,Jessica,Davis,6368456420,2145888850,mccannscott@example.com,(2SRjm)W%+
71bff5a2-3a0c-41bb-88b8-8df7fa7d2445,Erin,Romero,2855358856,9957459218,vromero@example.net,2N5Zjp85+l
897c0b80-6695-422e-a174-287372cf20ea,Caitlyn,Cain,5368128085,2064946260,dustinallen@example.org,Pd*4TWzs8B
7c49a1c0-7145-4423-a985-6ebfce96f371,Christopher,Lyons,3219386249,8367067722,robert41@example.net,!xNn#Yv^o7
401968e4-7856-4a87-b485-393a374a8e68,Diane,Booker,4128970915,4938965210,xhensley@example.net,#*1T3CIuf6
590aecb3-ea8e-4a02-80c6-bc0cbbf33650,Alexis,Turner,4672989830,8856079376,emilyclark@example.org,!7bDQj98uP
5121ea51-f2f0-4686-8afe-a36e71ce32a8,Paul,Martinez,2124848592,7042088934,karenrivera@example.net,3g9EM0Sf+E
1f55f8b7-780d-420b-8b63-ab2e2653d7bd,Jennifer,Carlson,4445331055,4133708874,rfranco@example.org,_52P#8l5$P
bfc37627-dcf5-45fe-9584-c795bbb29ee6,Christine,Pratt,1589177847,5545467697,dennis79@example.net,@9zCCCtS*c
767220a4-0111-44da-8307-d3a8b3478194,Shelley,Henderson,3247980782,6467404163,fpierce@example.org,^PQcsyws3f
d654b33e-ee73-471d-9224-87089f85f74c,Christopher,Reed,2900444941,5477981241,michelle35@example.net,8@4VbN9ei+
30c0d948-4ee9-4319-9588-8c6274c92b37,Stephanie,Fisher,1607564536,2557717376,larry67@example.org,9t@OWQxq_f
50e7a597-0971-4ea4-939d-126c6b011add,Nicholas,Watson,3845436943,4102911270,xmooney@example.org,T@Q8BMGk@F
615d7784-c6db-4ca8-8710-4162ed0a7c44,Richard,Watkins,3857143148,8135866383,danielle41@example.net,+N+9XvZ2MZ
711bbe54-9e7b-48a7-80d7-49f54224817f,Jeanette,Waters,2407951483,4758573560,kcervantes@example.net,yo%7wIs%91
c1745ee6-a79c-4037-aa38-df61c5881108,Andrew,Brown,1322737518,3974958692,michaelcarter@example.com,A^Y6YPv7*7
15e3a4e0-6a52-4176-856f-df4fa0849475,Heather,Nicholson,1781164336,7916178954,erobinson@example.org,6FklXim_+G
ebd6d8c8-e1d8-4f56-ba0f-2d7c67e133cb,Jasmine,Freeman,5281889185,3197581147,michael90@example.com,$QqUaRT1x0
aabc79ad-8b78-4034-946f-38846c884100,Emily,Bryant,8706895807,6487931765,wwatson@example.org,G8%x4Cpz8v
a5ce46c7-3bdf-4431-b5e6-b391b92cf8db,Lance,Briggs,3614547255,4989903042,pmata@example.org,dSDxyNw2*6
fb46b63c-86a3-4127-986d-8771022b6fad,Tina,Patel,1596259936,6068317452,amandagutierrez@example.org,mK0EQZqt&(
7da8ec03-10b6-4c79-83f7-4b26a749a030,Diana,King,4441617250,4435343600,butlerthomas@example.net,74Fy4cCk^y
f03c99af-d55d-4947-8d14-22ba5800dba1,Dennis,Brown,8590670378,7054085912,esalazar@example.com,#7JS%VozW1
f386c264-97eb-4d83-b6e8-f990c4ad715b,Ryan,Oneal,9299183265,4856544703,andradedaniel@example.org,_5fZnTIRhC
13654fca-ad50-4099-9b60-4ccb6dc3bed9,David,Rodriguez,1359094487,6646703794,garyklein@example.com,!)*PEzHqV5
512bfcea-4092-4c40-8f71-aaf5d6ea73b9,Alexis,Nash,9734252417,6826527102,rellis@example.net,pk9XJhAY#w
ce8ecf29-16b4-477f-a94f-f11fef6ef85c,Patricia,Mcdonald,5302608252,6858322823,ramosamanda@example.com,S#4kBm0$Xl
bc35ad4b-2fe7-4f4e-a81b-c996878260cf,Shirley,Mcbride,1022462427,3966015973,stephenhuerta@example.com,_P(3Y1CvgH
7f2cd6a4-efda-41d3-9fee-5606d3c13586,Justin,Knox,4254723474,9754427575,wrightjanet@example.org,vV9^4Ig*U@
eb47be6a-da66-4c4c-87d2-ef9977a8c664,Nicole,Andrews,6563326763,3144757791,tfarmer@example.org,30QNv_qi$y
09fef06b-63f8-4130-ad55-256b581c0ff6,Sarah,Murray,5494134919,9319229309,justin31@example.org,%v2&Z+yt1&
6a58e76d-1d87-4ab5-9900-36e3bf7efa5d,Linda,Parker,4841240597,9399302144,kmooney@example.net,)^bW7SSzXC
29fa070a-a459-4b9f-980c-cc48c8b2ef96,Courtney,Ruiz,4002150915,9354407976,bryantjulie@example.net,+m52SP35*&
7d2f2a20-d8a5-4dec-acf9-3dedc31527bd,Mark,Hernandez,5157939966,2788449329,shannonanderson@example.com,)g47UVT^7h
b49feeee-79be-4ca0-abaa-0a883fcfa12f,Tiffany,Duncan,2602960554,3487546765,christopher42@example.com,Jd0ZiNprC#
dd76fa04-9cc4-4ee8-9587-bbbcabb0fd40,Christine,Waters,7489939075,9712368354,smithcurtis@example.net,!f2lVUup_%
9cec6d0c-f813-48ef-a213-e8de5e8abf66,Karen,Maynard,6577708615,3333274948,roblesgerald@example.org,z)79Q2m#*5
5c49dff9-ba4d-4885-9f88-237a53f2a6a3,Jonathan,Shaw,5583630309,4537297280,amckenzie@example.net,&7mKsA7_8+
27435e73-853c-4afa-89fe-e608c08657b4,Daniel,Martinez,9611345704,3734999884,lucaskenneth@example.org,txZ1c+XzB#
780ba72a-77a6-4414-bb9d-4468453b857e,Amy,Jordan,9812001376,3574494953,ymacdonald@example.com,)QYSO+7k45
d6a1cedc-2793-4feb-9cf4-920b142b5ab4,Joe,Schmidt,2107502574,8587961938,deanna28@example.com,%hS44Xy_g1
aa8f6e80-c48b-427c-a943-6584fbafdf90,Patrick,Peterson,4708674375,5652215420,hensonmichael@example.com,@GfN+G*k2b
fd869df3-aa87-4e32-ae28-f00fd8c28f4d,Matthew,Hoffman,4231736519,6669102610,teresa58@example.net,7+79D9Fo4y
3adad067-5ee3-4269-bd37-f3043044b79b,Robyn,Shaffer,9869709329,3862028767,hansoncrystal@example.com,VC9)Kzz*$C
a9e9f34e-9841-42f3-899e-73884349ee2f,Timothy,Boyle,4745457651,8306401372,nellis@example.net,Rr@v5XsQ&8
8ef3cb7c-dacf-422f-842f-b995142b7438,Michael,Levy,5815239857,9108368516,xrios@example.org,%(213Gfcr&
2526389a-8c29-42f6-aea9-f2386238511e,Rachel,Thompson,1731243213,3167337685,william58@example.org,a)a4SH0pl^
78263a28-2895-4a70-a56e-1b0439b981ed,Keith,Mclaughlin,6739818273,6128829917,djohnson@example.net,G+ZOt8Ut*5
64477451-282c-4ad6-9da6-d374ec8fcc46,Jose,Martin,1146643650,3459195345,nfisher@example.net,q6j46GJq&5
aa97f84d-eeb4-44e5-a1ef-c49f9aba8904,Kim,Fletcher,9199202975,3867036636,robert96@example.org,$R2CSs&Yv2
e36dd6de-ebef-44cb-a088-e1f2be73f7a6,Alexandra,Stephens,6411368956,6555299323,xparker@example.org,_!fTMV_tY5
55424650-b940-46c7-988b-d59d95d2fbab,Allison,Andrade,9451962891,2334388495,caseymichelle@example.org,9BIAqpCY+0
3e7ddde8-a93c-4687-9cea-8361e2113475,Billy,Moore,7326652370,4173192572,karenross@example.net,#Z5ZkZ#95+
e8b90a59-eaa2-4938-94b4-d3e3de56e55a,Brendan,Anderson,2235377027,3353257969,paula05@example.net,26T3KBxN#l
1f1b61b9-aab2-4a50-b6b5-a2ac81da65e3,Joseph,Wright,4310182389,9506319955,feliciaflynn@example.org,b!#3Go0HK#
d88e853e-ecdc-47cd-bfd2-091b207e4b79,Travis,Lozano,8235757835,9028168804,thompsonlisa@example.org,_M^1@HZs^4
9bb8c19e-1014-4292-b2cb-913ca04def51,Ryan,Booth,5123871401,8474308358,cody37@example.net,^FQDeabt7H
866748e2-5a69-4cd8-8ed1-2c46af4479b1,Darren,Morgan,9048597865,9725733841,kiaraaustin@example.com,#4L1ERNh&7
1b717117-c07e-4c2f-aeeb-748175f62bff,Nicole,Rosales,8312320837,5364333032,whiteisabella@example.com,!L2_ET0l5&
10b25856-6576-4702-bfaf-7cef48699fd3,Brittany,Castillo,6096541575,6965276476,paultorres@example.org,^8vZwc@Sm&
65857e45-f857-47a7-9175-d7d3f3e55fcf,Sabrina,Hays,5416179354,3078972784,martinwilliam@example.net,yl0)Fuep)B
3c655dd4-1b17-4796-8dd5-cedde958b9d2,Michael,Allen,7622589413,9475964230,ytaylor@example.org,jtOhv&xp*8
16e4fa98-a6d9-4544-a994-4b48f35d33e5,William,Young,3796630662,7065391271,westroger@example.com,((8Ab^Jn!c
331158b5-bf5e-43ee-aa2a-0d86d332c22c,David,Rodriguez,2042566242,9686724580,joshua21@example.org,vC7FewQr@g
3542b29d-cce3-476a-be7b-4d5507b3559b,Cameron,Bruce,2644463709,3592765767,arnoldmichael@example.net,birXZ+fz%5
8086f569-bb52-4763-ac4d-16c76ee46da5,Ann,Martin,5411544359,3226579700,johnlawrence@example.com,%HOb#D@405
6e58f291-683d-4a97-916e-7bfc6d2c4cf8,Jacob,Parsons,2018266302,2218121376,ryanrichards@example.net,_7@r5G4x2Y
98ef29dc-540b-4510-a2bb-1eb25200c948,Katherine,Young,4066420593,7555109238,tjames@example.net,@1N&ef!)N0
177d9464-1da4-4de9-9f50-809512fce3ca,Sean,Cruz,3996110344,8339296448,matthew85@example.net,o$1Jrg8$7&
2621d200-a581-4e5f-bfcb-0c1525b2f6ff,Tracy,Hardy,2118587217,2368409631,jhorn@example.com,_d0!AQ%_x4
2f90b972-061a-4084-9611-35d9d9cdee38,Mary,Norton,4600494480,7713222871,paula17@example.net,34J@bb(7@c
122bd41e-26a0-4a91-bf39-996557aa5034,Robert,Cook,2533964120,6704888911,holmessteven@example.com,XR&3RuXjeA
dbb83018-f5f1-496e-8abb-dbd4029a0b35,Richard,Burton,5622682141,6318443162,mary73@example.com,_43MqExQVG
016de735-d1e6-4076-8b74-44729f1b4ce8,Barbara,Barron,4814360327,9554409549,dbarnes@example.org,I%64XVsbqC
410e135d-fb1e-412d-b471-92304844842f,Daniel,Mitchell,3970037552,6078663872,pdavis@example.com,X($7aJh&)y
8d98455d-201f-4d08-824f-c8ba29a78cc7,Diana,Black,6290435151,4362945856,tara53@example.net,r26sRbzb%T
a720d528-a008-43cc-aa93-1139c518a33c,Carol,Johnson,9686918076,9998002943,ucrawford@example.com,cr8Rz4Ne#m
ec5a2e1c-4fed-4c56-9ad1-5f4749934e1e,Nicholas,Trujillo,4661765571,6948484914,hblankenship@example.org,X0Ly2Ygh%(
191f272d-2d0a-4f80-ba6e-06bf5427014b,Ashley,Reese,5650386337,2908071762,jstephenson@example.com,(P6+LCxLzO
1c1daf75-9b98-47a3-95d1-5e6d7e761e4b,Courtney,Harris,3742508746,2799007995,pamelagarcia@example.org,1(6CfQnt+c
7d950d67-1abd-4944-811b-34ad3040a01b,Zachary,Scott,1242500977,8578264729,cbentley@example.org,M9$FTiB5@2
87d67839-3751-47dc-819b-25a3c9a3cbc7,Barbara,Martin,2331038411,2263063951,pherrera@example.net,$64RnoFf$A
bf83d227-54ab-4ce1-acfe-cce47cd6efae,Christy,Hill,2781247549,9157067245,ldunn@example.net,%D1DU%ud%7
3a5a8b11-e8e7-46b4-88d4-93cde3c5e7a1,William,Friedman,3618438312,6875563031,millerjennifer@example.com,x$782Ia&sm
76359cb3-3827-4dd5-a8af-3757344767f9,Kenneth,Rose,8286725633,3793695950,kristina96@example.com,^8HK86_b_%
a13fd816-ff72-482c-8c54-6beb5e675441,Kristen,Ramirez,3759865176,7387257578,smithreginald@example.com,2ynBztL$*M
e0f9de7d-765f-4d86-bf29-5cd7ea4a488c,Christopher,Hayes,7712347227,2526567780,hallronald@example.com,8wAzExK2@x
2a6dd385-c818-46f5-a647-15cc6e8ffbd3,Emily,Jones,3408325420,2654297690,rachel67@example.net,90xMYcCJ@5
4d25cb35-ccf5-4ec1-8a4f-39d561b20137,Allison,Harvey,8747123958,7957406591,andersondonald@example.org,&I5aLf65Q&
56bbece1-536f-4d28-b084-ecf38e36d027,Mary,Jones,9127908501,7307806167,durhambrian@example.org,&3tXkCm)2f
6c838cf3-f93a-4496-98c3-07a0a1fc4a01,Jacqueline,Carpenter,2030033435,2962191219,colleen81@example.org,E%G(&5WfwP
7e789e09-60b4-414f-ae24-76bda6cb1ac5,Sean,Burton,8942760599,2577082396,fisherrichard@example.net,E8tu+Jsh&9
4c45f7b2-c88a-4720-9661-fd8cb19987be,Shari,Morse,6936802043,8582309552,ericagarrison@example.org,jMOeBM3c!2
997c71b1-98de-40ae-a771-20e246d3b753,Thomas,Park,8860747270,5493944283,nancy97@example.net,2T7KHBbj^_
60eaba53-f469-4185-83d4-3c192dd66bb7,Steven,Jones,1556995779,7288638758,jennifer50@example.com,(i4U_f66&m
f243ec1b-0885-4e27-805a-1518def1914f,Sean,Henry,5459403206,6316753953,jaclyn87@example.com,Jf1ZXxuv)M
8a32d41e-64e4-4329-8de9-ddd058e4446c,Jessica,Horn,6639832111,3653419377,patrickjohnson@example.net,4p$Wp&Z1#v
6e30c08a-9a20-42f6-b5b8-8dd5e74f8788,Heather,Mcknight,9956745044,8079707531,omason@example.net,5uta0Jku*Q
5257169f-82d2-4fd2-81bc-7dd2e38859ab,Billy,Lucas,9947372562,5247256511,christy26@example.net,8q$LkqvL($
894df181-e202-4bb3-9855-2e29ffcd2499,Christopher,Williams,9945043386,9779641609,obeltran@example.net,)^VaWOWms3
296bc618-a611-4d73-94e8-bd2e2eabf440,Elizabeth,Scott,9833329290,6723285045,mhoward@example.com,19tKD5iA^J
85b2fa89-f18f-4ed5-ab4c-1dffaff144a8,Bryan,Garcia,1145908401,4543149461,jose97@example.net,)7Z@hM1@k2
a41e356b-3cf0-4396-a0b1-145679fde3ae,Nathan,Castaneda,6902698620,7606942048,ahobbs@example.net,_V9CvLUv*B
e8ad3066-2b41-49e1-832e-63dd35d0ea45,Jeffrey,Holland,9586967274,6175259002,crystal16@example.com,q&7IU^AHSs
049a0e56-3fe1-4ad1-bcc8-766e2099ccab,Christopher,Barton,8005347553,2364943049,garrettsherri@example.com,bat&8Brm@x
7c02864c-83a9-42e9-ba9b-22b83e2a8b5a,Erin,Martinez,1475708704,7562843923,shannon74@example.org,ih4L(QxE@m
a0ed5c81-f84d-43a1-9924-f245970359ae,Lindsay,Reed,9349657531,4027587441,joneschristopher@example.org,(T3rnPel3d
048515cd-2d15-41d7-922d-e9fd3c478256,Melissa,Rogers,6234646777,4655368560,ojoseph@example.net,Vu%P9!Yb%x
88ffbe91-5845-4d0a-a4de-29defd2f0e47,Rhonda,Robinson,5815854470,5335269546,sharondavis@example.org,m&yCM7V3_w
6c91b47c-a2be-4c62-bc2c-daee9501f772,Michael,Caldwell,9127891310,2804991379,travis44@example.com,*XpzSWk@w6
dcb363b3-28af-4ad8-a153-e6546fbfec93,Cassandra,Franco,6508711115,2702187009,stacieanderson@example.org,7vv3cN5iF_
22f4f7ce-e33d-4424-9021-7c36212e889d,Herbert,Navarro,6754869121,7472182646,jacqueline71@example.net,_c2&Yqwc11
aafbd38c-ec99-4f47-9e76-e7eb8f64c2dd,Douglas,Benjamin,5917466337,6075566948,dennisdavid@example.org,79V5S6sk&r
d4b78862-b41b-4ea1-b811-ce3e7e4a1cce,Richard,Wilson,9301050253,9827092593,jonesjustin@example.net,k5^SM$pe(l
093b19c2-fae8-4a78-bf70-dc3f1b5e4d92,Derek,Campbell,1240104341,6152653431,klewis@example.org,Ku4Zcbd#W!
ecafd160-c374-4eb4-ba28-b2d4e010577b,Willie,Ferguson,3907236672,8519614504,heathercook@example.org,+&@sFJ3a^5
aad56a9c-4264-4dc0-805f-7f020cc0f1e4,John,Larson,5017324874,3723892109,dbaldwin@example.org,!2RwGDvMi4
429ea6d4-5557-4e9a-a360-d189602c571b,Justin,Reynolds,5881288034,2749587698,kristopher29@example.net,k04Vr&OM+I
0e76e866-3038-405d-a60b-fc90b96dcf20,Cesar,Rivera,7713728059,6006803576,larsonrobert@example.net,+iiBIBln(5
7f005ca3-3330-4a03-b1f3-3b37eb4776f8,Andrew,Molina,5073209134,6165738679,moodynicole@example.net,OB3421Rf*n
3776ad05-0752-4a27-b01f-d4f5b8ff3510,Ashley,Davis,3109519808,7617954365,barbara54@example.net,h0aGF#3w_e
0b257789-3355-44c5-b13b-2e0649242cb9,Brenda,Johnson,1381482527,7966876463,brian57@example.com,&a99eR1Bv(
527c944b-f2cb-4ace-baaf-7d69f9238833,Sandra,Waller,8365730723,8392799530,qlee@example.org,VO8d9HLql^
aa23e4a3-3627-4d18-9648-caa9a7f0357e,Kenneth,Smith,3266892703,6169823527,idavis@example.com,@0HTRj1r%p
8f10eb91-d1d4-4b34-8952-7fe3006af007,Donald,Evans,2909777854,4687023919,kathleen30@example.net,vUaP0Nsd%@
907389e1-c670-4ed6-9f0c-ba8005c4577a,Natalie,Young,2763817736,8183165708,loriramirez@example.net,!vwIwavCd7
7e18d81b-c801-4885-999c-2f32d495ca2a,Andrew,Campbell,5952709854,9767359350,mcgeebrittany@example.com,x^7i$rBjwQ
a4197074-f1b1-492d-8baf-e92ff7b5bfd5,Danielle,Jones,6773449121,4439455281,ncarson@example.net,8*7HAD#utg
dd69925b-2f5a-4ca1-a0b8-86c81f808fd0,Nicole,Chang,7781885306,3972868272,qmorris@example.com,lx1UnHiql#
51af40ae-86b8-4d6a-81da-21dc927a6343,Anthony,Vargas,6418593563,3157113300,millerjonathon@example.net,$E&upHXfK6
926268fa-d533-4979-9cdd-94f9b5bfcd97,Wesley,Vang,5036593375,3134895290,harperdanielle@example.com,M!2eeUrq%M
399a4c56-9aca-429e-ba0c-188709011f77,Cameron,Willis,7768615278,3529041832,markyoung@example.com,)c2jTPsnAt
63a21205-6ec8-46f4-a807-139ede2d046e,Yolanda,Williams,7103730312,9122419606,carla01@example.org,t)$aVF1c#4
ff25c1e4-f9de-4660-bba9-68f3dfb715df,Brian,Little,2848060623,6996383694,shieldsmatthew@example.com,$46Qcq$%^Y
4373e2c3-51f4-4107-a0b3-60222f6bdd88,Kevin,Montgomery,1195789425,9977154486,ehopkins@example.org,+2t6LFDd+9
3021551b-ed03-49f0-be65-741591c9c4f5,Kenneth,Arroyo,7847136590,9158099864,luis00@example.org,$&*7AcGbke
f0153171-6ca8-4407-88f9-7a251c4055d8,Caitlyn,Archer,5035604302,8496672087,vincent26@example.net,S#Y93NoF+#
d6b9c6e1-361e-46c5-9655-89534481024d,Daniel,Miller,2816956561,6212993077,griffithdanielle@example.org,iHRAcB1b+3
6d282949-7326-413b-bc6a-0e267c539459,David,Austin,6729467313,9906886715,karenmassey@example.org,I^@$6SDbzJ
db3ce03a-f647-4cf9-813e-e3cd439b44cf,Sara,Silva,6159894872,4553169858,kennedychristopher@example.net,@)UQp@u1E5
0185c1b1-7fa4-4e6e-96da-fe7190f76a48,David,Rhodes,8406099312,2172363359,awilliams@example.net,)uH4D4st$a
c772537f-9793-45f2-b20c-add66a364322,Joel,Ramirez,7213972993,9696504529,krista96@example.net,OL+67dFd&q
9166d1a5-3761-4585-8190-1b5e032ebf01,Angela,Cruz,6600198863,7834019994,maria19@example.org,(PVqKrAG*2
85b95818-9e43-4ad0-8fd5-2b78c21fcaba,Michelle,Ramirez,4119271231,6869996688,jacobmiller@example.org,&1VS_mDi2E
1c58ed0a-f5e5-48eb-b153-effa4c276e56,Christopher,Charles,8129288900,8633137044,josemorrow@example.com,!qViCI$hN8
7fed509c-00f2-4c54-ab15-fa5312b40fe5,Paul,Hall,1666797014,2675403000,susan32@example.org,1bJ9N2)c)&
5a8e1323-97e9-448c-8735-a22fa4a53372,Paula,Smith,1876640444,5474987702,jacobstrickland@example.com,+6U3MNXsKn
b2314c00-25d7-499a-8c98-ff2e53bbb564,Kelsey,Tate,5874676046,9507348454,lrollins@example.org,eQt16Bt3V%
86e819f4-d310-4ba6-8645-f99a3bf07e9a,Alejandro,Adkins,1515869234,9848502902,smithryan@example.org,C&5fhXKim)
e105a557-91e5-430d-9a8c-74430b2f43b1,Brittany,Brown,8014052253,6959858117,colleen41@example.com,2a$7Xabag7
48fbb5a7-7cd9-4e9c-82b5-bcb8fca64a9d,Daniel,Rosario,7676607075,7177443942,jessemaxwell@example.net,3_noALm8+l
bb6e8ac3-ab47-4ebd-a141-9bb277ac2f60,Stephanie,Shelton,6906104755,7143384355,ujames@example.com,!DyRLo*B46
3a979535-c44a-493b-beb6-b3ab1222655b,Eric,Mckee,8700526669,9137425800,dudleysarah@example.net,C&7b7sXe6_
d83c5141-17db-43ab-af8d-d84e6d2584ce,Amanda,Griffith,5361761260,6508353519,williamsedward@example.org,58NT0+Jd$C
168c7469-2d2f-49ba-9667-23ca83fc9931,Elizabeth,Lee,8265585903,2308521149,lisasmith@example.com,%)qN8APrc!
ac07249f-7a52-4644-aa10-8e64efaeaf95,Lindsey,Glover,6296843563,5528107246,anna98@example.com,hvp5Kof79$
28280628-897c-4f4a-825e-034a8a73baa2,Laura,Norris,1448228550,2306557542,tammie47@example.org,#^Wb0PGqq5
6b98fd03-c3dd-4faa-ba6e-7d49a5a72485,Robin,Lewis,9267307901,8942579655,laurencabrera@example.com,&5mSNhSYo6
0bedef63-d36d-44b9-a609-f816f0bb5212,Maria,Smith,5231455989,6306916083,debrawilkins@example.com,&9WyYMf8(4
69d37f71-e506-4b18-bcfd-e86c63f2d9c7,Mitchell,Thompson,7181049094,8914369645,awillis@example.net,gm*9w3YhxM
99719936-1a18-41a8-9e72-d0615186d6fd,Jamie,Thomas,3066120487,8534854768,zlewis@example.com,L#5%JByGqu
ebcd807e-e895-4e0c-8f93-dda841fec079,Kristy,Burns,2771344411,4726728369,jacquelinestephens@example.com,x^X2Tmj$vj
1a3602d7-8892-4080-9e1a-82834ca5db86,Janice,Ramos,6682101387,3475657912,lauracastaneda@example.net,eN48tMn@9@
76db1d1a-b036-47e2-9307-d53a9bd2af78,Derek,Harris,5607715611,4332155347,danny78@example.net,XN^6XpgyCP
509f9f38-4e34-44eb-adfb-2f6991d03143,Anthony,Odom,1454774049,8136805730,brandy15@example.org,SZk6O72m^A
8fb48909-15d8-4a89-aec7-bd0d9106acac,Gary,Meyer,4700208187,6354988469,brianna08@example.org,RKeQ#tK6*8
6ce6f149-9e12-4369-83fc-bea8906c69c6,David,Harris,7107002137,7988017345,scottalexander@example.net,kA5GYDep@0
429e8526-789d-4e96-bfdd-1216c30c7dff,Stacy,Joseph,7040619068,4947757614,youngjenna@example.com,3#mC6QCsjW
86aa0853-9256-4dc6-98fc-7b72f8fe4f10,Shane,Hoover,6418734960,9864265436,meyerssusan@example.com,*4u@0_MiZ$
3c2e52cb-6e6e-4e85-a1a8-f9d23ae044cb,Cynthia,Le,6959324257,9654298420,prichards@example.net,t*EXX(pq$8
703d0dee-e375-420f-97d3-0c2dd78547b4,Mary,Sullivan,4687916055,8442617794,philip11@example.com,C&C04YthZ7
c32bba2b-c1e2-4ce4-8399-bd6d59832812,Anthony,Hernandez,2194552416,4959334840,gregoryburns@example.org,dYzj4Tcc%1
220e3864-355a-4c89-bc4c-ee03f982587f,Vanessa,Anderson,3895202419,6433005297,kathleen01@example.net,T1O0AMlA(H
e5b3f384-a1c3-4537-a767-deacf2081852,Joseph,Anderson,1343489336,8763778595,bobmckay@example.net,4sHSUu^E$U
ce0070ac-b205-44d5-96f6-79044b3fad5b,Jessica,Patel,9823530657,6458521597,donna78@example.com,_^v0KzXN)b
e5257f13-cd46-4e31-b9f4-28f3abf422d5,Laura,Carey,3788826420,2142713438,mmunoz@example.net,))z1B2bgKF
df600820-b2a5-4dfc-9075-88bb09851c59,Laura,Wilson,7326274422,8086297320,bruce79@example.org,EYROJ$f@#7
1b3caa73-ae0c-4b20-bb0c-92d5e4255cbe,David,Patterson,7209041419,5139729822,tammy15@example.org,!$)WwR&Y5k
6a6bcd23-153e-42e1-9c09-1afae89e63d1,Tyler,Stephenson,8015237284,3514341372,nnguyen@example.net,&tY7VVfvmS
2ac5425b-afbe-452b-8fbe-ce17e69e2dbc,Cassandra,Bates,2064524543,5389477142,ryan82@example.net,EE81SwYs@K
b0a88910-a359-47dd-939b-6d29b101c5e7,Tina,Reeves,4510209320,7592084664,cindyhall@example.com,(@p(!0Vx+s
0a0fe0d8-8e26-4ac6-99a4-df56a5bf0005,Sharon,Norton,2229981977,6524111403,danielle66@example.net,)s5NLUgw*w
adc6b6dc-69b8-4db1-8205-d7dcc8dd9999,Pamela,Schaefer,6178509068,9633687965,pbenton@example.net,ix@3A@w%uj
f5d70be6-4869-4fa8-b1a4-08339b8498d0,Amy,Tucker,8187498715,7539885240,sgilbert@example.net,b34Ycz2nZ*
c0219c8a-dd34-4b62-9136-1132f974f791,Ashley,Russell,9606444916,7127328253,katieburton@example.org,A)6IQPFogk
9e24ea20-b6b1-44a1-a922-5122012b8ad1,Anthony,Turner,6211765204,8537238901,scooke@example.org,yn53pGSg!%
c4c47db8-f49e-4976-b94c-c9b2dab02a99,Barbara,Estrada,5009807004,3213872816,zowens@example.com,hb8UAwzWh%
35829a87-c365-4d8a-bfc1-80c0a086c5c9,Larry,Hodges,5522141697,2494194054,jenningskristin@example.net,H!0tk77iXB
13c79559-879a-4c18-9f83-6b84e6f5a6e2,Michael,Davis,3470797167,4467658693,jessica99@example.org,R11hLUbl9!
56375db7-8bec-4b84-8f47-32a70e704ba2,Jennifer,May,8763436132,7054797493,karengarcia@example.com,tyGqH4Hx(9
6d20b4ae-097a-4dc5-aba4-e7edd4932c59,Robert,Clark,2929834319,5186977293,matthew76@example.com,VLw7Q9XaV&
674dd624-351d-45c3-881e-01889bb7c01c,Whitney,Brooks,4317339136,7134507704,kellykey@example.org,$6LC2IABwD
07d3fee2-45d1-44af-be07-dc895807f6a0,Eric,Sanchez,7299342203,3673447776,reneehansen@example.net,+E@(UTtH50
b6edb6e6-a853-4994-8257-956fa948f1cb,Joseph,Thornton,9027549119,9687363976,hwest@example.com,N+0JR!%(Dp
05044431-5c9b-4b09-bfc1-e246d003a4d4,Deborah,Johnson,1591188129,8687725588,eric69@example.org,%lR*B)xF56
10f3cd7b-3c27-4e24-bad8-8e2032494a8e,Brian,Woodard,3699750451,9343697428,qelliott@example.net,cu6XON6dy^
049e6904-2c58-4ef0-88d4-767e720a204c,Kelly,Mcintosh,2372220542,4948633645,annadouglas@example.net,$oZNPyYN7S
ae32cbc3-5341-484b-a4ba-661ceb529739,Tamara,Blanchard,6514348559,6463921856,esmith@example.com,I!VqqBs^%9
615a8a1c-0616-4715-b555-8bb10e01875a,Thomas,Heath,4654635385,3713991719,mitchelljensen@example.net,D0h!7VEc!@
8108b0d9-5455-4176-a92b-0dac9980ca3a,Kelly,Harrison,3224086640,9683393075,mgreen@example.net,64ag4Jkm^v
5ed831a2-1ab2-4c0f-b701-20ae7cdff43c,Cathy,Cruz,5577767513,4183565784,johnsonjessica@example.org,t@S2TWm^rL
01e2ff56-adc5-4337-8088-b463bd3281b5,Nicholas,Reed,5869994470,9562275630,ryankeith@example.net,dD$9IciAh5
0eb7ec8a-5250-4a42-90c2-153fbca0a9a7,Abigail,Lee,9135227933,2319813496,denisemitchell@example.org,+9@JIcDv^8
981a038f-c619-4a6a-8c7b-aa945c01632a,Cynthia,Mason,7416630267,4264808236,lhicks@example.com,#K9Ezfl*#0
052ea404-4338-4794-91f2-3bfe9c8982ea,Bryan,Evans,1593593640,6766722162,gallagherlori@example.org,j*PLjWFw!3
5c9121fe-909b-4aa2-9d35-4faba4f103e6,David,Hopkins,9953531699,9548169817,anelson@example.org,e@85Fb2H%4
e35fb329-e22a-422e-9131-9423d65d9888,Glenn,Cross,2333471661,7552842788,tamiphelps@example.com,bS59O0Yd0^
c229a15b-deb3-49c5-86a4-57cf1067b089,Raven,Long,3316157327,8242784644,lindseygonzalez@example.org,2V2JyErC@k
d9c00017-13ea-41e9-a88c-5e5917c0640f,Matthew,Barker,8035155458,7845447891,tuckeramber@example.net,hu7e(PWFa_
2283dcd1-d348-499d-8bc1-70c04dffcf60,Paul,Gregory,7374832571,5644579291,donna86@example.com,47ICgXfG$4
41874738-2c4f-411e-a1fb-537251411a7e,George,Carr,9337817163,5265433682,caitlin47@example.com,tD6nZgNw)l
2d46f45c-314b-487c-8ea8-77bf3f67401c,Amy,Hudson,5530546733,4029973203,jacobknapp@example.org,A96EJW@p&I
1570606f-2d20-42e1-ae41-9c9dbc156825,Michael,Foster,5790977687,6839751645,harveyryan@example.org,2+aB1JHzLW
073565ec-b0ad-4788-90d0-026b479b7c97,Tony,Robbins,5966124401,7182897596,kbrooks@example.org,@GwHfwGz7&
deaf3cda-9cba-45d5-a2d5-a0c04c16a283,Margaret,Scott,4367345913,6322088743,meyerlinda@example.com,@Dh_5NBy9V
ed531c66-a567-4191-bf68-7505cdf06c4b,Robert,Russo,7634330458,9246146126,robert82@example.net,wuH7gOCd%4
3fab965b-0d8d-454a-bc41-dca7e3437245,Erica,Collier,1492090159,6005239290,wolfelori@example.net,4F5H2WGwv(
f7f4f793-389c-4c62-878a-2829edbd26f6,Douglas,Osborne,7834224568,7045809683,smithlisa@example.net,n+6SudoPHM
3f87f27a-8e5f-4dfc-b6f9-254f0a7fe062,James,Miller,4831208832,7675788104,roberthuff@example.com,RA$)2RHit^
3ab273f5-9ebe-49ee-afc4-0978b3f1744c,Patrick,Reed,8796992597,9158581708,berryamanda@example.com,Io$2Nyvh1a
130f7547-47e1-472c-9573-8aad4205c83a,Amanda,Brown,4260172010,2315084506,josephturner@example.org,QfV$i^ho*2
5fd8576d-a294-4e74-b06c-7ba5f210319b,Susan,Webb,3827006709,5773861199,brownkimberly@example.com,L)1JJv7lGo
531b7b08-4e6d-4f99-99c2-6873f764d2fd,Jessica,Hernandez,2523029624,8925535806,thomas63@example.net,)73ZvgpyuF
a1ae9c59-75d6-4774-899d-c229614c5232,Kevin,Hansen,8119041492,4657926577,suttontracey@example.net,l*^A3mGh*%
f044e290-fe3a-485b-8a3c-0aa802cfaf76,Lisa,Armstrong,1371695558,3474713532,jason63@example.org,+d0KjZDvl*
d5fb3072-a11b-4d83-b25b-81b5c8820930,Carlos,Fowler,7735337842,5848042980,bmoreno@example.org,Z^M^6HePVt
65946481-4738-465e-9383-50b53995aacc,Heather,Caldwell,2659629510,5064338103,aobrien@example.com,ei6H%Nk)(r
fa69df91-5fb5-427c-ba5e-76b1c3e71890,John,Barton,6283721343,2127712353,ugarcia@example.net,&Jc4DlWzf&
f275a1f1-ce14-4d79-a5f6-d7026fd79ca9,Michael,Kidd,3618245502,9714239539,jonathanmartinez@example.org,R#@8@KplP#
f183703a-e2d6-4539-a625-c0d8e5d5546d,Glenn,Hanna,5012621181,3014393859,gwilson@example.com,+LUDqC1f76
caba3ab2-16ee-4ee3-ad3a-103f03381b6a,Phillip,Burke,3823242259,2984336151,xthomas@example.net,_!sZ8GFjHC
cf852be9-6404-48b9-ac39-ad016302e1f6,Tom,Fuentes,5031152480,9434272215,mariapeterson@example.com,+#k*YQ^lH6
62b72864-02fe-431a-8b5e-0b3665b796c5,Olivia,Blankenship,2990443837,7477285448,jrubio@example.org,ZSgYi#om%2
d6bbbd32-248b-4412-b855-bbbca76ebfba,Brian,Johnson,3665723278,9637645229,kwillis@example.org,+(7PQ6zzX5
a4e9d760-014a-4539-b856-77ff03a86fcc,Natasha,Garza,7957317830,2015769620,tsimpson@example.com,(u%U2FxF_R
17a174e3-8bfa-4b71-90e3-d8f84893965a,Jesus,Green,2284462045,6497738279,jeffroman@example.net,UB6WskT4+9
1b6d9b46-4d7a-495b-bb7a-eecfb571cb54,David,Gonzalez,4088361054,3603482820,teresajones@example.com,^820FDxaK7
285d76de-81ce-42a7-8118-887236bb0b5a,Raymond,Jones,5863324149,8149341761,sarahkim@example.net,G)kPT6Q+mc
5eb7d951-2ce5-4290-b165-08e78b51455c,Robert,Hampton,6510187280,9586602509,bauerpatricia@example.net,&r&Nv+wP71
15f5c0ca-7e3e-4209-8e85-cf46511c2628,Lindsay,Nicholson,7888487901,7772773971,martinezderek@example.org,T&4R2OcH_H
59d0337e-128c-4632-ad3d-6c995731fc02,Randall,Walker,2984680196,8233939254,nsmall@example.net,%s%8UxdN6K
2c8cd39f-efd8-4577-891e-79b539feb61a,Brian,Horn,6434118000,6026345476,holmesalyssa@example.com,l3SKzr1j$*
d8512dd5-5412-43a0-a1ad-199a858fb1e2,Larry,Keller,7510985723,5607929666,hsilva@example.org,+q5QpQdW_Y
9a431802-668b-4024-bbf2-3e7b2b2b2e27,Alexandra,Johnson,8104175556,5629551490,jessica93@example.org,32k5rmGw)c
797597b8-7fab-4f13-a101-59b98ff6d1c8,Jonathan,Jacobson,5508987601,4508159665,malonekathryn@example.org,MK08cQn0)s
b58f3a69-413e-4401-aa4e-e20dfb2dc956,David,Gibson,6321463344,8888086263,nicolestewart@example.com,#XiND(faN9
30e8ba14-a9d5-4164-a07a-00cdd71678ae,Justin,Conner,5046194766,3222827473,beth54@example.net,89f8OfB3!_
365fa34b-365b-49e0-ac75-c6c522ae8740,Michael,Holmes,9840056593,2215172318,joannemorgan@example.net,*ykcTJfuE5
0db51633-70aa-451a-9285-cca2d945359a,Jessica,Reyes,7559647293,2969372716,lopezsusan@example.com,!&LoSkL*2i
5ea90f90-73dd-481d-bf45-b4a14df9b5d0,Robin,Beck,1522644141,4326722089,harristara@example.org,z@YvV$8l_1
00676722-5341-4006-99bf-c9941ff12eda,Ashley,Whitehead,6027698272,5375555888,caitlinsantana@example.net,6)6LicyLV^
bdc41e94-3428-49cf-ae76-712e80457b9d,Christine,Brooks,7681659887,4106481964,teresa91@example.org,pT9_w1Mm@5
90331862-00b8-4a6f-8b83-c23bfd6e15d9,Lauren,Mendez,4006095710,3543901792,gsingh@example.com,B&3HIwlw9e
10b6d829-8ebd-408b-90d1-c25769e9ea1e,Joshua,Moreno,9969679852,8515094610,cummingsmegan@example.net,wg+1ntKr+7
3cdc96c9-61d8-48a1-a2ad-123bac557105,Joseph,Austin,9255500885,6453556759,rhardin@example.net,)FPijWix7H
5d2acc4e-0760-43eb-abf5-32c4a3b09e6b,David,Williams,6619615932,9297228156,santiagoanthony@example.org,W)A)2Kz9%+
8ebd017f-6e3d-4298-a1d8-17ce38467304,Kevin,Fleming,2117389961,5455744363,katelyn20@example.org,_hHGpfD$g7
c9a436bc-a6ac-4ed9-be5e-e90e646e5974,Ashley,Hicks,4101993247,4465093020,michaeljackson@example.org,P#R8TKlJ!N
2c3c52b3-3436-48ca-ab12-3b95762ac1f8,Carol,Rush,2262250511,5683627071,floresbrittany@example.net,h8CH_V*g(m
b54cf435-18ca-46c2-b3a6-69cf4535ea93,Gregory,Harris,2336195297,2169278366,johnsonkayla@example.net,15E+fr%8&B
5cfcc13b-e1d0-428a-b830-132b03485115,Joseph,Bishop,4857532937,5654604212,valenzuelajennifer@example.org,#0v)IqT!d7
c2ed954b-dac4-418c-8e4b-623c0f4a01c5,Melissa,Berger,1753518829,7504434034,adammurray@example.com,^7&RWzJAtN
c7aa7875-b472-426e-bdd4-58b21d3f3cc0,Elizabeth,Duncan,8235317219,7086664699,shelly21@example.org,(5B1y5^^4m
655c6dd3-681a-481e-912e-2e01e10834d0,Jennifer,Houston,3173841225,2042206304,joshuamartinez@example.com,h_w7QwCe&2
4c5c6dc2-0376-4708-9699-0aaf26b3c703,Mary,Fuentes,7177779287,3124734656,victoria09@example.net,&0P4Uv9X48
10344bd1-01b2-4fbc-823b-5561eb8073cf,Richard,Smith,6521935171,4308511296,suzanne13@example.org,A7ivC3Gh@i
231932fb-91af-4e3f-9a41-b8db2ca73a1b,Brianna,Guzman,6791667364,5849113438,jessica86@example.com,L!m2vH)dNS
e151f3b1-7330-4dac-ad80-9675f8413f21,Jason,Martinez,9702848816,8868358944,smithmary@example.net,3_9C8twz)_
d7402f36-1cdb-4098-b897-dbb2e6c80657,Elijah,Odonnell,8857346548,6019514224,kdavis@example.net,+EOiJtZxH1
70f0e271-a33b-484b-a24b-c7feafda3ad0,Roger,Adams,1285783388,4285763100,aliciadixon@example.com,8e#7MIuTN(
641fd35f-1b0b-4791-aa26-366b24b47c97,Jeanne,Mendez,2238825912,7205815541,kristenpeterson@example.org,!4LR$e97Hj
1d5dc4ae-dad0-4daa-b1d7-196e82f7f260,Paige,Petersen,9717879792,5553759682,scottbrown@example.org,pD!6l2Odgx
4f265cc8-7cf3-4613-95c8-ac3e133fc775,Heather,Middleton,4577175299,8122661744,rprince@example.org,(67nLx%ZZu
fe31c073-f30d-465a-accc-f58cc13897bb,Michael,Lee,3762157391,7818352152,brandon07@example.com,D8HopKfD!H
b0fa3c6a-b8dd-4444-959f-ba64d28e336b,Laura,Carter,2221166879,9915106058,faith83@example.org,_)0TnGH#6v
81fc52b6-14ed-4242-8e22-0eb9227a8a03,Allison,Singleton,5334464528,3925348383,tmckinney@example.net,6pQK+uJa_d
e4a9c0bf-4fdd-40c2-b935-869bb8f8eaec,Morgan,Brooks,5191149943,4648735630,michaeldixon@example.com,(35TLlkPZ_
a49e4b91-7d84-4828-a870-47fd52099378,Michael,Hansen,8989870998,6869928690,solson@example.net,z@1_%H3nLp
ed16df28-0730-4df0-8bdc-4422f2509445,Tammy,Cortez,3845992457,9904966969,bbird@example.org,qNk0CC7n$6
ed4f07b6-5b64-453a-afae-ae1f648ec8c6,Linda,Martin,9673663478,8452791592,christopherkerr@example.net,!37I(Tzj83
c9893c03-8763-4dbe-93a9-795ab84ee1c5,Jesse,Morris,2866758017,8016889388,alicia69@example.com,$6TRTORfd6
089ea407-e626-49d6-aaba-46b77d1b6a1b,Megan,White,4932770281,6678689533,christinerodriguez@example.org,g+32PZ(oWb
94158e66-4414-4031-8c60-83e271dc396c,Michael,Davis,8549804337,2679432883,lwelch@example.net,u&OlC7Zp*8
c42f72de-2c8c-4afd-a20f-0b5e8880d184,John,Scott,6286035370,6945978305,franciskirk@example.com,Fa8O%3Qduj
372bb038-8c2c-48d3-a9d3-f6e2adac886b,Cindy,Neal,4448091949,9659869724,jacksonjames@example.org,f(^6#GAp!M
abb11c57-de60-4ed7-b9fe-1ad51d7bd624,Robert,Perez,8748273472,3663583554,jeffreysmith@example.com,dIL9w_cs8^
d5fa2281-b4c2-499d-9fa0-6eda4ebc513a,Brett,Ewing,7315183714,3302379353,nicoletrevino@example.org,WWB67KBr!b
0af93113-e612-46e7-af5f-4a97b67937cf,Timothy,Simpson,8050785009,5504875203,allisonangela@example.org,jc3%mUldP)
381ac26f-7f6c-4a91-8cd0-b124b879e316,Linda,Walker,2209023905,4999541115,econtreras@example.org,T(6j2Ugg17
020c342b-6805-4e6d-9978-5e977cfa6dbb,Krystal,Williams,8551138615,8987604322,eric14@example.net,CZ+g2UhdyJ
16a7a82f-c741-4147-90ce-545f950ed4c5,Courtney,Lewis,5310150138,7466882164,paulalloyd@example.com,S_Qh5(Lw&@
c8db41b0-5cb9-48ed-8a8c-80868f0a0004,Eric,Williams,4656836187,6962162577,barry20@example.com,%z(Zsk8$s2
76d4404a-b85d-4ec2-9030-16e2e55d3dac,Stephen,Berry,5234609578,6517609571,xhiggins@example.com,#1UEfvuOJ4
adf2acaf-9381-4074-8561-c9702e3658f1,Nicole,Romero,7822654266,8172843080,christinahawkins@example.net,!Y_0T3Qp28
b39e2aa4-c427-4b37-98a3-389d4f6ad9ab,Seth,Carr,9521306156,9748991442,millerjohn@example.org,P%VLi_mj!8
c565fb44-195a-495f-826e-ff53fd0bb68b,Charles,Whitaker,4933697162,5125843547,ebrown@example.org,@3RIlA6WeJ
c0f4d6d2-0e6d-475f-8a22-97fc3e73b332,James,Lawrence,6424835724,9475932651,rharris@example.com,FdH1Tun$Z^
a6c2ef03-886c-4824-84e9-9f127173f8c3,David,Thomas,4145806436,8815571141,velezanthony@example.net,4cDywZIo+x
532c8f86-0f03-4a38-ae7e-cfce72198e03,Kimberly,Dougherty,1306816570,6604184475,brandygordon@example.net,Im08Y9Gd!9
6eed6802-d9ba-4323-b2e9-71e59734cfbd,Monica,Townsend,9748433055,7534926153,mason74@example.org,S0WWWKux@t
653a093e-601b-4f80-8034-47a3631e3191,Olivia,Knight,4865378955,7852272768,tyler29@example.org,e5UW*z2u+L
a541d719-a227-4a6e-9561-e818e4a06a13,Natasha,Bullock,3311281558,9448909463,torresnina@example.com,!_Zx1$Mi(u
407feaab-ba1b-4a4f-930d-232c1f3a0f1f,Christopher,Perez,3839004406,4462171676,lesliestewart@example.com,Tbj3KQdf+d
aecb7549-4840-47f1-980d-12d5ec59010a,Cory,Smith,5381297015,5599582856,sean38@example.org,&P3hNot+Pd
fc8d0efb-2314-43be-b30e-23939ad10e63,Derrick,West,3955814135,3049185193,emartin@example.net,ra3#7GyJY&
d87b465f-b7d9-4851-b24b-58a590d4c08e,Troy,Perez,4989158976,3914729871,dhernandez@example.net,5^5S!^kCBK
392ea0b5-2ff9-45da-b7fd-27e9cc783de9,Jill,Lowery,8983500485,9753333833,vbaker@example.com,%0UT9$+ta+
f4aa603e-f8c3-4d14-96b3-201435d293ec,Tyler,Perkins,9934678538,2712561807,john82@example.org,)c43OiE8s&
9b0198db-d474-473c-855d-9ff85d129f12,Emily,Donaldson,7952892247,9427752557,steven43@example.org,+bMVKs(Vx8
2a6123a8-b50e-4b28-9e94-83542c717bbc,Stuart,Thomas,7116869566,7264618836,umiller@example.net,gR3N7mXqa#
19262aee-d89e-45eb-be7c-7b8b74baf2e6,Michael,Santiago,7535057983,9853689452,kevincherry@example.com,^7Xv(^V5#^
43d27101-1537-4928-a67b-5ec1ef3cbcb7,Anna,Kelly,7675369594,5679865895,fhanson@example.net,E%6U2(epC@
4cc78632-a1b4-4ee0-b752-140441e52a63,Teresa,Potts,2678856157,6499095651,seanbailey@example.org,*t^J7G%ixz
3e0e1976-519f-4dd3-ae27-02094a5e5247,Gavin,Pham,1279425069,7073277751,mitchellveronica@example.org,*5CXXB6qI5
184dfa25-4f0b-4ed8-b432-ea1f2317f17f,Michael,Hoffman,6639257240,5734544023,smitheric@example.com,(%Lc&6Ofa(
61b51264-9a79-41dd-97ba-e4f774e348f3,Michelle,Mills,2143513922,6472723611,cerickson@example.net,oq$0HmLsgp
316dd91a-7f1d-4b19-8700-d14fe32a41ff,Elizabeth,Gomez,1591683028,7385082118,deborahjohnson@example.com,$336P$wp%P
3276a005-6cdf-4c86-916d-e5a923aaca01,Melissa,Hayes,8763006372,8169132493,wendycoleman@example.com,^1ZA%V$m!C
f6efe373-76d7-45ab-935a-4412d54f08a2,Jessica,Green,5081552832,5837623348,andrew94@example.net,%H2OjJem4S
36eb2d97-3bbc-4e23-9af1-95f31396ebd5,Brandi,Wilson,7236438035,4667389542,chriswilson@example.com,3$CPx&Ei*4
db06b65c-81e4-4794-b3ff-b095d76149b2,Michael,Davis,4011429994,6074417904,ashley10@example.org,sfb&81Eth#
717f8dee-369b-4ae7-9a3b-8f74c100310c,Laura,Bennett,8127560732,7136188456,herrerakristin@example.org,T@j4k_n9jN
dcfcfa30-dd49-437e-a61d-3cd2f80cf68d,Michael,Orozco,4291082042,9208094961,karina95@example.net,%rpEpmyt4E
1865cd1a-8e51-42dd-bdf1-068afdfd2805,Cassandra,James,2549240440,3496421383,bergerchristie@example.com,a27PWXIr(I
38b236a6-9e0d-422b-9e9d-ad377eb2610f,Elizabeth,Johnson,2753570567,2055401132,crystalbradley@example.com,Lm2!NcVz!l
875622fc-9359-4cf3-b3e2-7b8f71318da3,Brian,Watts,9976396998,2412721768,joseph28@example.net,pgz8yYVc*W
f428fa55-194d-4c69-87dc-6c3855463885,Robert,Brown,2661465363,3246937796,mark98@example.net,U4$CgE@W!P
41e4993a-a50e-4594-9edf-e06f35819a5c,Jessica,Bell,1311954357,6893281516,wpotter@example.net,(Y1RbWiP%!
1864f1f0-3c2c-4193-a94f-ebed84ba4218,James,Williams,1046155695,3382802712,probbins@example.com,^Z63$Ec&Cp
7f7ffe9c-d400-40c1-b552-04b40b3761e5,Dawn,Reynolds,4737599337,4553109324,aliciawalker@example.org,L3Te1Uzz@J
1b87372f-588a-4791-8ba1-1384dc143085,Andrew,Ramirez,4324205204,6946639706,haleychan@example.com,GI4L8dbh@x
28fd7e8e-7206-435a-a03e-f053cf7b0399,Andrew,Robinson,7479651088,5996754882,kathryn52@example.com,*WDM7@OeL0
44fc059f-ed97-4166-afa3-2a93dddfd5c0,April,Meyer,9473246330,6415939656,hamiltonkevin@example.org,i5g5nGpF#q
7fb76333-7cd8-49d9-9bd2-666fccad929b,Sara,Winters,9369292160,5667861181,david72@example.net,(H!1Kuk#(N
686ebaa3-4c04-4511-a641-48f9d63392f1,Kevin,Douglas,4345511494,4644799278,richardsonkevin@example.com,^5F7l(Ut!3
bab5cd9f-093a-40cc-a5f4-f28a90bf975e,Jonathon,Osborne,5672922349,3865775338,amber44@example.com,tH05gtHu@P
c83dd15e-eb77-41a0-8ebd-ae7c99de0b7f,Wendy,Calhoun,9731156797,6323334236,frandall@example.org,epk@1(Qm^$
50623ea4-0742-4bb6-974b-eb0db1c2d0c0,Gloria,Harris,8137543699,2307975714,ryan68@example.com,5mFBP8Ur*l
c83cec97-fc0c-405a-ad42-5015f58000b9,Justin,Vega,5986096007,4892816282,anthony10@example.org,z)1CNTn(!X
5604452b-3ae1-4c43-96a1-c452649f881f,Ryan,Clay,6233415603,5866197422,kirk71@example.com,(2C7Dc9o$7
4a23d7bf-a989-4ea9-8d0c-38eda05f502c,Maureen,Harrison,1527111307,5049712116,hhenderson@example.net,(mMF0ih4Z9
9ec71653-a734-4a22-a566-54e33e209f4e,Sarah,Reed,4981727858,8124035400,sullivandaniel@example.org,!$#Qq1EbDC
40c44d4f-08c6-4066-82ab-c3e71055c28c,Michael,Knight,2615953227,4838037293,brockcarlos@example.net,O8tK7z6W^n
19b79f64-3ced-44cc-b403-17883dbc7f05,Anthony,Mccormick,2070841095,7877928153,karenthompson@example.com,$5lRKSZn@b
6e3b0b4e-4384-4630-927c-8fde4e140028,Xavier,Velasquez,5040260805,9268322659,hicksamber@example.net,_zQX2xa013
a2ac83f5-a4ac-49e8-a546-05afb62c70e0,Rita,Vaughn,9501554446,3427005606,egreen@example.com,01BuRp+s&x
bec30e8b-542d-4f1e-a9f7-84cddb311975,Kristina,Mcclure,6409601960,5228219882,baxterzachary@example.net,_T6L&WxuWU
69e504ea-f67d-4afc-8d0f-bcb08000acdd,Richard,Mccullough,4497941711,3719991017,ashleymichael@example.net,+jnJ3igd2K
9a83a1c2-0d34-47eb-a73d-253311aa8f8d,John,Gomez,4962731575,8793414213,stewartdarryl@example.net,u7&1Pm1$Gu
12e5aed6-1481-4832-b90a-7a3d5aababbd,John,Smith,6613463613,3584164599,vspence@example.com,%r86qAtq_C
7bc14386-4719-4caf-a2fe-39d238304549,Jessica,Hunt,5120175416,8704438598,jeffbates@example.net,!vfWMkv0L3
2b9ad9c0-6e28-465b-be15-b3bc16281ee3,Melissa,Leonard,3462709530,4395554903,victorcampbell@example.net,#ry97NBnm+
02d25f42-c33b-4621-a577-d3d0d1683218,Brendan,Guerra,7085067258,5513131960,briannafuller@example.com,b(%2&iGiV4
a33f918e-9584-4e7f-80c4-d0afb483d120,Alicia,Ball,4831925877,5709245060,marshtammy@example.com,%09L6Dkjr$
6a553e5e-54ac-4544-9c1e-bdf4775fe77c,Victor,White,1749983441,2106817868,dabbott@example.net,)2CGgZG$C#
42d33b1b-79f0-4715-8196-bcec184a3318,Scott,Ferguson,2949102120,7062363938,garyschmidt@example.org,&OVhzymcW7
a497692c-a260-499c-8fa5-a55c4338ad52,Joseph,Taylor,5286843621,9538512041,johnclements@example.org,$eRbAbiH#0
4f4b0c66-52b7-4b5a-9bc6-afa26361b811,Susan,Griffin,6573782016,3454533682,hollymendoza@example.org,8Z6L3UJrp!
abd45020-89af-48eb-8e3d-e17b80124bde,Jeremy,Anderson,4543395248,4024752624,zmaynard@example.org,o45ASnJhn%
af0babe1-476e-4f10-84f3-68e2fc5d814c,Nicole,Fletcher,9946873629,7167082969,elizabeth08@example.net,!i8D%(Dtf0
