id,charity_id,first_name,last_name,national_id,phone_number,email,password
915ef30c-8df7-4cd2-8a1e-8e6a1e87a8ab,213edb2e-3924-4051-93c8-4c1e98255e0f,Elizabeth,Pierce,3318094156,4616234570,kingcatherine@example.com,S!EwsPHR!4
c4f5bba7-83d0-4189-b985-a5c87609175c,213edb2e-3924-4051-93c8-4c1e98255e0f,Jennifer,Wood,9672396461,7954905084,kennethsims@example.org,&x8^)I(o^2
e1e8f24c-623c-4920-b7b6-d12fb93073b1,213edb2e-3924-4051-93c8-4c1e98255e0f,Robert,Anderson,9374672729,7534595665,christopher48@example.net,0mCFk%qX+3
9919c52c-59db-4a40-87ea-bf29bd7fac01,c588dc88-361c-48f4-81a0-561d13555213,James,Lozano,1178358047,5463975609,hharrison@example.org,$+4+YzzpWv
e7389eb4-d22e-40d8-b66b-37353ae83f79,c588dc88-361c-48f4-81a0-561d13555213,Dillon,Perry,7739992825,6198883695,jonathan94@example.net,oqQW5Tnia^
cb37e259-469e-4499-9296-45a7989812b0,c588dc88-361c-48f4-81a0-561d13555213,Carlos,Garcia,9627883802,2615064808,martinfields@example.org,+rPG8picR5
cbdf75d9-1743-4e0d-a713-5ffd864a7d5a,c588dc88-361c-48f4-81a0-561d13555213,Lori,Khan,7853371004,4475315815,timothyrodriguez@example.org,f*6IvxU*Nw
9fe2c85d-c467-49e0-af0b-04b2e880c894,c588dc88-361c-48f4-81a0-561d13555213,Christopher,Bowman,1761174817,6028064829,xrobinson@example.org,@)fW&4AiRI
d7f0d21e-4841-4bbb-b3d8-b1e9acbdfbcd,c588dc88-361c-48f4-81a0-561d13555213,Christopher,Nelson,5724428160,2874757945,terryerin@example.org,(+Wn84BAsl
fb2a70bb-7b61-4bba-92f3-8ed070956008,c588dc88-361c-48f4-81a0-561d13555213,Kimberly,Blair,7405100575,2959516250,hphelps@example.com,J8BRU^4a#g
962a030c-23ba-47be-b100-8f3112637152,c588dc88-361c-48f4-81a0-561d13555213,Christopher,Lopez,9548811106,4573371237,ruizelizabeth@example.org,%3V!VsQgu^
9bbf99c8-1187-4cd1-9de8-f62528c0a8a4,c588dc88-361c-48f4-81a0-561d13555213,Bryan,Diaz,8907877734,5908763319,vlin@example.org,q9mVKDkm$W
0a67e3f9-2816-489e-b1b0-af4e7a8e6543,e9bdc1d2-fd4d-4087-a500-c41c05dc2cc6,Tyler,Schneider,6940920280,2864982569,mevans@example.com,V*RGvsry$8
f0dd62f7-f2d8-4c0a-931e-756a5cb29d28,e9bdc1d2-fd4d-4087-a500-c41c05dc2cc6,Monica,Solomon,6242512125,9993096226,maryfitzgerald@example.com,f*!p2J%hAq
1f113aee-0887-493e-83ac-c6c6e78ad6f2,e9bdc1d2-fd4d-4087-a500-c41c05dc2cc6,Erik,White,9123580535,9047357203,frank24@example.net,s11GLE9c)f
70506c7a-8037-4d84-bc33-796023104a54,e9bdc1d2-fd4d-4087-a500-c41c05dc2cc6,Christine,Petty,6534861544,8496056587,sjohnson@example.org,7rpQ9FKs!J
22219ff4-e962-4c77-972e-f0fe837b9ee1,e9bdc1d2-fd4d-4087-a500-c41c05dc2cc6,Sharon,Davis,3458970959,2453719801,howardrobin@example.org,#VPZJhixT8
0b44f6f3-a3a6-41e8-8ebf-13294fb82fa2,c0a6ad8d-c8f9-4399-afd1-84bda0b9f3c3,Daniel,Rosales,7210563529,2676602232,navarrosteven@example.net,lzX4S&pHN#
e6f42bb0-5e71-4670-b536-2a9ff1d884e8,c0a6ad8d-c8f9-4399-afd1-84bda0b9f3c3,Erika,Green,6172383348,6585466872,davidtate@example.net,4MO+_ypf)!
7456253a-d330-4206-8d4c-0cd779aecfed,c0a6ad8d-c8f9-4399-afd1-84bda0b9f3c3,Charles,Odonnell,1493249909,4719179192,deborahheath@example.net,!jDv5NhhZj
8788e21b-6ee6-48e2-9992-1fa105ce138b,c0a6ad8d-c8f9-4399-afd1-84bda0b9f3c3,Michael,Hernandez,2072875523,2975996572,gflynn@example.com,$_Z^4BJw)j
40431f7b-532f-4a50-a87e-0d1854d3c12d,c0a6ad8d-c8f9-4399-afd1-84bda0b9f3c3,Erin,Lewis,8784477731,4798566911,fcarter@example.com,(QB4dspjN8
26d6cf74-dea9-485e-b535-28d6f26b03b4,c0a6ad8d-c8f9-4399-afd1-84bda0b9f3c3,Amy,Young,6892397545,8023977217,kathy25@example.org,XR7DV7vXM(
8bf31b93-3deb-4c83-b342-de35e364af92,c0a6ad8d-c8f9-4399-afd1-84bda0b9f3c3,Anthony,Ferrell,6725190559,3405063173,richardjordan@example.com,^eFtYQzNt3
ba4294b9-384c-4682-8798-a046b1a5f4e0,165f223e-f1b9-4fdf-8abe-a5951ff39eb1,Susan,Davis,1238987725,7926993087,villarrealvictor@example.net,qw^6pADpJd
22bea358-12a7-4823-a984-8995b1bcbb7e,165f223e-f1b9-4fdf-8abe-a5951ff39eb1,Kimberly,Swanson,6172634952,8705031464,richard97@example.org,9&5OXKld*1
5e6bf9ff-0d1a-4332-914c-8724634600be,165f223e-f1b9-4fdf-8abe-a5951ff39eb1,Karen,Cunningham,8230012550,2604499530,mariadavila@example.com,^AD6BJ*p(1
c3e51346-94c0-4c3f-8a3b-67c6980850e3,165f223e-f1b9-4fdf-8abe-a5951ff39eb1,Scott,Garcia,7379726888,8862624065,daltonwalker@example.net,$53CQwoFVu
71230655-618c-4ca6-9f79-7208508e5b09,165f223e-f1b9-4fdf-8abe-a5951ff39eb1,Seth,Martin,8644798273,6714553691,nathanbanks@example.com,)#gz3uOqqS
9b6329bb-c1b8-4273-b865-9a7757ba945f,165f223e-f1b9-4fdf-8abe-a5951ff39eb1,Gregory,Klein,6744294302,8063118293,browncarrie@example.org,^j^Koak3H1
b3a72e96-1648-4352-991b-a72c3daf8da3,165f223e-f1b9-4fdf-8abe-a5951ff39eb1,Gregory,Copeland,7296869161,2539432401,othomas@example.net,dqF5Ik#6A(
ec762bc7-522a-464b-8e79-168796926e48,165f223e-f1b9-4fdf-8abe-a5951ff39eb1,Robert,Zavala,8887596436,5254784987,goodmancarrie@example.org,$bKg_t4A4V
eabf1f29-4c52-4457-983b-229a477a3445,f1766f73-6233-4367-953e-1dce3af726c4,Sara,Alvarez,8026505449,7649573318,ericksoncaleb@example.com,$R8v1dUhL8
581f8c57-31fb-4a00-8d4a-657d4bf66eb0,f1766f73-6233-4367-953e-1dce3af726c4,Javier,Mcguire,5098307323,9636731080,mark81@example.com,^ZMLyuA4&9
649854e7-ef58-4fba-9043-b27dfc6471e4,f1766f73-6233-4367-953e-1dce3af726c4,Jasmine,Lynn,3276219139,3869041322,ogonzalez@example.org,@U3MaXo&fg
fab54c11-a2bd-4e2c-b1b4-7f85fd6ec55a,f1766f73-6233-4367-953e-1dce3af726c4,Kimberly,Rodriguez,8161930899,6928522991,shane16@example.net,Z4fSf!bo@#
add72119-387f-4d17-9ff9-cabc0d6ab561,f1766f73-6233-4367-953e-1dce3af726c4,Thomas,Reed,7003380802,6527676917,brenda23@example.com,$IhIhNxg44
baacf530-f8ff-434e-b590-bbe64757e662,f1766f73-6233-4367-953e-1dce3af726c4,Matthew,Torres,1862230068,8812818290,klineerin@example.net,h86))Mdj!*
4f91570e-2276-49bf-a7e4-89ad55ac2987,c72e1cf0-0fe2-4ce8-8766-35b99c6a1eee,Joseph,Short,1289294745,9837927090,rebekah45@example.org,$1qXDaovD)
3dc7aaee-fca9-4b0d-b4f9-77ae6b73341f,c72e1cf0-0fe2-4ce8-8766-35b99c6a1eee,Tamara,White,2059037691,5525599126,cjohnson@example.net,hAVQ0aKn+8
d0124465-d38c-44c1-b8e4-996a6437ca52,c72e1cf0-0fe2-4ce8-8766-35b99c6a1eee,Kimberly,Cummings,3000595295,5519846841,callen@example.com,%&5UlsIMwi
6ed4e7f7-6de4-434d-871f-228e206a8d80,65c8f7c9-bebd-4b07-8778-e43b9e2fbc56,Taylor,Bowman,7055186679,2926321966,xsantos@example.net,J50L#JXw_l
e9614339-82f4-4690-8750-c9f53e82a6ef,65c8f7c9-bebd-4b07-8778-e43b9e2fbc56,Jennifer,Weber,3740229759,5298433261,oliviarangel@example.com,_4!5FdIi*_
4df5d3eb-c3c5-454d-9041-08d0410cad97,65c8f7c9-bebd-4b07-8778-e43b9e2fbc56,Tyrone,Watson,6653115153,9894522296,jeffrey74@example.org,EC0nsCt4$X
2753ee4e-4874-43fd-9500-7e9bef407f4f,65c8f7c9-bebd-4b07-8778-e43b9e2fbc56,Debra,Porter,5867955247,2649431277,christopher26@example.net,9b1fQcE74%
e01d7e05-6417-4cf0-8af3-e033980b8a02,65c8f7c9-bebd-4b07-8778-e43b9e2fbc56,James,Williams,4051132850,4525971048,christine09@example.org,Rms3DMafK@
763dff6b-41cd-46c4-b6f8-6729712eab61,65c8f7c9-bebd-4b07-8778-e43b9e2fbc56,Connie,Hopkins,8686809202,6146023282,jasonclark@example.com,peZz9Cdr+2
f0d6c002-7818-4c73-a3c3-a823a023dc0c,65c8f7c9-bebd-4b07-8778-e43b9e2fbc56,Shaun,Fischer,6249982762,5625653349,nicoleperry@example.net,^!aR6TX!Gj
a50920c2-dd82-4837-a18c-7f37ad1bab27,65c8f7c9-bebd-4b07-8778-e43b9e2fbc56,Donna,Silva,3207918568,8832153968,donna25@example.org,ze8PY8Svi&
d70516b7-fdae-4731-a36e-e57ebcbb1a95,16d403e6-7a17-4d5a-af6a-269e4be4bd1a,Sherry,Harrington,3179840893,5412253365,jessicamiller@example.com,+2VkWF&w^j
573aae39-b69e-4523-b644-b1c19f387516,16d403e6-7a17-4d5a-af6a-269e4be4bd1a,Jeffrey,Hamilton,9427227479,5422038161,michael29@example.org,7)vx5OmpAj
c61d9732-02cc-4db8-ac9c-01d03a6b70b6,16d403e6-7a17-4d5a-af6a-269e4be4bd1a,Gail,Duke,8717288670,7975613221,jamietrevino@example.com,b#9wRuXi)v
f975ae8d-686e-4203-ac9d-83ef46f86974,16d403e6-7a17-4d5a-af6a-269e4be4bd1a,Austin,Duffy,2772410132,2005251394,willissarah@example.com,Q@4Gl(nC)b
9e9792a5-8200-424b-93d5-8164bfb5d420,16d403e6-7a17-4d5a-af6a-269e4be4bd1a,Natalie,Sutton,9944468488,4863958967,lestrada@example.com,@1qlb@Z%5n
f0aac1a4-6f06-4f05-8763-82ccc82440c0,16d403e6-7a17-4d5a-af6a-269e4be4bd1a,Alexis,Clarke,8170216687,2213539104,caseylauren@example.com,I@X3P!Sq4W
62c9899c-8f9e-457e-a35c-555025acc1f3,bad96223-6ad2-43ea-9a6a-e72a5739bac5,Sean,Crawford,5055760972,6639298356,mcarroll@example.com,V0fO5pb7(b
343f5bb8-36e5-42e3-8015-514886d32479,bad96223-6ad2-43ea-9a6a-e72a5739bac5,James,Becker,4144658080,9839097522,dchristian@example.net,x0L3BSwz&I
f4b5afa0-5396-4863-bd65-3d01aa34d581,bad96223-6ad2-43ea-9a6a-e72a5739bac5,Sally,Horton,9250547564,7167295155,brad65@example.com,(*KQ4zds9M
2514867b-82af-4c72-be17-54e4683958c4,bad96223-6ad2-43ea-9a6a-e72a5739bac5,Tammy,Rodriguez,9114182701,9347586059,lisa04@example.org,x2RsRACt^L
ce2c619d-95b6-40e8-b6de-de981a995c25,bad96223-6ad2-43ea-9a6a-e72a5739bac5,Sarah,Larson,7813633423,9845108382,nblackburn@example.com,*vy4ZficTL
bbc8a91c-2567-441a-a10a-449a88214c1e,bad96223-6ad2-43ea-9a6a-e72a5739bac5,Jessica,Solomon,9666651118,9007624206,fward@example.com,0y+41WKe$R
03d09293-a4b8-43c7-80c5-a14c1db3fcbd,bad96223-6ad2-43ea-9a6a-e72a5739bac5,Scott,Perez,1475550612,6373666868,lwilson@example.org,H8SDt@W*&X
86523dc1-173d-4f42-81fb-252aacf7649d,bad96223-6ad2-43ea-9a6a-e72a5739bac5,Tara,Park,3894468134,4335501950,maryscott@example.org,(91PyMzDoJ
eb9b63bd-dd3f-4542-8cc9-a1e15677419a,bad96223-6ad2-43ea-9a6a-e72a5739bac5,Elizabeth,Castaneda,6637778572,2894833854,jenniferthompson@example.net,)2EG_qmpy6
9b7bafe8-1969-474a-8f18-87839516032b,bad96223-6ad2-43ea-9a6a-e72a5739bac5,Tamara,Lee,7065753827,6817587743,justinmartin@example.org,D&89JJxGbn
dc60ef4b-186d-4923-9476-d5dfdd793025,8ed65fff-5e09-4a03-8deb-0cc5428f297d,Sydney,Hernandez,7734010497,8638182145,paulbrooks@example.com,Wc3Lqh615%
987d0df4-2956-4d64-83d4-72f5ee787e25,8ed65fff-5e09-4a03-8deb-0cc5428f297d,Grant,Huang,5987819450,4727475025,ocarter@example.net,@zAZ4zL)C7
ffd80f1e-9eda-4a46-a6d5-a0cd18a6177a,8ed65fff-5e09-4a03-8deb-0cc5428f297d,Heidi,Saunders,4131776067,3465091273,matthew40@example.org,(yKJc!2T9C
5b75cde5-a19c-437a-9825-6bb5daa873f9,8ed65fff-5e09-4a03-8deb-0cc5428f297d,Sarah,Wilson,8964551720,3594949093,mcdowellclayton@example.net,T@3pE!Awd8
9063714a-d475-4d08-8354-1fc9b6ef22ad,8ed65fff-5e09-4a03-8deb-0cc5428f297d,Kim,Lee,5402744479,5983229914,antonioharris@example.org,w7c&VZus_O
8bb2e8ed-a577-49b6-b0e2-9b8f1bce661f,8ed65fff-5e09-4a03-8deb-0cc5428f297d,Michael,Fox,7290474557,4978948302,linda93@example.com,zCrF4Usu!4
d2b5996f-82d8-4c9c-b2e7-87f8a2c16133,8ed65fff-5e09-4a03-8deb-0cc5428f297d,Karen,Holmes,1201801521,2317416430,brichmond@example.org,N@9WeFNx^s
b00aa4bc-98d8-4d38-9e75-4400d9830a7a,8ed65fff-5e09-4a03-8deb-0cc5428f297d,Robert,Thomas,6324294603,3857361087,ododson@example.com,Q9ag2pwo%5
1f4d94ee-311c-438c-a536-74d82e5a7008,8ed65fff-5e09-4a03-8deb-0cc5428f297d,Andrew,Figueroa,8593394344,3866793971,nicholaswilliams@example.net,2Urg5ZrsT*
fe72532c-1f4d-4c56-a3ab-28095d7a1c74,8ed65fff-5e09-4a03-8deb-0cc5428f297d,Trevor,Nelson,5534509737,8155461038,marcustaylor@example.com,@5ah2Xtmao
15fd67f3-25c4-4072-9ea3-58799a697a8b,659d061d-a99e-4bb8-8cdc-5a80b93adf95,Victoria,Myers,7835650672,4148036446,omyers@example.org,@%Dk3AK#i6
db0a05eb-f5e4-4582-874b-e52959e00bb7,659d061d-a99e-4bb8-8cdc-5a80b93adf95,Jocelyn,Davis,5114248099,4929388857,ygarcia@example.com,8pUL_GfN+7
8dc39407-faef-4d29-b2a4-c06543ee9adb,659d061d-a99e-4bb8-8cdc-5a80b93adf95,Teresa,Cardenas,9067000945,2483161721,cbarrett@example.com,hCZMj!cj+4
57a11a87-9d92-4667-b8ac-3c676bc1cfd8,659d061d-a99e-4bb8-8cdc-5a80b93adf95,Pamela,Fernandez,1937554715,8889871017,josecochran@example.net,j#25Kgdg8H
d8726496-4ba7-4f4b-9311-b670ae2c4663,659d061d-a99e-4bb8-8cdc-5a80b93adf95,Joseph,Wyatt,4510501234,6664009856,sanchezcourtney@example.com,A+5tHlof_s
c03546da-65a7-4ed4-8865-64c5407dc0d9,659d061d-a99e-4bb8-8cdc-5a80b93adf95,Jeanne,Velazquez,6646086752,8113436484,nwright@example.org,5t%YEInz%0
29e88b89-403f-4be7-b4c6-ce068dabba86,659d061d-a99e-4bb8-8cdc-5a80b93adf95,Christopher,Lopez,5785070457,6067549304,fdougherty@example.com,pDRe1EUxV!
c562f761-95c7-4e61-b1ea-8d11ccc792e3,68bf631e-16f1-4430-b394-36df8a1e3639,Rachel,Lindsey,3863017388,6266181644,mandy34@example.com,B6EL06Fe%z
abbad981-25e3-4e90-927e-533b8e035368,68bf631e-16f1-4430-b394-36df8a1e3639,Wendy,Berger,6440804005,5186987067,ghubbard@example.net,o^F^^H+t*6
e6c41c76-e4ba-489e-8b4d-b3a762cdac3b,dcb525f9-3e56-4d92-bff7-f25e5354ae06,Lucas,White,5413489192,4775941601,alexandra06@example.com,&a4&TtC3Xy
360fe029-4e87-4d0d-8a47-4c0033e900c5,dcb525f9-3e56-4d92-bff7-f25e5354ae06,Michael,Hodges,8130259051,6083625835,dsmith@example.org,@4+@_QbT9r
f8d061a8-0daa-4443-a912-61c8ca9de927,dcb525f9-3e56-4d92-bff7-f25e5354ae06,Matthew,Young,1577392578,7378886137,garnerjoseph@example.net,%1XFwcYg#N
198ff049-4af2-4f26-a9d5-b16023a612aa,dcb525f9-3e56-4d92-bff7-f25e5354ae06,Shane,Miller,8215894820,8494039029,kingamber@example.net,SA^1EqKq(y
817a2427-dc42-4caf-a00c-0b710a3a60ba,dcb525f9-3e56-4d92-bff7-f25e5354ae06,Andrew,Williams,1709791985,6222218002,douglasdavis@example.net,9ox0XycP&1
b8a7465b-caf3-45f8-8cf3-1d091b22d49f,dcb525f9-3e56-4d92-bff7-f25e5354ae06,Cynthia,Schmidt,1081883405,5842736611,gary94@example.net,$LINfTeUs7
8bacd7ea-3af1-4115-a1fb-7a18d2ea8ee8,dcb525f9-3e56-4d92-bff7-f25e5354ae06,William,Alvarez,4621458327,7483347203,michelle83@example.com,^w0dDg+f3*
d751a754-689b-4648-a0af-ddf517b7a7ef,bfbccd40-e46b-4683-ba11-213352b23feb,Christopher,Montgomery,8781955538,6296361705,william81@example.com,0%wgf2Sg26
07d5d8ba-19a9-4b49-b0ad-ee4ab4f5ac7d,bfbccd40-e46b-4683-ba11-213352b23feb,Nathan,White,2574798785,3998972467,elizabeth68@example.org,gXV6Nd2s@x
cbd3fc94-9fd5-4c15-abd9-7c3396bd21cf,bfbccd40-e46b-4683-ba11-213352b23feb,Amanda,Schwartz,8826415973,8237979333,nathan48@example.com,!)R0K+rpfN
2217273b-d385-47d9-a2b1-002774df6320,bfbccd40-e46b-4683-ba11-213352b23feb,Cassandra,Brown,4619769852,9727405652,sbaker@example.com,)JxwvSh4+2
89d6cace-8b1e-4af4-b628-44df4cdafb3f,bfbccd40-e46b-4683-ba11-213352b23feb,Tanya,Craig,2332186087,3509175505,coreypatton@example.org,$4I%kNg_Um
92720693-92aa-40df-a6ff-afec8aa64a3b,bfbccd40-e46b-4683-ba11-213352b23feb,Robin,Douglas,5617043421,7334239297,colematthew@example.com,_wU2Nn6GD5
a9e275cf-4d65-49ec-a74e-b6a223b10255,cbd86629-ec0e-46f5-9177-7c3a71c91f40,Adam,Sanchez,8181329363,6357199301,valerie37@example.com,9s7@2SyG@%
d0f91bbb-3813-4fa0-9c9c-0db337b76166,cbd86629-ec0e-46f5-9177-7c3a71c91f40,Victoria,Freeman,2848610774,7766701516,johnsonlori@example.org,+%81X%yIYn
a63bd9b5-bfbf-4ac7-b7f1-cf8579893cbe,cbd86629-ec0e-46f5-9177-7c3a71c91f40,Vernon,Castro,9190378136,5723479375,drew40@example.org,N_a7IXUEzs
e7a3503d-e123-47ed-bc20-978426faf09a,cbd86629-ec0e-46f5-9177-7c3a71c91f40,Rebecca,Rhodes,7612240587,4339504919,alisontate@example.com,&9NiZqe43w
b5fdf377-31b0-4399-944b-12960524b9e9,cbd86629-ec0e-46f5-9177-7c3a71c91f40,Lisa,Ryan,4095056193,6766956255,dfrancis@example.net,(quy(UTPT0
f66c0a1b-00ab-473c-ad85-bfff2c09bfb9,cbd86629-ec0e-46f5-9177-7c3a71c91f40,Matthew,Lynch,1685218430,6136187904,rebeccarojas@example.net,*foT0XHtlD
fb145f1a-bee2-407a-8443-c20e9ea9d03a,cbd86629-ec0e-46f5-9177-7c3a71c91f40,Jessica,Donaldson,7721531699,5944957559,leemichael@example.org,J+_8MFeWZ7
bf50c9be-2e02-4adc-a15c-5ba90ba7865a,34cd9924-052d-4c28-9301-e7d76ff576a6,Dustin,Joseph,3722013600,9769517562,lambertsamantha@example.com,b$3CF@ELuw
8e430343-56f5-442c-b450-0f0855115be1,34cd9924-052d-4c28-9301-e7d76ff576a6,Margaret,Martin,8846827598,8419561680,kyleleblanc@example.net,sY^N7mYyeo
5b32af15-0a04-41ea-ba31-86f6f235ce8d,34cd9924-052d-4c28-9301-e7d76ff576a6,Alexis,Chapman,6616423366,9707019015,bowersjessica@example.org,&4cEEqnQqI
46fcedf6-ea05-4423-bd6c-3b813aec9a81,34cd9924-052d-4c28-9301-e7d76ff576a6,Jasmine,Palmer,3108466101,2848492964,baileyangela@example.com,WzPR7T+j(r
2e5c6822-ef3c-4511-b801-e145d28b2db6,34cd9924-052d-4c28-9301-e7d76ff576a6,Justin,Thomas,7191114087,5959188361,bellalfred@example.com,FE+2We)3fo
127686dd-3274-4b3e-9727-f3cc7a421ee7,34cd9924-052d-4c28-9301-e7d76ff576a6,Dylan,Hunt,8876008888,7515975791,matthewalexander@example.net,P27(LJBe#1
0e1313d9-6da6-4de2-b05d-e0cb10a72c30,34cd9924-052d-4c28-9301-e7d76ff576a6,Katrina,Downs,6293442085,4102672816,abigailberger@example.org,e40U*$pO1+
9457d6e4-fee5-41c6-9b51-211e76895cde,34cd9924-052d-4c28-9301-e7d76ff576a6,Catherine,Allen,8466855283,5756381671,kylesullivan@example.com,_Y%48*Dkoe
994e3077-1c57-4966-8981-d3558ee7ffe3,34cd9924-052d-4c28-9301-e7d76ff576a6,Kristina,Evans,8017072216,4539674522,scott62@example.net,+H38fL4f7n
133ccca0-7bb7-4c41-975a-812c8315148a,34cd9924-052d-4c28-9301-e7d76ff576a6,Luke,Carlson,1055683346,6885422797,hicksdavid@example.org,)3CvAb5@wz
1bcf3557-6a8a-4178-baaa-89d296ea297b,ef750054-2f37-4289-a13f-0ef053d7adf7,Paul,Mcdaniel,5230481478,6604929497,kevinreyes@example.org,9f&I7Jfa*A
6ba514ea-c2e2-484c-a380-48fa1f1ca163,ef750054-2f37-4289-a13f-0ef053d7adf7,Carl,Callahan,4905596679,7225444400,johntrevino@example.net,Bk4jcSGs)p
ebacaf9c-4838-41fa-9ec4-e3b1746fd02c,28bd90c3-c328-408f-aefb-e43814b91a8b,Michael,Cooper,6071897540,7857929105,hudsonshelley@example.com,g_7Hov^&W)
19394cd3-84a7-447e-8bb8-2a5578391034,28bd90c3-c328-408f-aefb-e43814b91a8b,Lauren,Schmitt,5658233269,4592866523,katherinedrake@example.net,^0AG()fDF0
34d0a253-caeb-4ca3-ad24-d726deef6d12,28bd90c3-c328-408f-aefb-e43814b91a8b,Emily,Norris,1032943456,6623644567,gscott@example.org,b&5kLzedBy
126c5ff1-eb8b-4828-95c6-b1eefb00d008,677297cb-adfa-4b3b-b39c-77cd6f4929ab,Tony,Hayden,4432289321,4957599536,aarias@example.org,_1H8WF@iS1
00b70c2e-62f0-4b11-a197-e2ee60ad9e85,677297cb-adfa-4b3b-b39c-77cd6f4929ab,Jill,Davis,5393268538,2158217428,gregory15@example.org,F5i1Zv@c%s
9516ba6b-fdc3-432c-a10e-ff1c1bd947a5,677297cb-adfa-4b3b-b39c-77cd6f4929ab,Chad,Meyer,8095052265,2568421097,rodriguezrebecca@example.net,5ZHvp4v1^S
08ec892d-5535-4b9b-9986-a45be5f62c1a,677297cb-adfa-4b3b-b39c-77cd6f4929ab,Anne,Anderson,8869467886,8838088967,michael60@example.org,(5aJ1n$wh2
8c5b5ced-ed12-446f-95d4-393bac18a19b,677297cb-adfa-4b3b-b39c-77cd6f4929ab,Francisco,Jones,9852214770,2743419566,robert12@example.org,!eSFl*Obs8
8855d29f-f8bb-43a3-ae8e-9b1b5fa507de,677297cb-adfa-4b3b-b39c-77cd6f4929ab,Tom,Black,6240463565,7789882836,shansen@example.com,^64^n1GzOo
23c41497-9671-4256-b579-497d0bf709ca,677297cb-adfa-4b3b-b39c-77cd6f4929ab,Deanna,Adams,7649930921,6874546535,xwalker@example.com,*Z5sayZtR%
