id,first_name,last_name,doctor_code,major,phone_number,email,password,address,location_id,created_at
00282d63-db3c-48af-a545-7276ddd1dc25,Michele,Cortez,ZHOd-65811,Orthodontics,5607773432,jeremiahbell@example.net,qwu4M$hnj(,"0998 Courtney Knolls
Lake Teresafurt, ND 70070",1364123206,2024-03-19
050bf443-4d46-4785-ba74-8597f624097d,Sharon,Arnold,Qbbd-18914,Oral Surgery,8499002095,tylermorris@example.net,&0#Gewdntt,"23356 Cortez Plains
New Suzannestad, IA 49918",1364006067,2024-03-30
24d4a4d7-8b10-4a95-9286-a08fdf5172ec,Steven,Cooley,aXip-75290,Orthodontics,7127171002,newtonpaula@example.com,Ixx4iJbs7$,"888 Kimberly Corners
Owensport, DC 85708",1364023865,2024-02-15
09281173-31c1-449b-a6aa-008d79889756,Jessica,Jenkins,awFl-80268,Oral Surgery,4049755656,lswanson@example.net,^ebr6VFs&A,"510 David Bypass Suite 049
New Jamesmouth, PW 18409",1364258511,2024-03-03
9425a114-17ae-4d30-95a5-1100ed2018d0,Bryce,Cummings,WleS-45965,Orthodontics,2487325628,zacharymanning@example.com,43dH(5VeEE,"9668 Morgan Drive Suite 265
South Christopherfurt, NH 06405",1364006067,2024-01-09
d04b59ba-a1e5-4efc-b0dc-ffab9dda8d24,Nathan,Barr,mQeW-87894,Dentistry,9642281318,donaldsmith@example.org,iV8Qtok0c@,"1724 Knox Junctions Apt. 349
North Troychester, ND 17575",1364006067,2024-01-14
d6407e54-83f7-4e0b-8e69-73f685057c4d,Dustin,Clark,mZpE-46596,Endodontics,2213021771,pgross@example.net,$#ZE7Ntp^S,"973 Lisa Ferry
East Valerie, WV 54230",1364023865,2024-01-02
6883293c-6f05-4077-ae3d-0f8ccb6406cf,Daniel,Pratt,QGMV-55515,Dentistry,8509229310,jeremy49@example.org,@(0LK&xBP6,"854 Woodward Groves Apt. 161
Ashleyville, WA 15160",1364305026,2024-02-10
74732a95-7219-4ee9-844f-619841c40f7f,Laura,Malone,AZfu-76920,Oral Surgery,5977746078,joannathomas@example.com,*+I8FdtYzW,"7161 Hall Ways
North Marieburgh, KY 94607",1364023865,2024-03-22
8481bda7-1152-414a-9634-a302c6a7b422,Eric,Fuentes,uUGx-96650,Oral Surgery,7674311673,marcsmith@example.net,_2Wh!No2g),"PSC 0063, Box 5985
APO AA 69048",1364305026,2024-03-05
b5ad2412-3d3c-491b-a9e9-06b5cc17076b,Brenda,Brown,IjXW-69884,Dentistry,2667421515,timwells@example.net,6o1I7Pqk)8,"620 Martinez Inlet
Williamsland, DE 53513",1364305026,2024-02-17
4214745c-2cad-4dac-9a3f-360039a6f21a,Audrey,Shannon,gbIP-28521,Periodontics,5884448803,greeves@example.net,A53dI0Hdo_,"857 Cox Streets Apt. 479
Sherrichester, LA 00829",1364006067,2024-04-07
93362f97-9304-424a-9c8e-3fb7447e1fc6,Christina,Hoffman,Brnx-22391,Oral Surgery,7539722470,njames@example.net,^@6HZzzp@1,"419 Williams Forest
Port Tammyville, AS 80673",1364123206,2024-03-25
6d239063-8e12-4c05-ac01-38432f5be233,Kim,Wang,gBHy-06362,Periodontics,2863561484,jessicasmith@example.org,%7^9Pxw2j@,"1906 Ross Walk
Port Heathermouth, DC 36125",1364258511,2024-01-14
998595ef-b53d-4a16-8f41-d754e1bc2f1d,Cesar,Sandoval,aCbp-97205,Periodontics,2465783801,faustin@example.org,%8RIzyhQkO,"5792 Dawn Stream
New Michelle, IA 06039",1364258511,2024-03-03
9074b8ef-e844-433b-a107-60da68d07918,Samuel,Fuller,yrkX-30817,Oral Surgery,9077578563,whitekimberly@example.net,iRLa3RtuT$,"65215 King Vista Suite 951
New Gary, AS 48963",1364258511,2024-01-10
36d6692f-4b00-4ca4-a03b-733a70430eeb,Betty,Bradford,DrDX-95799,Orthodontics,8554708312,brownchristopher@example.com,f*3IDkEu_U,"697 Smith View Apt. 610
Port Nancy, NM 74451",1364258511,2024-04-03
5f56148f-7d3d-490e-92b4-6d719c1ea52a,Sharon,Holmes,DSAL-92132,Periodontics,8142354408,johnwillis@example.com,sg8$)ZWoU^,"8555 Michael Squares
Michaelport, MI 22220",1364123206,2024-02-13
fa8e1249-aa0d-441d-9884-8e8288cb7427,Gregory,Robles,PZpv-86966,Periodontics,2125473041,uweiss@example.net,DF4GncKt+W,"USNS Holt
FPO AA 63599",1364305026,2024-03-04
deb11b49-6c67-4e1c-b41b-af0b38823c94,Brenda,Rodriguez,ETTI-32376,Oral Surgery,7352746499,michealwagner@example.com,H1eKrbKa!*,"756 Morris Flat
Reynoldsmouth, WV 03004",1364258511,2024-02-23
be82bca5-b424-4545-a49f-81de4aeabaaf,Beth,Harris,tsbd-04985,Oral Surgery,3714537212,higginsthomas@example.com,16$OSUwt!P,"214 Johnson Wall
Stacyhaven, NJ 27804",1364123206,2024-04-04
956cd2a0-1392-4168-8751-06c78bd55f65,Ruth,Avery,ZtbG-55912,Orthodontics,8953521821,greentina@example.com,1c_wbKw3*b,"263 Whitney Track Apt. 731
Andrewton, DE 71887",1364305026,2024-02-10
0abe5062-be14-4aa2-94d3-5d1a70d907e1,James,Barrett,zMdz-07589,Periodontics,6392606873,williamsmichelle@example.com,*5CTuL4u^X,"20422 Latoya Rest Suite 478
Mariahberg, NH 20899",1364123206,2024-04-21
699446e9-bbad-40e4-8ba4-91896efe638f,Katrina,Vega,dkKw-37354,Orthodontics,6006981613,jmitchell@example.org,E3668Tgj&f,"4771 Watts Trail Suite 807
Andreaton, IA 18270",1364023865,2024-04-13
5346e334-ade4-463e-9e89-5b4ac3342f49,Dana,Sanchez,XxSZ-89596,Dentistry,5377868914,albertbrock@example.net,la0WX)Su(v,"5840 Bishop View
Michaelberg, CA 61571",1364006067,2024-03-11
d4256e97-fbb3-4740-a828-532b0d72318a,Mark,Kim,yGkL-12269,Endodontics,6959199296,richardmays@example.org,X%2G8sKnj),"1098 Donald Drives Apt. 702
North Lindsey, NC 50909",1364123206,2024-01-28
ea729baa-1591-4ab4-a05e-e22d2bcd1194,Cynthia,Ingram,JzPz-50228,Oral Surgery,9908927326,djohnson@example.org,WeVm$Xa7+6,"0943 Paul Vista Apt. 154
New Joshuaview, NE 44313",1364123206,2024-01-22
19725447-9cfa-4db0-9e71-ed266286bf0c,Mark,Wheeler,GKMC-67384,Dentistry,9059497135,robertfisher@example.net,50sGMn6a_0,"97377 Kaitlyn Corner Apt. 657
South Cherylstad, MO 05367",1364258511,2024-01-19
e125fcc2-6862-48e0-96cd-ef3519090f7c,Jeremy,Ross,EYku-71865,Oral Surgery,4116288910,falvarado@example.org,@66UpVz!Sx,"9941 Nancy Ridges
West Maria, MD 34504",1364305026,2024-04-05
1f05b5c2-9874-442d-8658-cbdaa8c2f158,Joshua,Martin,eErM-34999,Endodontics,6878956312,jacqueline13@example.net,*9Goc@_r&d,"01897 Norman Corner
Laurabury, CA 65315",1364006067,2024-02-15
969795df-89b5-4853-a38d-7a62ec489e99,John,Watson,xwjs-71122,Orthodontics,8614053735,robertjackson@example.net,u%a_jFpA(4,"433 Gibson Ville
New Erikstad, ID 02617",1364123206,2024-02-12
441390e1-12d7-4ec7-8beb-f7f407903b07,David,Mitchell,oMai-42354,Endodontics,5139893801,juliehale@example.com,_sZRI_L87I,"46627 Ashley Falls
Desireeland, NJ 42875",1364123206,2024-01-08
717a058f-4cad-45d1-9d3b-9ed87e119b7a,Evan,Collins,TJXy-85597,Oral Surgery,9383704781,michael10@example.net,%ub#YHojW0,"12508 Jennifer Estate Apt. 281
Lake Melissaville, ME 43024",1364305026,2024-02-18
22eff92e-48de-45a3-a117-43c18dd12c3f,Katherine,Bowen,rtPZ-18441,Dentistry,7628627125,julie03@example.com,4YIF2Jmu&!,"45869 James Road Apt. 567
Schneiderburgh, MD 17310",1364258511,2024-02-19
98cf3c8b-3787-4f01-8c60-955358b7ea14,James,Jones,VEsx-33780,Dentistry,7922141454,michael44@example.com,m6PpnY%8_6,"961 Gutierrez Locks
North Paulafort, KY 88620",1364023865,2024-01-02
ef8c4a38-3736-4a88-8a09-63310871542d,Steven,Knight,uMha-05882,Periodontics,5645359700,anthonymiller@example.net,$71f0@FxO(,"620 Harris Square
South Chloehaven, DC 36959",1364006067,2024-01-11
b7102427-9222-407b-811d-8efef76f08e7,Joshua,Daniel,vspB-86309,Orthodontics,3977058736,xrussell@example.net,_4zS^ljs*3,"34912 Ryan Mews
New Stacey, GA 82478",1364258511,2024-01-04
9452fb09-ce59-46cc-9b5e-bd70dc7ca9a2,Albert,Hopkins,oFZU-15691,Dentistry,8697215377,castillokevin@example.net,^y3Aatnb3g,"160 Melissa Forks Apt. 783
Tracyton, AR 95775",1364123206,2024-02-24
6f0313aa-0410-4217-896b-309eac3a1dea,Cheryl,Rodgers,rvld-79857,Endodontics,9388026409,nicholasjohnson@example.org,%Bf+XItp$6,"50103 Moore Brook Apt. 417
South Lauren, MN 94892",1364305026,2024-03-11
106f5bfc-b59e-4391-a87f-221b3e3c402a,Ryan,Johnson,bOIU-26765,Oral Surgery,7472036655,shawnawatts@example.com,)F4@pJ*nT_,"1139 Thomas View Apt. 285
North James, UT 56309",1364123206,2024-01-29
cc98e7dd-3ae1-438a-9bc9-aeb5e7c986c4,Lindsay,Mendoza,yiTo-80468,Orthodontics,3185714756,umaxwell@example.net,*%7EqIfO2G,"4717 Logan Shoal Apt. 901
South Marcshire, PA 78106",1364006067,2024-04-27
e6b3ef46-ba2c-4af6-a756-9b9f5b358c5b,Tyrone,Johnston,dlCf-85878,Orthodontics,6142411493,ronald40@example.org,96@N2DHbZg,"PSC 4718, Box 4923
APO AE 84780",1364258511,2024-01-25
72279acc-f4b0-4cf9-bc92-2c1eca1c9e2c,Sydney,Wood,RUzm-00557,Dentistry,8949361319,haileygregory@example.org,^zu3Zqb4nj,"93781 Renee Village
New Lorifort, VT 27212",1364006067,2024-02-27
14862e6a-bc41-4bf7-8210-a2bc4bcc56a9,William,Ortiz,CtIA-66239,Endodontics,7864042539,reyesjacqueline@example.org,T*X49XscLb,"9965 Cory Streets
West Jonathan, GA 61336",1364305026,2024-03-22
d03d2e4f-2b70-476a-a39f-7af79953c6ca,Andrew,Williams,NACA-53151,Orthodontics,7525157639,heathermays@example.com,(+TkyyvO0&,"3921 Schultz Ways
Cummingsberg, OK 66881",1364305026,2024-04-05
c558efbc-3226-4e50-91f3-4a9b0068d3c4,Carolyn,Bowen,ZoOz-91984,Periodontics,8944796367,ncrane@example.org,^(US!1Jsq@,"29711 Mccoy Loaf
East Jessica, IL 69547",1364258511,2024-02-28
a4e86c79-d2be-43a5-9377-17762627a8bc,Alexander,Bailey,GxkH-67062,Orthodontics,6602841486,wrussell@example.com,&@^VgS#KM0,"940 Velez Islands Apt. 157
North Stacy, NM 54176",1364023865,2024-03-17
8fa67b48-b218-4947-8f2b-9c17f369a86b,Glenn,Robinson,yOGz-96497,Orthodontics,8592434339,courtney39@example.org,(LZ0JzWH_6,"8534 Baxter Walks Suite 858
West Nicholasmouth, DE 15077",1364258511,2024-02-13
ec290dfd-ab5b-4852-92eb-0baaca2a1dec,Carolyn,Smith,pNOZ-47184,Periodontics,3703011070,twells@example.org,Z2OLXCeq!d,"8873 Teresa Shoals
Beasleyberg, MT 98277",1364123206,2024-02-28
ca2685bb-87d3-4ee4-b6a5-e7aa077acc7e,Joel,Reynolds,viVg-35085,Oral Surgery,4395087756,thomaspierce@example.com,!8DCmr^@(C,"258 Kim Cove
North Gary, AK 53174",1364123206,2024-04-01
2b2a3f36-ce07-49ac-9018-b8caec8140c1,Walter,Foster,ErXe-45798,Periodontics,2392916149,millerdana@example.org,)!jYQ0jr#3,"34198 Mills View
Juanview, NM 77510",1364305026,2024-03-02
2202e77a-dc5f-4e03-a046-7be2216d6f75,Darren,Daugherty,jdQN-22127,Endodontics,4889919454,brownperry@example.net,9$M8YGCNgj,"7466 Stewart Coves
Mariachester, AR 76152",1364305026,2024-03-30
65717c1e-fee6-4ccc-8e54-30022015e552,Megan,Travis,WYmK-82327,Oral Surgery,2237458719,perezdavid@example.org,ljMfCYEs$8,"308 Victoria Brook Apt. 639
South Dawn, AL 76649",1364123206,2024-01-31
d634df34-a53b-40c7-9ba3-065f89f3b014,Sonya,Martinez,NWsO-51672,Orthodontics,3517978695,heatherschultz@example.com,$F*Txuw$Q1,"59036 Heather Manor
South Alanmouth, WA 90873",1364123206,2024-04-17
aca2346d-dae2-4dd2-8bae-573b37c81d89,Michelle,Bowman,rFgs-25505,Endodontics,4637353052,beverly96@example.com,u^b1AcnF#O,"006 Anderson Route
South Robertmouth, NH 00958",1364305026,2024-01-27
a703ccaa-2bc9-4463-8e3f-96d7b80597ec,Cynthia,Wang,jkHo-60002,Oral Surgery,4196128509,meaganhenderson@example.net,GVEWWPkA#3,"3925 Garcia Lodge Suite 470
New Sandra, LA 21558",1364258511,2024-03-29
62e77fa0-34ae-41ec-9d45-fd59b7355d98,Yolanda,Nguyen,eqLh-56281,Orthodontics,2955451542,jamesjames@example.net,$7UN0FdnGt,"6204 Kennedy Streets
New Kevin, GU 98334",1364258511,2024-03-01
94b82bd6-1216-4f08-9d1f-bd014c21624c,Michele,Myers,adOM-72009,Orthodontics,4199186726,wrightemily@example.com,*1+7iIOtPC,"84655 Lyons Turnpike
South Brandi, TX 61946",1364258511,2024-01-14
68ff59c2-d3c2-4767-ad3d-17fd4fb6e564,Sharon,Collins,WdaA-99707,Dentistry,8229147274,jmoore@example.net,G&1ZPBZrtn,"6335 Williamson Track
Davidfurt, MN 17550",1364123206,2024-01-01
9cda98c6-8441-4048-829d-3de45c96a057,Heather,Martinez,wXee-60425,Periodontics,6343107111,hbarron@example.com,$4)sjTz+(#,"3285 Pacheco Ramp Apt. 983
New John, NE 79709",1364006067,2024-03-23
ddaab68a-823d-4c80-9066-425bd07375e4,Nancy,Bradford,mlez-65640,Orthodontics,7897193112,wlong@example.com,$^V8Bgvj5a,"USNS Rodriguez
FPO AA 34129",1364123206,2024-02-11
d030e906-9fdb-461d-b340-67369d484a55,Christopher,Harrison,mLyM-65763,Endodontics,6354402254,michael45@example.net,$&178MbrWI,"158 Shannon Rue
Greenfurt, WI 15289",1364305026,2024-03-04
7247c2e7-de39-43eb-8877-651e9d3cb920,Derek,Gates,OeUi-99221,Orthodontics,4846351672,garciarenee@example.com,_1J551^lz0,"226 Terri Glen Apt. 091
Port Tinafort, PA 94607",1364123206,2024-03-06
4e647128-625e-474e-96e6-0f3af9ab10ae,Sean,Lyons,Cved-31201,Oral Surgery,3297743718,claudia31@example.net,%H$7Gaj&gE,"14745 Matthews Forge Suite 994
Carrieview, HI 45635",1364006067,2023-12-30
ccb112b6-72e0-44bf-895f-9c8de3f72678,Justin,Harris,LlKx-47498,Endodontics,2354115835,bryantbenjamin@example.org,+xc6J$wl7+,"384 Joseph Tunnel
Hillville, LA 85123",1364006067,2024-04-01
1d48d48d-27c2-40c8-883c-dcd72b6c1647,Stephen,Morris,KfyW-49795,Periodontics,5196636059,ashleyrussell@example.net,mTCy1Hjm1_,"69507 Armstrong Trace
Fisherberg, TN 67977",1364123206,2024-03-08
dbce7dd6-5846-44fa-9564-1c489ea850fb,Scott,Higgins,wqpz-45891,Periodontics,4273137773,johnnyramos@example.net,eX3sHGSw)c,"1960 Thomas Forks
Trujilloburgh, AL 32587",1364006067,2024-03-02
787ae0a8-3b78-4c19-befd-abf803e57ea5,Natasha,Ball,yPGQ-48624,Oral Surgery,7192145522,robinsondana@example.org,Mf1KlE#L+&,"24801 Stevens Village
West Angelaland, NH 84661",1364006067,2024-04-01
fa5a7408-03af-4a13-beb9-e0015d1cd85f,Jennifer,Love,Vrbh-49564,Endodontics,7068517358,otate@example.net,5hK2Ysm0_F,"25506 Samuel Extension Apt. 845
North Margaretfort, LA 19374",1364123206,2024-03-26
b6517c1b-7e54-4d71-b5a9-d7ad15e0593b,William,Hood,BNVj-82992,Orthodontics,4516374306,melaniebennett@example.net,_8gaHPLiEP,"601 Lee Views Suite 430
Martinezburgh, NY 41917",1364023865,2024-02-06
4dd7f7fe-aaf4-4fbe-b632-5b79c77c9df8,Joseph,Rose,MxIE-94730,Oral Surgery,9189428103,klevy@example.com,h8Q(X^wv&m,"9997 Russell Club Suite 303
East Codyton, SD 95806",1364123206,2024-01-04
f594ffab-91c5-455a-8da1-ea3c30ae471e,Emily,Long,XpKG-49928,Periodontics,4748634902,johnsonjacob@example.org,O8PP(6vI)1,"PSC 5672, Box 2014
APO AP 21632",1364123206,2024-01-25
34630a2f-9752-4e4b-aaa7-41ce441eea88,Chris,Hale,LEvK-80703,Endodontics,4145185393,gardnerkevin@example.net,^LfBBHOzS2,"6993 Melissa Ferry
East Jesseton, GU 05743",1364123206,2024-02-29
ac3b2f09-6374-4b26-a507-e23a0da9a6c1,Anna,Moyer,MdNn-98764,Dentistry,5333181564,smithkelly@example.com,)$ARN#Ljk6,"96278 Woodard Keys
West Jessicaview, SD 05889",1364305026,2024-03-05
8c551ff0-1bf4-4543-9432-2e7a52060525,Dana,Gay,TDMs-13567,Oral Surgery,9668674502,cunninghamclinton@example.net,0BSAv_(l$t,"86113 Nicholas Walks Apt. 619
North Brandonhaven, MT 39224",1364023865,2024-01-12
774229d4-29c6-4c4b-89cb-c16ad05ab5d9,Nathaniel,Meadows,hnSv-66054,Endodontics,7633657801,preston26@example.net,vuKK!PGw!0,"50140 Lucas Grove
New David, MP 84989",1364258511,2024-04-23
cec22cfe-9a2f-4429-a023-3bf1672428e6,Jason,Landry,cEni-32213,Oral Surgery,2493242849,userrano@example.com,G6MqkISB^$,"72350 Marissa Ville
East Julieport, GA 21030",1364123206,2024-02-22
92ddce74-5668-4453-8ce6-4e986437e582,Amber,Ruiz,BnBR-97836,Periodontics,3807159390,erin66@example.net,N4g#DyDD*&,"320 Steven Street
Larsonmouth, PW 93814",1364123206,2024-02-21
cef1b46b-4114-4ea1-bc57-be89da103b9b,Oscar,Bell,UbGG-70392,Endodontics,8988295613,gloria09@example.net,^q1cfP9m4S,"1095 Myers Circles Apt. 419
New Leah, IL 31337",1364305026,2024-02-01
f11d7d5b-6a8a-41cf-b9a7-3018834f1a28,Michele,Sandoval,jMHb-23635,Dentistry,5676852077,christopher98@example.net,+4xOEQre43,"8240 Ashley Forest
South Candaceborough, VI 41735",1364123206,2024-04-15
4d871324-d47e-45be-b1ad-12febd332742,Mason,Martinez,qQbZ-81049,Orthodontics,2452779887,emilyriley@example.org,R#5DHknkum,"43815 Lauren Meadow Suite 640
Johnsontown, TX 71422",1364023865,2024-04-16
400d16fb-2bea-48b4-8a9e-4aeccf4d85a2,Kim,Gibson,bETr-22252,Endodontics,4224892781,wbrown@example.com,2tDcHrXH_V,"315 Duncan Terrace
Arnoldville, MT 96164",1364006067,2024-02-07
b76801d4-42e4-4c4d-b1b2-54ce160094d1,Nathan,Novak,iGlv-71569,Endodontics,9494916126,jeffrey65@example.org,09%$9YDy6%,"90933 Roy Fords
Anitamouth, OR 74494",1364258511,2024-03-02
e37cbbcd-dd2a-4789-bab0-3b56168abe24,Gregory,Goodman,EdoZ-76638,Periodontics,8247322300,misty79@example.com,F1*lJv!f^G,"144 Andrew Throughway
Rickfurt, FL 16920",1364006067,2024-01-07
64d43568-8251-478a-a656-0085040247bb,Gerald,Jordan,SuRd-60942,Dentistry,2836484793,jbarnes@example.org,%3j&Vk$VWO,"00195 Mclaughlin Springs
Chavezburgh, CT 73113",1364006067,2024-02-12
20f47581-b378-49df-8c07-285f78344d7c,Samuel,Meadows,Wbtm-69857,Periodontics,6993428262,alannguyen@example.net,)&(3&W8mm8,"2722 Angela Isle Suite 255
Conleyside, FM 73637",1364305026,2024-03-16
646678c0-a6e7-4ca2-ba51-79c823a26c1e,Mary,Mckee,fcQZ-65883,Dentistry,7728826835,wilsonstephanie@example.net,WN80My8c@(,"625 Perkins Village
Carloston, ME 93317",1364006067,2024-04-26
d1185516-e356-47a9-9c3e-a8b9312391c7,David,Anderson,ALJb-88447,Periodontics,2593163420,jenniferduarte@example.org,77VhR&W!#Z,"3354 Cindy Village Suite 775
South Paultown, AR 84644",1364123206,2024-02-18
6c8c822b-1d0f-4ed7-8efc-84baa04b36ec,Alison,Collins,DskL-84239,Orthodontics,7176961715,amandaking@example.org,$bV3OmHW_S,"7091 Patrick Inlet
Jordanville, DE 06243",1364305026,2024-01-24
3a637754-fe53-4d66-b164-fa00cf596f57,Daniel,Turner,wsjL-55671,Endodontics,8978526348,michael34@example.com,f6Mmuvt&*+,"4426 Shannon Lodge
Williamsview, IN 53927",1364258511,2024-04-12
f63d12b5-2f5e-4fee-92a5-32a652807ec2,Brian,Williams,nGIs-52759,Oral Surgery,2778869507,cody14@example.com,412QF$yN$_,"484 Scott Union Apt. 704
Port Christopher, KY 70902",1364258511,2024-01-03
605d38e6-0227-4556-b7a6-23bf78904ea6,Alice,Rodriguez,kFKn-51475,Periodontics,8939677111,ernest47@example.org,R1DAZrl@(4,"5083 Jennifer Gardens Suite 228
Hollyland, NH 96791",1364123206,2024-01-04
7eba16c7-3b51-4210-80c5-46d3e41df060,Christina,Turner,JZEm-16770,Periodontics,9196472909,erica84@example.net,xqOu0Hh1(Y,"965 Miller Freeway
Christinaview, KS 96431",1364023865,2024-03-21
f63c9759-34f5-4503-9b1d-c1563c9b9414,Phillip,Romero,WWCO-34083,Orthodontics,2583646695,hwong@example.org,E(3nG&ke(x,"24768 Timothy Ville Suite 427
Lake Nathanburgh, DC 32713",1364258511,2024-01-01
1d3c6555-101a-4f47-a54c-236df3db8d52,Joshua,Brown,QWDZ-41195,Endodontics,4176343408,michael23@example.com,H2BzFqD7_9,"16874 John Knolls
Sharonville, HI 67544",1364023865,2024-04-15
ed50311a-044d-479c-be2f-8fb0dfde5329,Maria,Riley,Zwor-70173,Orthodontics,3253659593,martin95@example.com,n%9**gfK0B,"475 Mahoney Square Apt. 714
North Mariamouth, VT 41629",1364023865,2024-04-05
d2289501-0b31-4056-9a45-493cd3067c63,David,Morrow,usHM-79017,Dentistry,2295139492,mortonnatalie@example.net,yM00vpzrv+,"68205 Sarah Vista Suite 803
West Christopher, RI 51057",1364258511,2024-01-11
ed7d0aea-ea57-4fd4-ac33-76d6cbbbf4f2,Thomas,Chapman,zxIe-89334,Periodontics,8509008008,joshua81@example.com,$zfRm9Esw*,"61650 Jody Drive
Peterton, AK 87225",1364123206,2024-04-04
38e5d8f6-9e74-4993-816a-f7b4e1a48826,Sharon,Weaver,WxJG-96743,Dentistry,4724378389,tylerchase@example.net,#@c&IXZw+2,"877 Garcia Rest
Baileymouth, GA 86190",1364305026,2024-01-23
6c964f92-a220-46af-8b23-cb3a17142d16,Laura,Lowe,FRmx-59147,Oral Surgery,7856058567,stephanie06@example.net,MnC&3O@x@9,"Unit 9320 Box 3957
DPO AP 03611",1364023865,2024-02-08
0670d90e-d28c-4584-bacc-aa2a2057f10e,Jenna,Orr,cjlr-44877,Oral Surgery,9179515012,yrios@example.org,Z6n!Kl!a&*,"039 Bobby Plains
Wagnermouth, WY 38448",1364258511,2024-04-04
5eee9c80-2bed-47bf-86f4-73a71d2e5afb,Samuel,Schwartz,VrOx-66639,Orthodontics,4754407644,brent04@example.com,+Z)2l_Wv0F,"USNV Ryan
FPO AE 57785",1364123206,2024-02-14
503fe880-76e7-4aa0-a55b-e3a3bc9955e5,Donald,Lewis,mGIr-32872,Dentistry,7596598881,gregory45@example.org,_0Oko(x6$f,"927 Bruce Manor Suite 841
Colestad, RI 82730",1364258511,2024-04-19
d43acbec-3414-445f-892b-df4052351d06,Aaron,Mitchell,CJrI-98643,Endodontics,6292177757,thomas61@example.net,p#kX3UwvN@,"926 Johnson Fall
West Lynnmouth, NJ 29970",1364006067,2024-03-27
f51d4c6c-7a9c-496f-a712-971147093e9c,Jonathan,Cowan,cTIf-95358,Periodontics,3107921673,delgadojoseph@example.net,M*j6kTMdWt,"953 Hill Groves
Josephmouth, PA 09667",1364258511,2024-01-11
f3e3415a-bad2-403e-9f54-d3e65fde8eb6,Jessica,Buchanan,APeI-65165,Periodontics,8069331056,elizabethdavis@example.org,l63&d2Oi^@,"7975 Kenneth Gateway
Richardchester, FM 61757",1364258511,2024-01-30
31953b93-db92-460b-9214-036185004c65,Katherine,Costa,NtQB-10410,Orthodontics,4526591806,jillmontgomery@example.org,f10zgiQf$J,"94045 Valerie Camp Suite 382
Lake Michelleside, ID 99688",1364123206,2024-04-15
c00d3eb6-ca65-4738-bf73-1bf876cf9cc5,Wendy,Garcia,xacU-10125,Endodontics,4565622698,tbrown@example.org,t_$3O3(lGV,"7517 Curtis Loop
South Alejandrohaven, RI 22627",1364305026,2024-01-28
40f2eb9e-6fd6-4af5-a360-c44ac7f55094,Vincent,Walker,iBJP-05087,Endodontics,5545369707,adamsjack@example.net,#zPfCWp%1Z,"2227 Kevin Mews Suite 648
South Drew, KS 93416",1364023865,2024-02-03
238ec01a-6671-449e-b4b7-56f9efe087a4,Richard,Jones,gjpy-18396,Dentistry,6685672612,clarkmary@example.org,8EyiOcxa+6,"981 Adkins Cove
South Joseph, FL 57025",1364123206,2024-01-03
4ac80bf0-ca9a-4ae9-8230-76feb34384db,Lisa,Hammond,YiHs-15968,Dentistry,2908171635,burgessrandall@example.com,A7tYjMQy+2,"4270 Morrison Row Apt. 921
South Williamview, SC 07372",1364258511,2024-03-31
e3f9aefc-0d05-4db3-b601-dd5e681e8250,Marissa,Moses,GjLj-75616,Dentistry,6553772554,chadsmith@example.net,WG6HchjE1$,"636 Garrett Port
Velasquezview, WI 35584",1364123206,2024-01-19
8e669939-0576-4a2c-aac6-01a131596828,Caleb,Bates,IBFy-39858,Oral Surgery,7374485974,xcarr@example.org,z$6#Xclp1#,"USNV Lee
FPO AA 21143",1364123206,2024-02-11
252c0875-835e-4696-8bb3-d7240de86d45,Brett,Fields,xwaZ-73136,Orthodontics,4315262050,swansonmichael@example.com,6xpBqqB1+7,"76861 Johnson Flats Apt. 395
South Jenniferbury, IA 93974",1364258511,2024-01-26
51344cb9-c113-4857-87cd-5c92f049f384,Alexander,Donaldson,CeNd-32699,Endodontics,2856359736,kirsten44@example.com,MABO3INqv*,"113 Nolan Terrace Apt. 365
Patrickland, MN 76012",1364006067,2024-01-27
5eace6ed-e602-49fe-8f57-93a6dc26b0d5,Brenda,Webb,WvrQ-03249,Orthodontics,6467429979,joshuawebb@example.com,Pe81HwhFO&,"191 Jessica Park
Port Brianborough, SC 05680",1364006067,2024-03-26
e4ac496e-ce4f-4fb3-a648-cbe945a8393b,Brett,Dunlap,XXDp-39662,Orthodontics,9252337413,fuentesmicheal@example.com,&@lvh$weY2,"PSC 2259, Box 7737
APO AE 81407",1364023865,2024-04-23
30cfa502-226e-4b19-947a-8b2cc88dcb3e,Leslie,Gallagher,cXDH-47957,Endodontics,5049061158,faulknermichael@example.com,B09I@Tuu&a,"1946 Stephen Plains
Edwardberg, MT 57219",1364305026,2024-03-14
d4299b18-31c4-4552-8199-2125d5ebc139,Yvette,Garrett,seDh-34122,Orthodontics,7276024600,charles00@example.com,1)qDBEnB^W,"PSC 9643, Box 1694
APO AP 26074",1364023865,2024-02-13
b512dd52-58b1-4730-8fa0-02a1392ce0c6,Scott,Thompson,lUUE-73927,Orthodontics,3476812485,rodneylee@example.org,*NIGzONt4U,"346 Brad Fort Apt. 456
Lake Jennifer, HI 90437",1364305026,2024-01-03
db3c7e98-4ec9-4877-84f0-4bdb639369cd,Brian,Berg,ojFb-36495,Endodontics,3285117309,kaitlyn30@example.net,q(9@NXKwSE,"192 Derek Spring
East Joshua, NE 38312",1364258511,2024-04-23
646f7698-509d-414b-8d47-b438f10aeb82,Lindsey,Jackson,NViX-28589,Oral Surgery,7187896991,kelly97@example.org,(%T^2ZfzZ!,"70831 Patton Isle
West Heathershire, IN 20068",1364305026,2024-03-21
5ab9611d-634f-46cc-aba2-6965f70c21a5,Jason,Turner,jTwT-43442,Oral Surgery,3744777320,ggraves@example.net,JZBDF2udO(,"0768 Daniel Islands
North Tonya, DE 09836",1364258511,2024-02-14
f921a8f6-a2d6-41f8-8bab-2055c977c7d5,Kayla,Hart,svvk-94234,Oral Surgery,3216195525,uhood@example.org,%bHktL0c&0,"6764 Chelsea Isle
Simmonsside, NH 29404",1364123206,2024-04-04
a0fbff09-e3ce-4eb5-b12a-80461348b700,Leslie,Tran,tmDS-37434,Orthodontics,5092432774,kenneth73@example.org,!5Ek49niDA,"0926 Carter Neck Apt. 270
Lake Douglasmouth, UT 94497",1364305026,2024-01-30
25d5ba4b-6597-4ff0-a4b6-adc81dc62a3a,Brian,Gonzalez,CCQk-85387,Endodontics,3199465487,okrause@example.org,$C9LgZZaN+,"21449 Phillips Mill Suite 887
Andersonton, AZ 31635",1364123206,2024-04-26
21de2c3a-7535-4535-9526-09f33a43c41a,Veronica,Wallace,tumz-23218,Endodontics,7512505890,peter02@example.com,q4TbuWnz$E,"89871 Lisa Park
Brewermouth, WY 92282",1364006067,2024-03-24
13199a59-44b9-4cae-81fd-38d215c04959,Timothy,Jones,uPsd-21147,Oral Surgery,9835126530,amber16@example.net,tTh5HNda+X,"97141 Sanford Overpass
Michelleview, OR 20070",1364023865,2024-04-09
4ec972a9-f4e8-469e-aa1a-631768146b98,Amber,Schultz,HHtk-84860,Endodontics,4243051581,karen61@example.com,^CSql$!uk6,"296 Pamela Valleys Suite 396
Leonburgh, ND 43941",1364305026,2024-02-15
82569dce-2db2-4560-b36b-77cc3e0c4b0e,Terri,King,zEtz-85265,Periodontics,3045677176,nbowers@example.net,hH5U@p5tM),"326 Cody Fields Suite 828
North Shelleymouth, CT 74647",1364006067,2024-03-21
fe2defe3-ab9e-4b39-b988-e3749121773f,Catherine,Harris,DVko-61500,Oral Surgery,7938981985,angelalambert@example.org,G$*9DhDhzd,"03589 Theresa Mills Apt. 459
Port Lisa, IN 26561",1364023865,2024-01-31
6f365aa3-fd98-4103-a594-8710f9f96f67,Derek,Stark,bUzr-04278,Dentistry,3537847073,jasonkeith@example.com,R5aFw_tr$7,"8606 John Land
New Barbara, TX 43830",1364123206,2024-01-17
3de4d66f-8aba-4b3f-9710-409f73c6eb0f,Veronica,Smith,ajcT-71574,Dentistry,4316273961,murphytammy@example.net,rp$9M1Cic&,"USNV Larson
FPO AA 02880",1364123206,2024-02-11
bb7fec2c-4e89-42d8-809f-3816b730ecdf,John,Preston,NcEj-26567,Endodontics,9356936862,danieljacqueline@example.org,@0BEbHAqtP,"PSC 5439, Box 6201
APO AP 66958",1364006067,2024-01-02
42dabe40-ed76-4959-b7a2-ba7e5c646f8d,Jeremy,Barrett,fxaA-57998,Dentistry,4938778504,alex28@example.com,5gNN5gzJ(p,"93405 Juan Forest
North Jenniferton, DC 01940",1364006067,2024-04-05
332d6518-a92e-4d5b-a476-88290b13fd03,Emma,Morales,WneF-57322,Orthodontics,5477329643,kristenmoore@example.org,#2vB&Zev+m,"7687 Lisa Pine
North Edward, CA 12802",1364258511,2024-04-14
1868425c-28e4-4f8b-ab08-acd0406cfe85,David,Serrano,HwFr-69004,Oral Surgery,6227135890,tcross@example.net,!GVqqDc1d3,"4329 Berg Shores
East Anthony, AR 90916",1364023865,2024-02-11
940e4221-82de-4d76-82e6-1c5e58cbd0d1,Richard,Harris,SxdM-99547,Dentistry,5044732135,zbryant@example.org,!tUlrFTB+0,"Unit 3986 Box 6159
DPO AA 38581",1364023865,2024-02-10
c8077e92-f0e5-48c9-9706-cf45e5608048,Melinda,Moore,VUjw-88033,Periodontics,3285097716,dawn26@example.com,3MjwHRwD)T,"42830 Emily Passage
Port Steventown, DE 60718",1364258511,2024-02-14
6c257874-07e2-4f3c-8446-642ebed6e9d2,Laura,Davis,qCzq-84515,Dentistry,6436678976,ucampbell@example.net,8XWOsw1C%v,"758 Cain Highway Apt. 806
North Barbarachester, AR 69792",1364123206,2024-01-09
f0ef4974-a0e5-4b5e-a1dd-5b6e8bc8ba2b,Christine,Adams,lLbW-27242,Periodontics,9613868472,brandykline@example.org,3W1aUPcx+S,"5888 John Pass
West Steven, KS 01430",1364123206,2024-01-23
e65da286-9ae4-4b16-9f2b-c29148e62609,Thomas,Morgan,slgp-84086,Orthodontics,2656645770,brianrobinson@example.net,^t4_B#CsV1,"07592 Mccall Divide
South Valerie, SD 70490",1364023865,2024-01-10
b0d94619-fc7e-4597-99c6-56fdc9d95740,Jaclyn,Moore,CxxN-30123,Periodontics,2778286839,daniel76@example.com,_8S6dSnz5k,"91523 Mccarthy River Suite 432
West Briannaton, KS 04536",1364258511,2024-03-21
c374aee0-d813-464f-af08-3067ca0933ad,Margaret,Hill,SErL-68404,Oral Surgery,6046068897,maryingram@example.com,!%O1Sn_dm$,"039 Calvin Plains Apt. 656
Port Brianberg, WI 51607",1364258511,2024-01-03
eeb47e3e-f276-42e9-beb7-b360e4d83933,James,Daugherty,fDUW-78896,Dentistry,4459078029,john77@example.net,kX+3XYfV%Q,"5700 Mack Shoals
Shieldston, ND 27249",1364258511,2024-02-25
d69f6dc0-4a03-40c0-b41f-66c2cfe8c925,Christine,Hawkins,furE-87805,Orthodontics,9782197151,gabrielarmstrong@example.net,_QC3dQt60&,"661 Amanda Harbors
East Frederickhaven, MP 74060",1364305026,2024-02-29
e92b2215-e5b7-4471-a176-74c6365c69cd,Mary,Wiley,uIrZ-36975,Oral Surgery,9514911496,april34@example.com,!67DjUEq+T,"96789 Holder Extension Apt. 021
Lake Oscartown, NE 98443",1364023865,2024-02-04
f3f7a286-7f7f-45b5-956c-8f0a4b14bc48,Sarah,Fowler,KsZP-78386,Orthodontics,3063028681,jeffpeterson@example.org,Z+BF3ZTx97,"3626 Mary Light
Christopherfort, NY 10262",1364006067,2024-01-23
69375658-263a-43cf-95be-108e5b3a16ff,Angela,Logan,MqRP-46271,Orthodontics,6185804521,zmercado@example.com,w6TP18Cr)_,"86023 Brown Mountain
New Amyville, NE 07712",1364023865,2024-02-05
663459ab-88c7-475c-8a72-2f40566898d8,Daniel,Davis,wWPQ-71032,Periodontics,8204438352,pswanson@example.com,mh80aQVu^o,"83372 Rodgers Land
Leslieberg, CO 37971",1364023865,2024-03-12
a6be2c9b-e633-46c7-b632-12e61b77d594,Caroline,Roberts,cvUp-15158,Oral Surgery,9547506498,ohale@example.com,)6Ll9lI&)3,"3725 Adrian Track Apt. 610
Port Brianville, IA 66652",1364258511,2024-02-05
afc998fb-f7fe-4320-baa6-c91f896a8438,Alice,Liu,egZY-46962,Periodontics,9947309518,lnguyen@example.org,efAKvg9X@0,"1514 Kristin Stravenue Apt. 555
North Edwardburgh, MN 95715",1364123206,2024-03-08
79c27145-72bf-4754-91bc-a974fc76534f,Isaac,Freeman,ObHr-62308,Dentistry,9676218615,gonzalezbrianna@example.com,BkZ05Y0up!,"0900 Harris Plain
Haleview, ID 58042",1364006067,2024-01-17
402f45b4-d82b-48b6-999b-3a2e33d63930,Gregory,Hays,kCvo-43904,Oral Surgery,7087621216,sherry54@example.com,S+$e5P)pI+,"88318 Shawn Passage
Port Anthonymouth, MT 20170",1364123206,2024-03-15
0f397fe1-f4b0-4998-89ed-8d551075c81f,Kristopher,Mckenzie,iWWw-85304,Endodontics,2766653830,martinjuan@example.com,_%KYd8Cri5,"377 Adrienne Manors Apt. 177
South Alexanderton, TX 81927",1364023865,2024-04-13
39d3adc5-20b2-4fcf-a04d-96b401163df5,Susan,Stevens,IRRd-89585,Orthodontics,2259496728,tammymassey@example.net,bUF7PX$f+v,"7225 Taylor Curve Apt. 745
New Jill, VA 19170",1364123206,2024-01-11
8ed8b5b8-0f15-45d3-a7ec-396a3a026064,Rachel,Smith,fvsA-85548,Dentistry,4077449437,drandolph@example.net,K+o0E5qpde,"1102 Kyle Place Apt. 446
East Samantha, WI 53491",1364023865,2024-01-16
e4869ee5-98f2-485e-acd3-10e6c6c3b5ad,Alyssa,Mendez,vKWB-08209,Periodontics,3143331799,rmiller@example.com,*w_3RzdRL2,"660 Mccall Ridges
South Steven, AK 57591",1364305026,2024-01-28
8e78a2a6-84af-45f9-a14f-a32062955e53,Jared,James,ZJrz-81525,Endodontics,9164993304,anngarcia@example.com,&z9(RN2hDD,"2288 David Wells
Lisaville, MO 73624",1364258511,2024-01-05
77a0a2ce-0d0b-4b53-86a9-ca6be5d58f2b,Nicholas,Jordan,qCsW-11910,Orthodontics,8418212648,cwagner@example.org,)2XnrCRs3y,"5097 Williams Glens Suite 020
New Philip, KY 07856",1364305026,2024-02-19
0da7ff3c-0ff2-4d99-8f47-e0c03c01ed1a,Lisa,Scott,CSgF-29123,Periodontics,6115439199,brett58@example.org,6$H9l7fICP,"791 Elizabeth Walks Apt. 809
West Kevinland, MS 89035",1364023865,2024-01-24
4994f7b6-c65d-4145-9b70-97c1190a7a09,Angela,Gonzalez,kran-67820,Orthodontics,9526276664,leedavid@example.com,G3v&Eegq)P,"99976 Matthew Crest
Cobbland, VT 99110",1364258511,2024-01-21
a1668056-4768-4a65-98b4-11ef51348fa3,Caitlin,Garcia,oPgW-94777,Dentistry,3465314961,treed@example.net,fz6xjHybv*,"3070 Shah Lake Apt. 512
Shelbyborough, PA 62462",1364123206,2024-02-19
6a90cdd3-c814-4972-b0d7-d623cb24afae,Kevin,Cunningham,Rbdw-00231,Oral Surgery,3478943875,angelagomez@example.com,S6@rR!1p@K,"5006 Ashley Dam
North Amandastad, MN 20996",1364258511,2024-04-26
fcf64920-d476-4951-a60d-a7afeddb575c,Lance,Moore,yWsi-19781,Orthodontics,7793439879,shane03@example.net,60O(&Txo^i,"USNV Wolf
FPO AA 78936",1364123206,2024-03-14
42bb3c10-3d5b-4c82-90a1-71a597045c3a,Travis,Larson,WhXz-77827,Dentistry,5405875287,laura80@example.org,G5$9ltVc&7,"543 Luis Ford
Richardshire, SC 19818",1364006067,2024-04-01
c23b1595-e923-43df-bfbd-a0bd44bcb65e,Wanda,Tate,gfgK-88499,Dentistry,8627164694,churchjohn@example.com,9uH9OZlv$s,"9049 Melissa Light
East Samanthaton, ME 56630",1364123206,2024-02-29
919f3bc7-9399-48cc-a505-3fd08b385184,Michelle,Hawkins,vvKB-01908,Dentistry,8669617501,richardgutierrez@example.net,^cRND6P7l5,"1000 Herman Lakes Apt. 602
Lopezport, OK 47418",1364023865,2024-03-09
91a2e246-ce8a-4aed-9f12-991a568fe6aa,Caitlin,Leonard,FstD-51401,Orthodontics,4149399879,alexbarnett@example.com,#pGkDGbGr9,"67551 Moore Union Suite 612
East Eric, KY 86183",1364006067,2024-01-14
6ebfcfcb-c0c2-4aa8-8966-e7b5967569a9,Sandy,Mcmillan,JppT-28190,Endodontics,5093961461,qjohnson@example.org,Hpr*j0Ks_a,"8399 Singh Motorway Apt. 262
Kellyside, AS 31644",1364123206,2024-03-11
0399f811-42fb-459c-a94a-c079d619ac7a,Timothy,Gray,FECw-90462,Oral Surgery,8382632858,wmcdonald@example.com,^65IGoKw6B,"1377 Cook Lights
Hillhaven, NH 59158",1364023865,2024-02-25
68926ae3-4411-4c63-963d-c030468da9de,Christopher,Lyons,AbDG-63274,Periodontics,5534173164,akelly@example.com,^P^G7RhtD@,"979 Max Valley
Port Marytown, AK 93362",1364305026,2024-02-07
f959d5bf-6189-486e-a695-e1b1f90cfa93,Shannon,Stevens,NUkV-65784,Orthodontics,3099503755,silvaeric@example.org,#$2AvEgbqi,"387 Hodges Garden Apt. 889
Smithville, WA 98912",1364123206,2024-02-05
ab05ebdb-4555-4450-ae21-e8b6a9b5fdac,Kenneth,Salazar,Bkci-17195,Oral Surgery,9666119410,christopher74@example.net,&D5Ut0W4jY,"USNS Carr
FPO AP 11606",1364123206,2024-04-02
8088ea33-fd53-400d-a238-7dc000a62155,Kenneth,Smith,hJrG-52372,Endodontics,8752594545,fwright@example.org,$*Ji7D0MKg,"USS Bailey
FPO AA 17673",1364023865,2024-03-12
dd794745-99b5-497a-bfde-76504a13346f,Aaron,May,LAQs-61309,Endodontics,8956625701,pjackson@example.net,nKi^L%ll$3,"0082 Grant Pike Suite 112
South Katherine, OK 50793",1364023865,2024-02-07
9ce2e5c5-cdc7-49be-8319-644baf269af1,Steven,Lambert,aOPw-06001,Orthodontics,2176705950,kellyalexander@example.net,+rJKpV*ZT2,"2976 Gary Mills
North Davidstad, MH 97933",1364023865,2024-01-05
4be85b6e-f164-4746-9a2f-85797364671e,Natasha,Payne,npjE-04726,Periodontics,2378504799,natalie86@example.org,^5opMqeL59,"07403 Jo Station
Kennedyfort, ME 17683",1364006067,2024-01-07
6272241b-428c-40ee-8a54-10729329a064,Nicholas,Knight,VktE-35618,Dentistry,6497543761,medinatina@example.org,*7qix3HqP6,"4146 Wallace Roads Suite 502
New Justin, TN 28957",1364023865,2024-01-01
be89cf0f-ba58-45bd-9476-998a6b84d722,Brian,Allen,HwWv-66667,Orthodontics,3165448651,jasonkeller@example.net,)XHq@Zi$#1,"515 Randall Inlet
Jordanport, DC 55370",1364123206,2024-01-29
c7e65113-4c6d-4f1d-af9d-b9048576b2cb,Kelly,Brown,GSjg-93834,Endodontics,5404451550,wmason@example.com,63AklD&1(q,"65791 Kennedy Glen
Lake Douglas, TX 73548",1364305026,2024-04-20
b2315af8-7e6f-4b4e-934b-79304ca84df6,Charles,Lang,tWyv-94586,Endodontics,7399097027,johnking@example.org,!yH(tfkQd6,"7953 Mendoza Plain
Judithborough, MO 15086",1364258511,2024-03-22
a16bc809-5773-44cc-bf94-37c5ba734af1,Jessica,Murphy,nuVI-84106,Orthodontics,9058218549,ashleycastaneda@example.com,%ZJdX+td@4,"USNV Smith
FPO AE 80224",1364305026,2024-04-01
6c7e5d8c-e068-4b68-abea-30f61647746e,William,Morrow,HvFs-17604,Orthodontics,2454593348,vrichardson@example.com,U#6lWou90w,"1306 Ramos Junctions Apt. 774
East Monica, GU 95929",1364023865,2024-02-12
2f346eeb-129e-4b9e-a373-bf2812bd4b4f,John,Villanueva,sCpT-65167,Oral Surgery,4346386118,ajones@example.com,C*7xpUtgeT,"36400 Dana Road
North Amy, OH 24146",1364305026,2024-03-14
905e7916-f969-4b76-895f-48c49e36d2af,Miranda,Barrett,EPyY-16017,Oral Surgery,4233688161,jrobinson@example.org,)hq0kSvRX(,"136 Paula Valleys
Lake Ashley, OH 02729",1364305026,2024-01-08
d9f837a0-26ee-4631-9207-51654f8f8791,Michael,Johnson,cPuy-37646,Orthodontics,9003296706,rbradley@example.org,%#Mkr*oiw9,"7569 Cheryl Land
Lake William, TX 39383",1364305026,2024-04-18
d5f524e2-bbbc-4c44-83f3-d093eadeaea8,Patricia,York,WouU-87651,Orthodontics,6943305422,brian77@example.net,($3Hp)GyUG,"103 Stewart Circle Apt. 612
Martinberg, UT 76252",1364305026,2024-01-15
bd554101-953b-458b-9736-1ddfe84408bf,Lorraine,Carr,chhQ-79312,Endodontics,6842652021,marysimon@example.org,G*2M$3LoHa,"8825 Timothy Fork Suite 219
Chavezshire, ME 28768",1364258511,2024-01-08
3b141163-2f18-4f96-9869-58664caaaf3d,Christina,Jimenez,lMHi-30923,Endodontics,9796502388,lauren34@example.org,_)UEFp2n24,"51625 Castillo Prairie Suite 926
South Elijah, MD 94639",1364123206,2024-01-05
617e5e64-f2bc-42aa-9c5e-b929f6fb0e85,Colton,Price,XWWH-05778,Dentistry,6946671454,jacksonjennifer@example.org,#GgUHo%#7c,"PSC 1219, Box 3548
APO AA 13840",1364123206,2024-03-06
71230994-f22f-441b-8a57-101a8b1a9cd6,Taylor,Dudley,CZFj-80069,Orthodontics,9139959375,ble@example.com,_4s4rIag+&,"435 Lopez Fort Suite 917
East Mark, WA 90631",1364123206,2024-03-20
1e064588-d1d7-468b-9d46-d724147581de,Anthony,Cox,ObUo-28438,Orthodontics,6253341506,elizabethhoward@example.org,46V0Kr&t&c,"033 Loretta Mews Apt. 124
Sharpfort, FM 93735",1364305026,2024-04-20
03b2d7a1-081f-4f6a-bc59-d54fe8c6c5b5,Gary,Carpenter,rtox-04565,Oral Surgery,5798195123,josepharellano@example.net,I^2Io6a3JB,"6698 Floyd Skyway
Curryville, ID 97906",1364305026,2024-02-17
16d506c1-5403-4436-99b1-931f20bd120f,Sarah,Smith,gWwh-49158,Endodontics,3529611189,tmarks@example.org,$2ItC3pkr3,"0505 Smith Canyon Suite 524
Danielville, MO 66104",1364006067,2024-02-06
2409c8b6-8edc-4c12-99c5-51eab3db9ad2,Alexander,Green,lLxV-06374,Dentistry,3254629122,walter94@example.net,+4Qy(KAJ10,"87663 Kristen Route
Woodtown, CA 34596",1364006067,2024-01-07
dead4396-3c40-408d-9528-19b09769ab46,Yesenia,Obrien,YWuz-74703,Oral Surgery,6574751239,pwalker@example.org,ez+hu1TnzI,"3379 Weber River
Christopherchester, MH 44178",1364258511,2024-03-30
d9efa0a3-cc31-4329-905e-754187d87226,Mary,Dodson,QDug-41342,Dentistry,2929132676,guzmanjames@example.com,dB$O51XlMk,"67444 Anthony Lodge
Jessicaland, NC 60553",1364006067,2024-02-11
f5f9ee49-8b75-450b-9a85-904df70b50f6,Emily,Hernandez,YmmK-24528,Orthodontics,6778597430,hpeterson@example.net,m(BKVgMx*9,"USCGC Bennett
FPO AA 07233",1364006067,2024-01-26
98465289-8124-4dbc-9400-86b365b26b6b,Christian,Padilla,qbae-07203,Oral Surgery,2302713894,ovalencia@example.org,J&0HEctj(b,"10491 Paul Port Suite 691
Rhondaview, SC 46322",1364006067,2024-04-07
ccee9c48-6e7d-42a3-aa4d-d8b2478e8dc3,Theresa,Campos,VNVs-69960,Endodontics,3325261872,tannertara@example.net,t22OEtBx$n,"USCGC Freeman
FPO AA 04638",1364305026,2024-01-28
bf0df6ac-cafe-47b9-91c4-007ec06b6d8c,Robert,Ellis,jcqu-19183,Endodontics,9638403328,williamsryan@example.net,34CqKCoj^T,"73424 Lawrence Landing Suite 621
North Robertville, MP 39436",1364123206,2024-01-23
e4063bc1-5bfe-4bfc-b797-e0419575297b,Christopher,Williams,mhmI-04108,Periodontics,3032742955,joanneboone@example.com,@bezOCc_x9,"189 Zachary Falls Suite 634
New Jessicaborough, LA 48757",1364258511,2024-03-24
71815c6e-2e24-44e1-8ff4-796b8d3955f7,Kimberly,Thompson,DRML-19714,Dentistry,6358848351,belindahouse@example.net,!F0bReDBKY,"781 Ryan Glen Suite 119
Brettmouth, AS 04233",1364258511,2024-03-18
183c4808-11da-4d2d-bef8-02dc0cb4642f,Barbara,Petty,sUvY-10962,Periodontics,4707995079,tevans@example.net,rDl5NJx2t!,"USNV Smith
FPO AP 62538",1364258511,2024-02-06
9e034bbb-387d-4687-9087-65bbff4db842,Sheila,Walsh,ksUf-92801,Orthodontics,6815981428,rgreen@example.org,0(9aDHcn@B,"USS Brown
FPO AA 66817",1364006067,2024-01-10
24b08ecd-2ab4-4dab-9cc7-07c544b93004,Tiffany,Cooley,aQBF-49335,Dentistry,8836677823,posborne@example.org,+yv85Chg8V,"588 Jerry Green Suite 840
North Isaiahport, GA 26872",1364123206,2024-04-03
730e2977-7ff2-4992-b8a5-539e6926a455,Jacob,Cortez,CGlb-37197,Endodontics,2938318253,mschmidt@example.net,r$%243Rj+P,"396 Hayes Mill Apt. 667
Christopherville, UT 10417",1364258511,2024-01-12
38942ca6-52d4-4be4-b52e-90d3403f654b,Shelly,Thomas,NhHJ-71993,Periodontics,5862273222,jodi74@example.org,)6JT#tjJos,"3841 Vargas Cliffs Suite 347
Michaelborough, PA 84203",1364123206,2024-04-14
41017db5-176e-4f3a-9238-cd4858a3e6e8,Jon,Steele,jWCK-18304,Oral Surgery,6292231685,erogers@example.com,0q(9UX0mK!,"799 Charles Ports Apt. 924
Joneston, CA 69996",1364023865,2024-01-31
96eb46cb-0641-4556-b91f-2175baf1f33f,Matthew,Reed,DrNs-58672,Endodontics,7393826829,williamclark@example.net,W@D3o9)lpG,"1670 Joseph Burgs
North Donald, GU 19423",1364305026,2024-04-03
58c54ba0-8132-4fe0-9a4e-92b891dea27e,Michelle,Lowery,Miub-35707,Oral Surgery,6258255689,delacruzsandra@example.net,m^$A5Ukrq7,"0886 Christine Greens Apt. 353
South Robertview, SC 83587",1364305026,2023-12-30
039240de-03ff-41cb-b116-2e9b7f0f4da2,Rebecca,White,uIzQ-68468,Orthodontics,5984216152,veronica28@example.net,(33lAz6u!),"010 Romero Views Suite 240
Lake Michaelstad, ID 43093",1364006067,2024-03-27
d3d64d7d-b6fe-44ed-bdf3-8b40a2834a5f,Jesse,Johnson,TAXj-53228,Endodontics,3637794655,brittany06@example.org,t2ERCwWF$a,"204 Rebecca Ridge
West Vanessa, VT 34575",1364305026,2024-02-05
eaf25fd9-3483-46de-be9c-65d40ef21e02,Danielle,Vargas,mjAS-38959,Oral Surgery,8905794610,petersonpatricia@example.net,13iW8lkz&4,"6763 Mayer Motorway
West Sarahtown, MN 97682",1364258511,2024-04-24
a41c7336-802b-4b0e-9b66-0d8a3686a77b,Donald,King,PGBx-90563,Orthodontics,5883038296,khoffman@example.org,Zf6_QO#p@+,"704 Melissa Wall
Jasonside, AS 11873",1364258511,2024-01-26
bce37ba1-0138-4de2-990a-aa385a155982,Jennifer,Lee,ZpWj-98820,Oral Surgery,2412928633,reillyjennifer@example.com,R+eS5JveGO,"10268 Bowers Mount Apt. 600
Downsside, UT 28732",1364023865,2024-03-25
76b58442-7a54-4621-b1b2-0b1682056355,Michael,Bowen,AZIr-31490,Periodontics,5683113821,elewis@example.com,U4SS8L3x+v,"Unit 3834 Box 8648
DPO AA 43564",1364258511,2024-04-23
783389c6-84f9-4c60-9600-b6d6ddb6e9c9,Steve,Pittman,nTfd-62600,Oral Surgery,4817504231,lgarrett@example.org,k_v9Mg2o*h,"2748 Bailey Locks
Coxstad, LA 36821",1364258511,2024-01-05
baf2f5d8-9704-4ce5-a0fc-4e8e4b21e003,Jennifer,Smith,LFET-94183,Periodontics,6527721899,sarahsantos@example.com,f)@7&MoB!K,"71641 Jeffrey Stravenue
Aliciashire, NJ 59747",1364023865,2024-04-20
8252de7c-987b-4755-bff0-815d0a92cffa,Andrew,Thompson,dSLa-26517,Dentistry,4617919177,douglas15@example.com,&4wLhS*x!l,"03163 Pitts Crossing Suite 199
Brianville, NV 94776",1364258511,2024-02-09
f43ee781-878c-48e5-9796-1cec3c31c8c4,Emily,Bennett,rnIY-76260,Orthodontics,6545214611,chaneymonica@example.org,&6P+cEiMrP,"974 Christian Loaf Apt. 947
Alexandrafort, OH 12881",1364305026,2024-01-07
6e7c4c30-8bed-4c10-8b2d-d43e531d1759,Deborah,Richards,XhJE-33139,Dentistry,9919929092,georgeobrien@example.com,t*1EFNfuE%,"59540 Williams Dam Apt. 184
Dixonberg, SD 77351",1364123206,2024-02-11
6b65a5a5-ee87-4f47-8d24-d0a9b169e5f0,Isaiah,Rodriguez,aOta-42100,Periodontics,3275126805,shellyblair@example.com,&Z7)KZSo#9,"6253 Hayley Way
Justinmouth, MP 29553",1364305026,2024-02-25
02d49e24-7f39-4e54-a913-9a87cf5bf4e8,Victor,Curtis,ApcA-78395,Endodontics,8912927563,anita05@example.org,*Q5EMhmHU*,"PSC 1911, Box 1927
APO AE 62666",1364123206,2024-01-09
0e5333c6-4da9-44b3-94a8-7f8ed570de32,Jennifer,Taylor,lgLf-18679,Periodontics,9804826241,jose31@example.net,X(WV9tG@Uw,"642 Kristie Overpass Suite 957
Lake Meredithberg, MD 35594",1364258511,2024-02-02
4e554fd0-6cf7-4773-a401-d7d0ec4c1a6e,Richard,Garcia,hawL-03268,Endodontics,2463764134,stephenwatson@example.com,Z1WvN^7R%k,"598 Castillo Parkway Suite 887
Port Diana, VA 44399",1364023865,2024-03-03
369fb53f-ea5c-403b-bd7a-be29d9874654,Gail,Morales,PyKR-25450,Orthodontics,8275643107,fjones@example.net,*M!SE&+C2k,"26649 Maria Keys Suite 608
Adamsbury, MD 63325",1364023865,2024-04-12
583901f1-b22c-44fb-a134-60e384b144a4,Michael,Hernandez,gqpw-54265,Orthodontics,8336893236,pamela78@example.com,Bj4@8hCeNX,"932 Frances Bypass Apt. 768
North Deborahview, ME 13441",1364023865,2024-04-05
977f4a3a-59a8-442f-bd7b-39ec5bc1b5e7,Denise,Davila,JRlM-98060,Oral Surgery,7312601569,kkim@example.com,1yb5E9Be!!,"693 Jessica Union Apt. 543
Smithton, OR 20725",1364258511,2024-03-18
962c2a8c-9797-4d8f-b6bd-ebc079f69f40,Kevin,Brown,mJbL-69136,Orthodontics,6145181683,jason54@example.net,IR42F_Wy_%,"6561 Hardy Fields
Smithhaven, MH 47646",1364123206,2024-01-04
30445bed-9ee9-40e3-b816-8874bdbfe5e2,Dennis,Cooper,zhzx-59259,Orthodontics,4287779130,yoderdavid@example.com,&N6ZMGznB%,"955 Monica Row
Markport, AK 12815",1364305026,2024-02-26
9ea70dc1-8dd6-4942-b09e-e89ea737ab19,Kaitlyn,Elliott,hVDH-70945,Periodontics,7607526699,alejandro70@example.org,7Kq6VQhaR!,"357 Jackson Camp Suite 169
Kathyville, MO 50179",1364023865,2024-03-14
d2bf6139-60a0-42b5-8dbe-28fef7d6f10f,Sarah,Pham,AxjW-92878,Oral Surgery,4573568351,walkerjared@example.org,SY1bLK#l*3,"USNV Dougherty
FPO AE 93306",1364123206,2024-01-30
ae1a3b43-d3a8-43a4-ab54-208d20c80d1a,Tyler,Drake,ryTu-01750,Periodontics,4468208413,gloverwhitney@example.net,8E10Yh+((S,"5198 Hamilton Throughway Suite 515
Luisland, IA 35832",1364258511,2024-02-28
73a78a6a-edf4-40b6-9438-b7cbb506e41f,Stacy,Nguyen,auFr-07958,Endodontics,4944565664,williambrown@example.com,$pW7Nx^wfK,"485 Zachary Springs Suite 279
Jocelyntown, CT 81620",1364258511,2024-04-23
2e272794-3974-425d-9033-f22ee3eaa30f,Jenny,Shaw,PuHH-03272,Endodontics,4562278255,wmartin@example.net,3$0@Gjes7t,"5549 Ware Grove Apt. 797
Laurenchester, FL 01437",1364305026,2024-02-14
b7885ae5-da21-4ed4-85f5-9034c6d49834,Kathy,Faulkner,raRp-62126,Periodontics,8805799340,trobbins@example.org,GWMg1oXw!4,"3015 Miller Row Apt. 705
West Ricardo, IN 86758",1364258511,2024-03-31
500248a4-9fab-4cb0-9a96-04579aac456a,Kenneth,Warren,EDCP-52187,Endodontics,3378205844,zcole@example.org,2eR9KkVG+^,"27709 Kristy Roads
New Matthew, UT 82384",1364023865,2024-02-24
cc135724-ac8c-4238-9d58-da4286e7085e,Taylor,Hall,LWas-47784,Periodontics,9004734928,benjamin46@example.com,$SImsT3p6n,"35052 Michael Flat Apt. 180
South Richard, WV 13301",1364258511,2024-02-17
328d6812-b16e-4537-9c7d-80672406ac8c,Cody,Patterson,xSqe-34724,Endodontics,8006353835,sandersjeffrey@example.net,cPG3O_w6%5,"02550 Marcia Oval
West Patriciaberg, NE 81389",1364258511,2024-02-10
3eb69bf3-5214-4c32-a6c4-641e0923625e,Lori,Espinoza,OOJc-27944,Dentistry,5396745757,laura84@example.net,+3VX(s(jck,"05639 Melissa Manors Suite 277
Port Monica, OR 93738",1364023865,2024-03-15
5dd0d0de-2a0d-4be7-a2dc-d43681f6f4c7,William,Carroll,RlNL-28378,Dentistry,6214119167,deborah99@example.org,$29NgEec&2,"Unit 2835 Box 0833
DPO AP 88769",1364023865,2024-01-23
5ffc84e8-feb1-44bd-a8ac-ac0d1493db94,Brittany,Williams,uRAH-51457,Dentistry,9398258545,lisa29@example.com,6kB^UacN&Q,"USS Torres
FPO AP 69585",1364305026,2024-03-13
d1f867c3-e102-4627-b15e-5ecb8af222ac,Shannon,Stevens,VpAQ-05742,Orthodontics,7803043735,jennifer93@example.net,)pZO9QJ_9m,"623 Kimberly Knolls Apt. 638
Lake Tinachester, NM 14167",1364023865,2023-12-30
07ab5857-4cfd-4ccc-9716-019b2545d42b,Abigail,Johnson,vfNK-48477,Endodontics,3908803943,briansmith@example.net,+u5Cj#s7)^,"912 Sarah Haven Suite 367
Lake Taylor, VI 62335",1364123206,2024-04-13
15a1ae1d-9e6b-4473-b1a9-a6f61df601c9,Elizabeth,Kerr,WvHv-79907,Periodontics,3856588196,chayes@example.net,)32(^Gyco9,"479 Maria Rapid Suite 997
Longland, FL 00656",1364305026,2024-03-25
645de1dd-7be4-41ce-8328-f771df641600,Bobby,Benson,WTRI-45448,Endodontics,5603566548,kimberly04@example.com,@X_Og6U#9I,"PSC 0884, Box 4453
APO AP 44766",1364006067,2024-04-20
2595a1e8-230c-4898-8b13-333a40244197,Jennifer,Turner,eCgE-43159,Orthodontics,5239999393,carneyryan@example.org,jfAB_YVm$7,"314 Webb Trace
Sarahton, DE 21920",1364258511,2024-03-28
49fa5544-4d1d-45e8-bc1a-60650e54898f,Patricia,Mendoza,mzkw-48862,Oral Surgery,2802159472,brandicowan@example.com,1Axl0bbHi*,"4970 David Station
East James, RI 50275",1364006067,2024-01-03
b29385ee-8d2e-444e-8338-5413c232ec12,Jennifer,Lewis,bdeQ-00383,Dentistry,5976327024,turnerryan@example.org,&2WUKLafFm,"8168 Valdez Ports
Boydfort, PW 49608",1364006067,2024-03-30
951b6c47-a2aa-4b62-a6db-6f0fdd3995e3,Joseph,Mcdonald,VtTS-34742,Endodontics,2649544803,phillipsjulie@example.net,5eGAiJtJ&n,"72047 Justin Ford
Port Tiffanyland, OH 71575",1364258511,2024-04-15
bdb95061-4fe3-4d90-a7b6-0361a25a0633,Samantha,Odonnell,dQRk-19686,Oral Surgery,3656993236,francisco62@example.com,3Yo%8Ob!$k,"289 Keller Roads Apt. 700
Garnerland, SD 17548",1364305026,2024-01-07
e9f7b28f-521c-4ef4-b849-b135b6129bf0,Jonathan,Smith,pOgK-71079,Oral Surgery,4256591667,stevensnancy@example.net,Dhz3Mtms^U,"686 Thomas Square
Christophermouth, NV 42426",1364305026,2024-02-04
304a9db6-c23d-4b42-9a4b-4bb11821cdc1,Zachary,Mayo,DcWT-71367,Endodontics,7848313498,valdezlarry@example.org,$b8EGqtpis,"665 Jefferson Forest Suite 747
Lake Amber, SD 11016",1364305026,2024-01-16
1876b490-6df3-43f9-860b-752415b28c90,Theresa,Lamb,boGG-75206,Oral Surgery,7793645290,stevenbennett@example.org,GE&&)7UuTg,"906 Carrie Forest Suite 905
Mannside, IL 56483",1364006067,2024-01-13
c92eadde-9471-4401-bea8-c1d0f50e6b69,Amber,Bradley,NKTg-00543,Orthodontics,7686601861,dsmith@example.com,&(c5+EnyJj,"Unit 9698 Box 2878
DPO AP 30448",1364123206,2024-01-04
2f315c20-a49b-439d-8e1f-ffb5aeb0f1d3,Samantha,Wright,lcXv-37328,Periodontics,8578002815,mwood@example.org,!YC0w#Qqa#,"3665 Anthony Valleys
Davidton, MN 25280",1364123206,2024-03-20
89891d19-2a52-44d4-a63f-4d316f43074f,Renee,Robinson,oCvY-05244,Oral Surgery,8523829355,aaron49@example.org,vd0UVEiXF$,"35866 Jorge Center Apt. 304
North Amandaview, NM 09958",1364123206,2024-02-02
9a0615b1-38ac-4403-9135-8ad1039a95c5,Robert,Olson,ghIC-57060,Orthodontics,2486651635,amandagonzales@example.net,my79tWj^(F,"1191 Wright Curve
Port Melissaborough, VA 89531",1364123206,2024-02-05
12ec18c8-257a-44de-aad9-30d9b19460ba,Christopher,Price,ZfeL-44288,Orthodontics,3215483758,christianbell@example.com,G4@8GvGI#u,"057 Bradley Island Suite 674
Lake Carlfort, GA 11384",1364123206,2024-01-16
4c5f4156-3007-4737-b9f9-9adec861d05b,John,Huynh,HGIF-12085,Periodontics,9606478602,christine16@example.org,(3V8%y7onu,"38569 Carpenter Station
Hernandezfort, GU 57444",1364258511,2024-01-15
d28f3783-87b4-4f32-b708-91269734238a,Dana,Powers,IFVd-79282,Oral Surgery,6507296221,daviskevin@example.com,n!505rFko),"86041 Anthony Camp
Port Jacobshire, FL 89660",1364006067,2024-01-29
1c2042c5-a22b-487d-82a8-cdf673adef7f,Tara,Pham,tyJF-47946,Dentistry,3493968184,hmontgomery@example.net,pn6Hii*o^D,"44770 Cannon Estates Apt. 502
New Brandon, NH 97673",1364023865,2024-02-17
516f2d7d-af96-43d8-b655-f7d774ab42a5,Angela,Nguyen,BLpz-98817,Dentistry,2622181729,garrettalvarez@example.com,%2P)dRkV3m,"6081 Boyd Cape Apt. 779
Rodriguezberg, OH 07941",1364305026,2023-12-31
92736fcc-8260-40dd-9eb2-c05b44a7ec96,Amber,Young,BRKu-94183,Dentistry,8289862211,rodney98@example.org,i^&8dRbqlz,"715 Harris Islands
Lake Michael, TX 86393",1364305026,2024-02-20
689a0374-0606-412d-aa7d-1ae5140f4c65,Lee,Aguilar,CmnB-10968,Dentistry,9484657220,jacobmurphy@example.net,QGNw!tp(_3,"261 Kenneth Avenue Suite 948
Chadside, WA 73916",1364258511,2024-03-25
fbc66269-df99-443a-bfb9-ef98e6c4b94f,Jeffrey,Page,YMwU-65246,Dentistry,2298538938,burtontiffany@example.net,@3u32EkjlP,"0177 Mary Shoals
Richardmouth, AK 33668",1364258511,2024-03-31
0ddb9513-ec55-4988-ba98-edc01928d14c,Katherine,Daniels,QkPo-31813,Periodontics,5837875459,taylor86@example.com,8)zdaxNk10,"04876 Sutton Flats
Lake Jefferytown, IA 92036",1364123206,2024-04-18
42bc7638-c369-4c55-8601-3afdb3bd602a,Amber,Morris,ZphD-12681,Oral Surgery,5864432308,hugheskaren@example.net,1ilHL1Jp&S,"Unit 6454 Box 0515
DPO AE 01092",1364006067,2024-02-13
3f9bab51-38f7-459c-904a-6dfa4e07d0a2,Roger,Webb,ngFA-49410,Oral Surgery,2857297976,wooddavid@example.org,$p23Zzpf)6,"67458 Gonzales Ranch
Monicaview, AR 42164",1364123206,2024-02-01
427a1526-21d4-4237-aad9-96e916e6bf00,Charles,Torres,ooto-03542,Endodontics,7029558900,kara39@example.com,Ek)4AFtRH%,"0747 Hernandez Prairie Apt. 650
East Anthonyport, MS 30114",1364006067,2024-03-17
c08a8781-9f0b-4c83-bc87-86843b908be3,Melanie,Lyons,ZtzZ-60471,Oral Surgery,3275489550,sanchezchristopher@example.com,3)5HRs&uF(,"00435 Mckinney Unions Suite 664
West Brittanystad, MP 32792",1364123206,2024-03-19
bcce4bf3-d3a9-4b13-a33e-f115f73725dc,Jennifer,Monroe,aBDk-50561,Oral Surgery,7436288487,ashleyperry@example.org,!d4FiQVejN,"6194 Anthony Spring
North Ann, IA 88958",1364123206,2024-03-10
77f929d0-ebaa-4820-b765-250095d273fd,Heather,Mcguire,UcZH-04065,Endodontics,3799209169,susanking@example.org,d6)iZ6Evf4,"642 Melinda Gateway Suite 645
Port Morgan, SC 49438",1364258511,2024-03-02
b6a95eda-7959-43c7-a9a8-646efcac9610,Dakota,Mitchell,kfXt-24367,Orthodontics,3668581825,imckinney@example.com,%jprYBAtl1,"965 Shannon Valley Suite 000
Gomezborough, AZ 29162",1364023865,2024-02-26
ea9f7543-c8dd-43d5-a916-01c9cb0ab57c,Justin,Hart,roEC-45150,Dentistry,6362758782,changandrea@example.org,d%0AyyFd^I,"Unit 7208 Box 6672
DPO AP 32592",1364006067,2024-01-10
2b2449e7-5628-4e96-8c16-a781a6941b96,Michael,Brown,DysD-21414,Dentistry,5318861052,terry52@example.net,$3Ph*@Ae32,"51788 Gomez Stream Apt. 766
Lake Tarafurt, DC 32650",1364006067,2024-04-23
837f7ca1-71a1-4dfc-ad9f-15c0e6d5124f,Amanda,Brown,zTBn-99925,Periodontics,6965298205,ashaw@example.org,#0S4O)in(1,"8245 Smith Turnpike
South Craigburgh, NM 25595",1364006067,2024-02-08
a465c52d-8d3f-4fa4-9ac1-7e9dacea5f8b,Timothy,Cain,Rnvv-53817,Orthodontics,6666798326,juliasnyder@example.net,&7IR$e!n%0,"18695 Barbara Mews Apt. 247
West Peter, KY 78734",1364006067,2024-04-06
4cee6575-39e6-43cd-81ba-5ae8e76e8f89,Rebecca,Gould,ULcA-76337,Oral Surgery,4673014570,dennisbird@example.net,#5LyePNw4O,"7944 Kristina Motorway Suite 180
Alexandertown, PA 50934",1364006067,2024-01-02
f7df36a2-ed05-4a8f-afde-90cdd95724f2,Anthony,Schneider,VlUj-95341,Orthodontics,4582058653,uroberts@example.org,(N)LfYH60p,"993 Moore Drive
Rojasmouth, OR 11165",1364258511,2024-03-14
e36528e8-37fb-4afa-b87d-0dec96efd564,Joseph,Porter,vNRz-49746,Endodontics,4483695796,pearsonrebecca@example.net,(e3CkfF^H2,"94626 Tony Pines
East Richardview, ID 73102",1364258511,2024-02-28
1bb7cda4-3b20-454a-b738-8717745a9604,Lisa,Hernandez,XjzN-59978,Orthodontics,4797229168,angelstephens@example.net,#4Xbvk5A^x,"66814 Becker Field Apt. 236
Martinezfort, MI 79681",1364023865,2024-04-16
13779f1f-d72b-49f4-a119-051667819a85,Tammy,Rogers,BITy-93748,Oral Surgery,9895791230,vanessawatts@example.net,v*50HDApq_,"8534 Henderson Via Suite 336
Davidborough, MH 53226",1364123206,2024-01-18
acc9e0c0-251e-469b-8f83-10d3dc7c842b,Rachel,Johnson,mTyk-01615,Orthodontics,4305462415,arthurmaldonado@example.net,nJxETmvk&9,"2668 Erin Lodge
Coleburgh, MH 28595",1364006067,2024-04-27
745f66d6-93e0-462b-a324-452571f06188,Jessica,Turner,pcbF-24610,Oral Surgery,6276567174,michaelswanson@example.net,t5ZAanA3!x,"489 Rowe Isle Apt. 164
East Heather, TX 27157",1364023865,2024-04-15
0c8187dd-58da-4077-a3ad-62dd1fdc1750,Justin,Estrada,wCpD-49850,Orthodontics,3675167326,williamsbrian@example.net,$8gE)ZuhLw,"6064 Campos Motorway
Johnnychester, DC 76408",1364258511,2024-02-14
5ffb5991-9268-4b18-bd9b-7a71bcfab812,Karen,Roberts,BJJW-76959,Endodontics,6595145798,julie35@example.com,^EP$iqSko1,"98749 Samantha Club Apt. 712
West Williamville, MA 74460",1364023865,2024-03-30
cc56d873-a27e-4c59-a6fd-68e8170275fc,David,Allen,xhtY-92104,Periodontics,3075979187,paulwilliams@example.org,UQc0UsdkH#,"046 Chris Radial Apt. 752
East Timothy, WV 35254",1364006067,2024-03-10
2b70916a-70a2-4d63-a95a-0afd4871da72,Jamie,Martin,ObhX-37395,Dentistry,2032698800,josedodson@example.net,Qq#5H#kpDa,"6178 Cynthia Radial
Kelseybury, OH 34594",1364023865,2024-01-21
567de8b3-5c7f-4dcf-b4ed-f8d4b6b74f02,Carl,Cooper,Pvil-80564,Endodontics,4346417614,bmyers@example.org,oU1JCK5q^N,"1229 Mitchell Viaduct
Shawnhaven, AR 79413",1364123206,2024-02-17
65c1b038-a6fe-40a8-9a87-eb149e8afb1b,Margaret,Morales,CkPw-38132,Orthodontics,5703624842,christymorris@example.org,%6$%Dj%vgn,"7873 Barrett Walk
Michaelmouth, HI 11627",1364305026,2024-04-22
e6ca9084-49f4-406f-8a4e-dd1aeac40a15,Terri,Jimenez,uJMF-24945,Dentistry,8163383018,yvonne75@example.org,+cpdhgOo4Y,"482 Travis Ford
East Jessefort, WI 22607",1364258511,2024-04-09
fcc4c33c-1a39-472b-bd56-5a29771fe020,Kristina,Conner,ISVO-87151,Endodontics,2169556615,bakerjulie@example.org,)a3zxCRfN7,"01651 Albert Mount Suite 844
Gonzalezland, AZ 00809",1364305026,2024-03-01
28a2e9d2-43bd-462c-b4e8-49085d7f5a87,Emily,Dickerson,VufC-82085,Endodontics,6332705449,diazemily@example.net,PKIDjun0v@,"29934 Martinez Rapids
Herringside, MD 47836",1364123206,2024-04-13
18f6afc9-9de5-4838-8ee3-b26271bb9021,Mark,Tucker,PXTe-30420,Orthodontics,4012068290,anthonysmith@example.net,%9TKEhpDdv,"79044 Joe Green
East Shelbyville, CO 55741",1364258511,2024-04-04
ad552ca6-62f9-4def-b084-592cfe5a1aeb,Charles,Allen,jsGB-81433,Dentistry,9966447823,lisaramirez@example.net,Nb2MbMK#M$,"Unit 3599 Box 4154
DPO AP 07926",1364123206,2024-03-26
437c8ddb-5ed9-44e5-ba51-e5f94c6fc55a,George,Hayes,dpqQ-83937,Orthodontics,2222902470,sabrinawall@example.net,7&0SZ&dZsP,"82118 Tyler Turnpike
Lake Robertville, MT 16579",1364023865,2024-01-20
3575bce9-369d-418c-a60a-34cd780aad57,Debbie,Vasquez,HrdM-54326,Dentistry,2679019772,dlamb@example.com,x9_eMmlD+e,"7011 Lopez Ports Suite 354
Katherineborough, UT 19685",1364023865,2024-01-29
c85b10d3-3efb-4c6f-8059-df3caf44cde9,Maria,Rodriguez,cwgy-57931,Endodontics,4333689571,olsonryan@example.org,0m4rzOY8%*,"0345 Jessica Throughway Suite 365
East Robyn, TN 08516",1364006067,2024-01-19
e638210b-3cf8-4866-a845-ce71b7496f6a,Tyler,Reed,rSoQ-29093,Dentistry,7804455183,robertschristopher@example.org,wJki7O*q_6,"3309 Jason Dam
Port Rebeccaland, WA 39852",1364258511,2024-04-21
2b01c76d-9845-44e4-987d-90f430c78cd7,Jessica,Moody,DlIS-63047,Periodontics,2384179320,hhinton@example.org,t0ZkTAbR&G,"58226 Cole Courts
Mathistown, NH 47749",1364305026,2024-01-21
b5dc042a-6e1a-41fa-a023-ffd4667ccffc,Thomas,Spencer,baxC-86565,Endodontics,4545803322,jessewallace@example.net,44U4yp%p(r,"PSC 6925, Box 2556
APO AE 22145",1364123206,2024-02-03
55ef4617-6482-44a3-8689-1ccb369cec34,Jerry,Potts,YDEE-84461,Periodontics,3368463388,dcoleman@example.net,)9ZjCQboZG,"354 Stacey Course Apt. 410
Porterbury, CO 06483",1364305026,2024-03-27
c3a3977c-f9b6-4f61-95ac-02e9e4c5b3be,Steven,Williams,FevO-46633,Dentistry,9395644783,zyoder@example.com,^+IDJherT0,"Unit 0397 Box 8511
DPO AE 38881",1364305026,2024-03-01
8a4ce844-159e-4aa3-8b38-51573f2b83b9,Gina,Bartlett,AySl-25811,Oral Surgery,9944544619,yateszachary@example.org,_6!F@h@qC!,"7590 Katherine Loaf
Lake Jessica, GA 86545",1364305026,2024-03-18
3bb9529e-4669-4d24-81c7-e800c2a75564,Amanda,Ruiz,MYAB-99783,Oral Surgery,8573795970,erin80@example.com,M+4B^Uop(v,"03804 Smith Flat
Jimenezport, AS 44734",1364006067,2024-02-29
89742f05-2e41-46b6-a6e5-73eb219aed59,Adam,Matthews,XMXD-15987,Orthodontics,5696434483,gailweiss@example.net,+1Paw+scG3,"4323 Martin Valley Suite 886
Port Baileychester, AR 72289",1364305026,2024-01-07
33e7bb9e-c8e8-4ca3-af5e-1e824d9ab651,Nathaniel,Mendez,vtbz-07171,Endodontics,9019063260,erica26@example.com,R0i^WtOs*o,"4104 Richardson Divide Suite 832
East Nicolehaven, GU 61413",1364023865,2024-01-06
ef44c04a-d486-4960-9c5b-91e0ee8a1390,Deanna,Padilla,ssqq-65121,Endodontics,4142662183,christopherli@example.net,!3FtHc_L_E,"3210 Jackson Bypass
Sanchezview, MA 64233",1364006067,2024-03-27
e725a636-0d3c-45af-af9c-3337ca78baef,Robert,Gill,ykRl-66487,Oral Surgery,4577544520,jason57@example.net,$!C#mLOg0J,"7996 Nguyen Pine Suite 702
Joshuaberg, GU 66496",1364123206,2024-02-22
440f2e2c-e673-4f0b-add4-f581e457e99a,Jody,Gibson,qMEu-68807,Periodontics,3666565746,kingbrooke@example.com,4+SmqHJY!P,"947 Joseph Key Apt. 999
Karenview, ND 30062",1364006067,2024-04-04
f63ef7f8-5cf8-4da4-844b-775386c09723,Angelica,Perry,ljmY-68600,Orthodontics,4235372240,dschmidt@example.com,08yHoDug+G,"1730 Paul Street Suite 104
South Samantha, WY 03395",1364123206,2024-04-03
77b6caf1-1609-434c-9ca0-300ccb2d18a1,Anthony,Gallegos,mNaQ-67333,Periodontics,7888552164,gina07@example.com,WM5vXVcf*8,"Unit 4865 Box 1881
DPO AE 57704",1364023865,2024-01-08
982cff67-6edc-441d-a3e6-4af3f42e7441,Anna,Mendoza,PacV-57482,Endodontics,5929959912,glendapowell@example.com,(ZWEBaLiH8,"743 Alex Row
West Karenview, PA 09150",1364123206,2024-01-26
4a1ff830-6d70-4992-a92e-81033a8e07d1,Molly,Coleman,ltTD-51259,Endodontics,6962645795,cbarnett@example.net,L)8PIv6xhF,"656 Richards Circles
Erinburgh, DC 69093",1364123206,2024-04-07
58ad4ee2-5ec6-4b5d-9fbb-be70f04c0fa2,Mary,Noble,Yakx-63832,Oral Surgery,4216919703,cantutodd@example.org,$D7Mjs+#A6,"58225 Miller Turnpike Apt. 172
Willismouth, RI 93084",1364305026,2024-02-14
2dfe4c72-92f4-443d-ae4d-88a72cb47c11,Jeffrey,Sullivan,sHkD-33210,Oral Surgery,6006564505,ericpruitt@example.org,g1&RIP^w%Y,"0975 Carlos Divide Suite 263
Carterborough, IN 39315",1364258511,2024-04-22
10848d2a-132e-4747-9820-6348cc122d0e,Stephanie,Taylor,IWcc-28682,Endodontics,7544477582,preilly@example.org,!O05uK0d23,"57241 Jackson Trafficway Apt. 221
Raymondborough, MO 30043",1364305026,2024-03-16
bff28ad2-6692-4f7f-b043-74a2eb227477,Steven,Woods,oWwr-57765,Oral Surgery,5094999033,fgonzalez@example.net,Y8uIv#4($q,"58234 Cunningham Harbors Suite 125
Lake Sarah, PW 69362",1364305026,2024-02-29
6fa233cb-23e6-4c0d-9cec-a25b70e77c37,Ann,Dawson,xAOe-45145,Dentistry,9554561945,waltersjames@example.org,8p9mz0DwI&,"510 Jared Ridges
Michaelfort, CT 41159",1364123206,2024-01-23
48f49335-a11e-48b5-9426-c2ff117e46a1,Dustin,Martin,HWHA-01267,Endodontics,7987833890,yjones@example.net,^i8Zri5I@b,"004 Charles Track Apt. 658
Rileyville, MS 24213",1364123206,2024-03-03
015df96c-ed6b-4420-a4b8-6cd8c4e10a92,James,Rogers,aWVo-12180,Periodontics,5624664068,carsonbrian@example.com,w&8DgNo04B,"37438 Bryan Village Apt. 093
West Coryberg, NY 25623",1364023865,2024-01-04
d7d57b50-77c3-470e-a308-0a862fc52b44,Christopher,Williams,XAuQ-18673,Oral Surgery,9623054621,haleynunez@example.com,(Klq1(Cd@L,"51404 Pamela Radial
Taylorfurt, MD 29069",1364258511,2024-02-26
1ca5f3e8-3072-4497-9c48-755cd49ed88c,Danielle,Webb,vnfG-11013,Oral Surgery,9738624896,davissandra@example.com,3_q9R!n2H_,"161 Chelsea Estates
Henrybury, NE 14173",1364006067,2024-01-31
8d2c20c9-9240-4710-b09b-b04182ff9cda,Michael,Delgado,BNkX-22716,Oral Surgery,6574077810,qbrown@example.org,53v@#KAp$D,"23371 Spencer Shores
Martinezfort, IN 57132",1364258511,2024-04-03
4aea4132-3e3a-4673-985d-4a62e275b8f9,Jordan,Santiago,JwKG-16258,Dentistry,5049441835,wjohnson@example.net,)lS!NtgT$9,"4188 Andrew Orchard Apt. 144
Robbinsmouth, NJ 83886",1364305026,2024-04-22
2366709b-bed9-4080-a4a5-a9f99bad0a49,Sherry,Flynn,yEfO-63273,Endodontics,3692561630,owensstephen@example.org,)QNHMi+dA8,"20384 Stephanie Lock
Jonathanburgh, MH 47289",1364006067,2024-01-20
a2cdb14b-3d61-4d1e-b966-0ec9afd43e75,Lydia,Dean,uLCd-84326,Oral Surgery,6208224566,jeffery61@example.net,8MW#*0BfJo,"4146 Laurie Courts
North Diane, TN 31361",1364123206,2024-01-05
acf454c9-61ee-4942-9148-53481337f54a,Thomas,Daniel,ikhR-99238,Orthodontics,6564229937,kimberlymiles@example.com,!!3hMVetl6,"50768 Evans Mews
New Kimberlystad, KY 22772",1364123206,2024-01-20
4a1b44fd-94a9-4075-9ee1-88aff4d0f758,Robert,Drake,adDc-62873,Orthodontics,9774739504,ucarr@example.com,2RM1N1!p0),"61965 Farmer Mountains Suite 651
Longville, PR 23184",1364123206,2024-03-29
cc391507-019a-4c10-aa55-581f1ae98f34,April,Peterson,LIWz-95256,Periodontics,6905199193,olowe@example.org,I_J(7JmD&9,"Unit 9843 Box 5669
DPO AP 48541",1364258511,2024-04-26
4674e864-e8b6-4b02-b3b1-7973191e5455,Brian,Collins,YsGM-84841,Dentistry,3378693110,evansrobert@example.net,k&nb99EQWi,"65229 Donald Club
New Ericland, CO 90268",1364006067,2024-03-23
5cea0115-fa52-4873-a62e-d4f5355248c4,Blake,Roberts,VhMo-42060,Oral Surgery,5236223347,kchen@example.com,@4QOEgqjL1,"2994 Shawn Gardens
Bullockshire, NE 70062",1364023865,2024-03-01
a65c9a26-96a7-43da-b257-5e11e50d46ab,Tammy,Underwood,IvTe-01809,Orthodontics,6316965827,yreynolds@example.org,xFCuKAes+1,"PSC 8252, Box 5584
APO AE 14288",1364258511,2024-01-07
acc40732-56c1-432e-9eb3-8e7cfdafa67c,James,Miller,RSVJ-45185,Periodontics,9488347677,katherine59@example.org,mu55FgoZ@_,"7687 Pollard Grove
Bennettport, TX 15455",1364006067,2024-03-24
da5debf6-74d0-4fc3-b9dc-99dce0e723f2,Jennifer,Hogan,MhfL-56761,Periodontics,2814442285,davidbutler@example.com,b40FhB$jb!,"471 Ballard Place
Davidchester, NH 99755",1364305026,2024-04-05
755c0e7a-8f05-4e6d-bb87-40cabf77b283,Patricia,Garcia,iIuh-38682,Endodontics,5722219876,palmermichael@example.net,Oo3cK*c36_,"808 Allison Avenue
East Michael, ND 67630",1364023865,2024-04-07
24cff9a1-3fa8-41d3-8d58-bb7567ac87c1,Ian,Roberts,zmUS-47393,Endodontics,4472189159,morgan41@example.org,Z^0X2LXld9,"628 Schneider Mountains Apt. 508
Brendaview, IA 86117",1364023865,2024-02-08
8e83e0a2-8d39-4495-9b25-66b6831ccff9,Joanna,Green,fkgd-62717,Oral Surgery,3219251366,karaschaefer@example.org,0W6)S(j#b!,"4442 Leon Tunnel
West Amandatown, PW 76338",1364123206,2024-01-19
242dc8b0-66ef-4a16-872c-b40f1886d5ac,Austin,Blackwell,IWNl-99217,Orthodontics,7886727032,brownkenneth@example.org,!9bmMTug%A,"78877 Kristina Trail Apt. 460
North Rachelburgh, MD 40689",1364006067,2024-02-07
d47de94d-9a30-4ace-8fa7-f5ec563d812a,Justin,Small,vVQk-79332,Orthodontics,8333584026,rachael66@example.net,$P5uyUypoH,"259 William Isle
North Ernesttown, IL 32168",1364258511,2024-02-27
77f7fd44-70bc-4254-ac10-da994fd8d3f6,Peggy,Thornton,ozeE-25236,Endodontics,2673423666,ndurham@example.com,oqB8!PSF#*,"710 Theresa Flats
Lake Melaniefort, AS 14964",1364006067,2024-04-06
a23d9dab-ba22-422e-b1ff-3949c045981c,Erica,Brown,KYIe-69160,Dentistry,2225586730,reeseamber@example.org,6%ug11RvP6,"300 Aguilar Well Suite 331
Williamsport, WA 11312",1364023865,2024-03-01
1a3fa202-5cd3-4417-b539-9ae671590c89,Thomas,Nelson,bzEh-93145,Dentistry,7085801120,tommy57@example.org,A13IMqv1$+,"522 Baker Ferry
North Tammy, IA 29888",1364305026,2024-02-02
a2c0768b-d5da-42b2-89b0-320692b4bd7d,Ashley,Jackson,agZi-48787,Endodontics,9822091986,julianjones@example.org,uF!Qh3Db!l,"7454 Ryan Pines Apt. 477
Selenaborough, SD 94126",1364006067,2024-03-04
31c6d200-f99c-49bc-95e5-5ab12420a60b,Michael,Lewis,Blrk-95178,Oral Surgery,7158474237,ibest@example.net,$8M7iADp@Z,"7354 Williams Junctions
Richardland, PR 25536",1364006067,2024-03-29
e7e42f65-0f1b-4d39-8407-f94996b3216f,William,Andrews,slcu-58141,Dentistry,3067553162,garyfrederick@example.org,*iYWappE2a,"PSC 6155, Box 0599
APO AE 06756",1364023865,2024-01-14
2ceeafec-c3d0-4ac8-b264-61d5fa1222c2,Corey,Travis,rrjM-53815,Periodontics,7226856289,glenda84@example.net,@T!pKsXDG7,"Unit 4851 Box 9694
DPO AE 54749",1364023865,2024-04-17
b79251e4-d40a-4cf0-ac37-10cad047a6c8,Kelly,Kim,ceyJ-01474,Periodontics,6235171941,thomaswinters@example.com,O*tYYmnk^4,"Unit 2508 Box 9555
DPO AA 36479",1364258511,2024-01-02
562e19af-503d-4787-8e05-0c121cf3e267,Jessica,Arnold,cxjF-90138,Oral Surgery,3739418967,cathyterrell@example.com,*0Lop+aM!5,"1260 Michael Green Suite 306
Alexanderport, VI 79268",1364006067,2024-03-22
9301d891-b0df-48d8-8ef3-e98c04f2ad70,Yolanda,George,yveG-91285,Periodontics,2056539680,mgutierrez@example.com,rP1S$4XxgZ,"0885 Michelle Pike
West Georgeshire, AK 24507",1364006067,2024-01-05
7ab0d4e3-eeab-44a8-8472-445219354142,Madison,Guerrero,WVkW-52201,Dentistry,2018525704,ricedonald@example.com,$1F6Eylu59,"PSC 7164, Box 5081
APO AP 40458",1364023865,2024-03-17
7ff3a571-1479-40fb-89bb-520456a25df0,Jean,Perez,CqfZ-05928,Periodontics,7287406456,jonathanreeves@example.org,L*f3TNkAvH,"6263 Sarah Manor
East Nicolemouth, NH 77385",1364123206,2024-02-17
6b32c9c2-92a2-4b1b-a6e8-8b86c69bc14c,Samantha,Duncan,gvpl-22065,Orthodontics,3005242836,jonesdanielle@example.net,(A8G)I$mEs,"341 Edward Locks
Christianville, IA 42333",1364123206,2024-01-15
aa90ebe5-7715-43bd-b2cb-4ffdbcb33f39,Jacqueline,Peck,faWR-28274,Oral Surgery,6445392081,johnsgrace@example.net,#3QS88thRt,"006 Theodore Harbor Apt. 962
Thomasberg, PW 78451",1364123206,2024-01-27
ce0ede73-e1d7-4050-b479-0e514d614177,Craig,Gibson,JPXi-27070,Orthodontics,5978523083,vroberts@example.com,A8#C1kDf^I,"76312 Brianna Mountains Suite 772
Claudiaton, OH 27005",1364305026,2024-02-02
5a42eba7-73c9-40f0-a079-f32dad0c0a80,John,Foley,xIbg-70616,Endodontics,2249812081,markwatkins@example.net,*LFL+_mlT7,"6591 Laura Squares
East Danaburgh, GU 84531",1364258511,2024-03-12
76a193a7-a5b9-47b1-b5f1-a95e4308e92c,Janet,Sims,FtYE-94729,Endodontics,3222876797,morenolauren@example.com,@K)P^$dC^0,"13529 Steele Burg
North Gabriel, ME 85167",1364006067,2024-04-14
57180c10-f7f0-4164-bbdc-a10532d9309a,Darlene,Wright,JMfM-33879,Orthodontics,5983904278,lindseygrant@example.org,qZ+3Luq5MZ,"62894 Barnett Streets
West Keith, MT 22762",1364258511,2024-01-06
13f784b7-2ab1-402d-aea0-4a79f3dced66,Gerald,Reese,WSIG-85701,Oral Surgery,4679274135,vstevenson@example.org,)8ITWzlt#4,"980 Kelly River
South Abigail, MS 27496",1364258511,2024-03-21
47d43583-13c8-4af9-a816-3abc9c77faf1,David,Rogers,OWsB-70241,Dentistry,4759512444,kristyrodriguez@example.com,AW5DDiqe9*,"6472 Whitney Shoal
Lake Chelseaborough, AL 47460",1364258511,2024-01-22
6e05b742-435c-4aa4-8054-c34c15cd34f3,Elizabeth,Salas,YSLu-78856,Dentistry,8315824366,dakota30@example.net,M#6V!^NiI6,"40915 Mills Estate Apt. 086
Lake Anthonyberg, GA 32423",1364305026,2024-03-17
e73d8664-44ca-4be2-8620-d2223ed40fb3,Suzanne,Juarez,WaZY-33805,Oral Surgery,3695588722,porteralexis@example.net,oHW6GYpi_%,"30035 Ariana Brook
Port Michael, NJ 89292",1364006067,2024-01-22
b55d252f-1230-428b-a30c-b62c21f39483,Susan,Holloway,rBjk-45166,Dentistry,3415108911,wcox@example.net,UersSbP&^8,"2165 Miranda Trafficway
Lake Karen, IN 63728",1364023865,2024-01-22
48e1d06c-eb30-4d93-afc4-bbbaa457d50c,Alicia,Young,JXoi-35226,Oral Surgery,8965415085,jim48@example.org,4(7bjSasK6,"251 Kelsey Drive Suite 819
Lake Taylorland, DE 39805",1364123206,2024-03-27
7005fba4-fc9c-430c-89aa-b13471d85b59,Michael,Weber,ZVok-15769,Dentistry,2525089390,emily44@example.net,$9GkIdszc4,"548 Rhodes Branch
South Lori, FM 79740",1364258511,2024-01-01
e14ba899-add4-4025-a46c-b1cf918ec1bb,Martin,Mendoza,Dazv-73070,Endodontics,5037693680,justin04@example.com,^!(49KkA$#,"0765 Miller Springs
Karinaville, CA 10006",1364023865,2024-03-07
ed72e4d8-33c6-4236-93db-f087c4033ba2,Tiffany,Hancock,AGGD-76141,Endodontics,3286067868,ronnieferguson@example.com,j@QHoqyo$1,"Unit 6134 Box 3692
DPO AE 49056",1364023865,2024-03-09
1f6388cc-b176-46b5-a8bb-5ae0fcd8b294,Christopher,Garcia,GjgV-81236,Endodontics,5703221973,williamsrobert@example.org,Wu+mC0zy!9,"3304 Shawn Square Suite 169
Lake Juliebury, CA 55636",1364006067,2024-02-17
763dab0c-2ea9-40da-883a-cebf308fc4d9,Tonya,Kelley,rcWb-28187,Dentistry,5548165737,michaelzimmerman@example.org,p0z%1Nrik%,"3689 Janet Well
North Janethaven, MP 45847",1364006067,2024-03-28
a53989dc-796f-4386-845e-49fd07b042a9,David,Hernandez,fVkc-41868,Oral Surgery,4902173835,nicholsonshannon@example.org,5ux5BEh+^!,"33628 Black Haven
Knightville, PA 18387",1364258511,2024-01-28
e4cc19ca-225b-4791-bb5c-1bfadb1bf7ef,Adam,Bailey,GrTL-22149,Periodontics,8233497298,matthewrobles@example.org,vz1i7IPs__,"53686 Rivas Locks Suite 192
New Bethborough, NH 33882",1364123206,2024-04-20
44c23415-eaeb-444f-8c74-cfb3d180f345,Megan,Frey,BJpZ-02857,Endodontics,9466581504,kristin88@example.com,%!F#7b4D1x,"757 Tina Summit
Andrealand, TN 33822",1364305026,2024-02-14
c1c49312-3c99-4a72-83bd-07e23c4c7213,Kenneth,Walker,Kugh-80039,Endodontics,9964361109,brianortiz@example.com,+wAuK^QxF9,"54851 Michael Estate
Davidmouth, WY 41399",1364023865,2024-02-21
8f378a46-c583-4201-85d2-d49475b361da,Janice,Chang,wtzb-12374,Periodontics,4726487272,lowekimberly@example.com,$TFI&Sun_2,"29338 Jason Wells
Port Michael, MN 40303",1364305026,2024-03-08
3890a63e-7e36-4fff-913a-cf3186c9fadf,Janice,Suarez,LAPa-71028,Dentistry,7436563272,ugreer@example.org,*@3ER1$jo#,"3005 Andrea Ridge
South Pamchester, MS 97343",1364006067,2024-04-14
2d820b7b-af76-443d-9306-6b1e2e373235,Michele,Castillo,tLsl-35388,Endodontics,9422942718,bcarter@example.org,41Sml4bJ@h,"9854 Alicia Flats
Jacksonland, VT 20238",1364023865,2024-01-11
3dab32e7-f367-40df-bb4f-5a34b0f73727,William,Gates,URvJ-77398,Periodontics,2226583119,wgarcia@example.org,soD9Rf$*P+,"Unit 4278 Box 0167
DPO AE 93921",1364123206,2024-03-31
3b697478-8031-429c-8ab2-f7e0623779d1,Kristine,Gutierrez,bzQp-60922,Orthodontics,2278827018,alisonpierce@example.com,g)7N$Mg6SM,"USS Jarvis
FPO AE 40366",1364305026,2024-03-11
e3f1d0be-b99a-49da-bd86-03531c2dc5d1,Richard,Burns,kJIg-21355,Endodontics,2219804637,burgessbarbara@example.org,@0Pfp93Ojw,"66940 Julie Glen Apt. 460
Port Edwardshire, MD 06942",1364305026,2024-04-26
fe00ee68-71a2-4e94-9d06-aa0dfa4cdccb,Michael,Smith,kWsj-34403,Endodontics,6016884865,adamsashley@example.net,i)03I^nl+O,"1525 Samantha Loaf Apt. 725
Ralphland, MP 36323",1364258511,2024-03-05
83241e69-2328-45bf-90b9-8cc048e2e102,David,Hoover,tajr-51913,Oral Surgery,8804047428,jamiejones@example.com,#ZDd1Ic7p1,"634 Catherine Pine Apt. 774
Millsshire, CO 11017",1364023865,2024-01-03
63bbcd38-6afd-46f8-95d8-d33ecd2bb8c3,Kathy,Tyler,MAie-17039,Oral Surgery,5626746491,johnsonmichele@example.com,%$7X7deuHS,"7455 Jessica Row
Ryanberg, CT 91431",1364023865,2024-02-16
2354afc2-a3ee-4c08-8442-d4a96aba7ae4,Lindsey,Dyer,yxEr-19349,Orthodontics,7325831533,stephanie60@example.org,^6T2PBo4ti,"774 George Way Apt. 959
Jonathanton, DE 67077",1364123206,2024-01-04
713372ea-99a9-41e4-98a8-bd5e8f937746,Rachel,Kline,nUCi-06756,Dentistry,9598424516,chasemelinda@example.com,!UL$$y)lU0,"6842 Jeremy Mountain Apt. 249
South Lisastad, NV 98859",1364123206,2024-03-09
069e2abd-95ce-47fe-b891-d1d89d334ace,Kelli,King,PkDg-38510,Oral Surgery,2954658590,perrynicole@example.com,)U4kDvKxoI,"264 Scott Shoal
New Amandahaven, OK 12056",1364023865,2024-03-15
368155a0-7dcc-4877-8204-6f5f893ee62a,Kevin,Thompson,gGVn-25476,Oral Surgery,2235043398,justin23@example.org,vgk9Dsal*r,"356 Schneider Glens
Carolineton, AS 81821",1364305026,2024-01-07
4e4ff1f0-4194-4eeb-9ac3-08a44a556dbe,Mary,Jones,thlZ-36958,Oral Surgery,9515775059,martinezvirginia@example.net,^y8DhLrN#i,"9638 Haley View Apt. 070
Matthewland, NH 12621",1364258511,2024-04-08
a959ada0-abb7-41c4-909d-9436efb17b20,Victoria,Johnson,vfvG-03121,Dentistry,3207043651,marie41@example.org,^khbgTtYY4,"687 Shepherd Courts
Payneview, KY 62741",1364305026,2024-04-26
bb28f7d7-12b8-4784-b687-d472ede289a0,Mary,Perez,vPpr-05346,Oral Surgery,3855759242,nsmith@example.com,*F8UmRmv@5,"PSC 6274, Box 0707
APO AA 91085",1364023865,2024-02-05
dbe2aae8-a027-444f-bf8d-c5fcd65b9550,Cassandra,Allison,rpQD-21014,Periodontics,8975554377,jessicagonzalez@example.net,%bRPDVQl%4,"74945 Goodman Ferry Apt. 630
Port Sarahtown, CA 74687",1364123206,2024-01-15
eea470c2-77eb-41d6-9204-cd45d324b6e3,Ebony,Jefferson,Bhdj-56008,Endodontics,3816677361,ifoley@example.com,KS2u*TmQl!,"7350 Kennedy Ramp Suite 361
East Kevin, NY 21518",1364258511,2024-03-14
58ae3b0a-8dae-4285-aea3-4e538c258053,Anita,Glover,UQOj-69157,Oral Surgery,7905434877,calhounkelly@example.com,rcw7D+lr(),"3223 Brown Harbor
South Donna, PA 71212",1364258511,2024-01-23
ccd51006-d483-4058-bc2b-6dcf08e9c432,Stacy,Horne,jsIV-58109,Endodontics,2529662393,charles51@example.com,@3wC4TqvfW,"234 Li Island
Port Jeffreystad, SC 81956",1364123206,2024-02-09
978f6320-e714-441c-842f-d1c251804c73,Christopher,Sanchez,NXBi-18573,Orthodontics,5804166544,hunterroger@example.com,WMc&Nn&O*9,"931 Beth Burg
Lake Jeanland, WV 17268",1364006067,2024-02-04
8b1f40b7-dc79-4cc9-a772-3ac143457bba,Craig,Silva,CJHB-39079,Dentistry,4252274615,donnaglass@example.org,VPy^(8GfO#,"0550 Lee Heights Suite 155
New Sheryl, TX 80741",1364123206,2024-03-03
13810d6c-a5e9-4b27-ab2d-f6b864123abf,Sandra,Thompson,lYzy-94355,Orthodontics,3669417777,phammary@example.com,)00BxqWPVv,"209 Richard Skyway Suite 600
Smithbury, ID 37833",1364006067,2024-03-26
607986f3-415e-4308-ad8c-2a42329ed453,Tammy,Johnson,ELgi-66402,Dentistry,2872569174,moniquegarrett@example.net,Btp2L4Sn$0,"75008 Brenda Crossroad Apt. 298
South James, KY 67284",1364258511,2024-02-16
78104393-861f-4b1a-bb45-d01b10860b98,Michael,Haley,QdnG-20987,Periodontics,9935677467,rprice@example.net,tk(2OWj2FJ,"1974 Smith Flats
Gonzalesstad, WY 20514",1364258511,2024-02-23
e966ec2a-d0e8-4279-a4d9-943f1772a313,Dale,Howard,CwNz-05214,Orthodontics,2438432772,brooke45@example.org,vhql6Whuy$,"549 Scott Station
Port Anthony, VT 32240",1364023865,2024-04-26
74f9f6c5-03a0-4425-9c92-7bf7db12fbdf,Joseph,Sherman,mteU-11961,Periodontics,5684478072,annanderson@example.org,)5)VNA^CYg,"4749 Castillo Valley
Taylorton, LA 66186",1364023865,2024-01-10
be9b0ad8-0c62-40cb-8ed8-553f0870f603,Seth,Hicks,ZjBM-90836,Orthodontics,7834929697,joshuajohnson@example.net,X4K2SgHQ*j,"08228 Gray Falls
North Karenville, MS 33302",1364123206,2024-01-08
a0c3eb54-19d8-4e05-a2a4-76dda6e80c9b,Justin,Horton,eOYf-47901,Orthodontics,4353874664,joseph10@example.org,&6*dV*Wy6E,"6063 Emily Trail Suite 026
New James, WY 96451",1364023865,2024-02-22
f61447c8-dee4-4605-b145-6f1c016ed382,Thomas,Neal,LrdF-27106,Dentistry,8984248735,andrewsanchez@example.org,^^+pz57gzO,"6561 Terry Highway Apt. 002
Gutierrezport, CT 72122",1364006067,2024-04-15
d5f1e3f3-fc72-4f98-bd8b-9660318e257b,Andrew,Griffith,gCrR-03536,Endodontics,8775921213,sandra66@example.com,@6znHp#3Jb,"PSC 4615, Box 5739
APO AA 61850",1364305026,2024-03-20
432fe194-1296-4519-8436-e08d9a333b2c,Jesse,Peters,DxOC-46734,Periodontics,9736142934,jaustin@example.com,)!iBQFEto9,"33844 Taylor Drive Suite 026
East Marcus, TX 17423",1364258511,2024-03-23
5a44f10d-cfaf-4a5b-bd9e-d2cb3eaadbd7,Christina,Fry,HSUD-62496,Dentistry,5537027202,ghicks@example.com,X$P3rMGqPO,"Unit 6452 Box 8245
DPO AA 10073",1364006067,2024-03-15
b9035097-19ac-460c-82bb-36f4dce6c619,Laura,Snyder,hPRj-30863,Periodontics,8985538827,johnwong@example.org,etg3EAs#r),"016 Johnson Lake Apt. 845
Edwardsshire, ND 85325",1364305026,2024-04-17
e74504b0-e6ba-481f-b9ee-982aff8b71c8,Gary,Reynolds,PSne-69311,Periodontics,4885944206,spenceanna@example.net,1IW%$iwj_U,"558 Smith Meadows
East Shaun, WY 22628",1364023865,2024-02-05
1ec91eb8-7d22-49bc-b027-e8f531be656d,Jeffrey,Russell,uYMw-33237,Endodontics,2002889588,william66@example.org,&cgKBxqw+3,"525 Gomez Station
Richardstad, MA 15578",1364123206,2024-01-14
1b2e72e1-ba54-4f46-87f5-77e6cdd7b7ce,Nicholas,Hamilton,Losx-38264,Dentistry,4432684613,jenniferwebb@example.net,$IBqt&MEh5,"0970 Christopher Shores
Dillonport, CO 59610",1364123206,2024-02-27
a33fc3bf-3c13-4a1a-8951-4703d6e216b6,Thomas,Stone,YMsp-68007,Dentistry,2898548667,williamsmichelle@example.org,bm7KyPfg_),"7505 Becker Mountain
North Kristine, MH 03470",1364123206,2024-03-06
1512871f-0d80-4dad-82e6-4a1f94192af9,Stephen,Jackson,DIQF-71349,Periodontics,4558143588,gallegoskimberly@example.com,w0r2wWXzs%,"USS Wilson
FPO AP 84859",1364023865,2023-12-30
22a3828e-b4fe-4660-a79a-a2502d3c7a28,Kelli,Burns,vprG-05847,Oral Surgery,2029168739,kristine20@example.com,&WrIi0WlV_,"89682 Blackburn Skyway
New Saramouth, IL 55269",1364123206,2024-02-14
7ae5a88a-8a1a-4a3a-89d6-85000bbc8f59,Daniel,Graham,YUQf-64486,Oral Surgery,2935297567,jeremy78@example.net,%7SkQ5z93F,"52188 Mack Mountain Suite 255
West Brandonborough, IL 91726",1364006067,2024-02-18
0caeca20-8b96-4e64-96b2-4cc1043cce68,Matthew,Gray,GcJm-78083,Endodontics,7692621418,aaronruiz@example.com,f_4350Le&Z,"23011 Annette Ville
North Valerie, MA 79019",1364006067,2024-02-16
6aaa02d2-fc71-4e98-8dac-29e9df9a31e4,Maria,Powell,PdNT-83744,Oral Surgery,8959894784,fscott@example.net,K!_E85Mk#+,"404 Guerra Pike Apt. 431
Carlamouth, WV 26038",1364006067,2024-03-31
f494e674-6041-4d69-a43a-74b2e1782f09,Gabriel,Delgado,jZea-18914,Endodontics,4086707562,heatherhill@example.com,@F5P&Bx4dH,"055 Michael Mountains
Mclaughlinberg, AR 75335",1364305026,2024-04-16
5d247ab6-af04-4e40-8b3c-d3a5c8be9a70,Michael,Johnson,TaGc-08244,Oral Surgery,2838616602,pecklisa@example.net,eHDORIOi&7,"366 Watson Locks Suite 839
West Jose, MI 74044",1364123206,2024-02-17
abd1f205-aaa9-4cff-b69a-641478f19615,Christopher,Brown,qUQX-95874,Endodontics,6748093193,dickersonkenneth@example.net,@02SG1Xq%*,"05904 Fisher Crescent
Brentstad, NJ 36657",1364123206,2024-01-22
725682d9-2834-4d95-b8ce-726a7e9fc72e,Janice,Franklin,svFE-17164,Dentistry,5714976913,clowery@example.net,nJ)V2Fxcu3,"215 Harper Isle Suite 856
Henryshire, OR 32132",1364305026,2024-01-03
6dab4180-0290-4f23-bb7c-578f7ddcb13b,Logan,Rice,wqxv-18552,Orthodontics,9774398300,katherinerice@example.net,d7@Wn#ni)o,"PSC 9523, Box 0359
APO AA 58992",1364006067,2024-03-08
9d121732-5ca7-474d-a735-64c8ed201504,Stephanie,Steele,suQN-38362,Periodontics,9937154800,peter53@example.org,N!@2oCx2HZ,"5100 Lopez Valleys Suite 047
South Kelsey, IA 55352",1364006067,2024-01-19
a586b8e1-ff3a-443e-a5d7-9aca02c03b69,Christina,Tucker,emvI-39495,Oral Surgery,8913912538,wjacobs@example.com,t6)KsLSj$%,"073 Allen Hill
West Stephaniestad, TN 53188",1364123206,2024-04-17
1bda4ee9-b43c-46df-8a7d-1662b21865ac,Mark,Cruz,QsAm-65512,Dentistry,8406396147,helliott@example.net,Ub_4MlzKA),"0709 Walker Ports Suite 782
Port Olivia, MO 50326",1364305026,2024-01-15
a79bae1c-d105-4aa7-b9f1-a625d5490876,Kathy,Walters,MTEq-72898,Dentistry,5968982715,williamszachary@example.com,!jW7Hku(%3,"PSC 7911, Box 6817
APO AE 62936",1364023865,2024-04-19
51158dc4-422f-49bf-8ba1-9d4f8ba3fb7a,Emily,Hoffman,QdiF-79511,Oral Surgery,6473706710,elizabethcrosby@example.net,)!AdoeJbz0,"511 Bautista Streets Apt. 791
Mooretown, MI 13862",1364258511,2024-02-14
a494b0e0-c447-4c90-a776-05b1321aec97,Heidi,Payne,CHtw-26320,Oral Surgery,8987222381,nicholas69@example.com,!_cVn6Ys&9,"07995 Williams Crest Suite 118
South Susan, ND 45784",1364006067,2024-04-21
7aa16d0f-8cdf-468e-b6e2-843fe54df672,Daniel,Walker,SEJL-94513,Dentistry,5975814101,odawson@example.org,*3RYNwv@D$,"10400 Kelley Junction
Port Joel, MH 38063",1364305026,2024-04-03
45583c54-db66-4a5e-b2db-ea540b6f7282,Aaron,Marshall,tHuO-95219,Dentistry,9956724909,icollins@example.net,u88TKZz3L@,"18824 Fowler Isle Apt. 937
West Donna, MI 24601",1364123206,2024-03-18
2c711508-51ce-4163-8ef3-61362fec9c15,Anna,Ward,xCaQ-94203,Periodontics,4316103360,bryankelly@example.org,YU$3KwKfWq,"3476 Nelson Harbor
New Christianfurt, GA 34870",1364123206,2024-01-11
9b796f22-e5da-412f-b922-8e02f0e487c0,Deanna,Molina,kfyi-64496,Dentistry,6933909497,changneil@example.com,9vNbbun#_9,"PSC 7764, Box 5442
APO AA 52873",1364305026,2024-02-07
a45eba6e-ade2-4e80-bf40-8462ce6129a7,Cody,Collins,OpCl-61599,Endodontics,9642845044,jamie65@example.org,KHJWqvfB*7,"569 William Squares Apt. 062
Robertbury, TX 54001",1364123206,2024-01-17
69f7b534-71d4-4d7d-9b31-adf47bf8b085,Justin,Norman,pXuZ-74438,Orthodontics,5835621110,qparker@example.net,&7NrRqe0n8,"574 Fischer Inlet
North Tammy, FM 30613",1364305026,2024-04-09
28afe8e5-785d-470c-9311-3d3771bed0f1,Christopher,Weaver,ywHr-76541,Endodontics,3358644134,jacobschristine@example.org,z(+2(aSz9%,"USS Collins
FPO AA 96980",1364006067,2024-02-06
74c3cdac-cf14-4edd-82db-4d6a3762d723,Kim,Colon,Bahh-27428,Oral Surgery,4794846238,ann14@example.net,8o6wPolNj&,"14463 Melton Prairie
North Victoria, IL 67598",1364305026,2024-02-20
811e6f8c-c154-457c-afec-5451bd7bfc95,Nancy,Moore,NOln-84142,Orthodontics,5799585379,maria75@example.org,$Ym8Nf1g&9,"2913 Johnson Circle
North Michael, CO 26837",1364023865,2024-04-17
bd08d7b9-1bbf-43a5-896d-c0407222582c,Melissa,Nicholson,uKLu-53536,Oral Surgery,3323829477,luis33@example.com,JTSKpE0v&0,"Unit 9902 Box 6162
DPO AA 82638",1364006067,2024-02-27
b92f173c-4328-4d56-a950-1ec2f77d895d,Daniel,Hammond,yETX-58059,Dentistry,8533407203,adamsjeff@example.net,Ad^r4GkfG!,"USCGC Barnett
FPO AP 45449",1364258511,2024-02-17
4a99a953-3411-4db2-a2c2-92da38217c95,Mary,Reeves,KoeR-34668,Orthodontics,7993545289,elizabeth67@example.org,5QLBUOaq@T,"980 Zachary Groves Suite 716
Lake Michaelton, VI 93279",1364258511,2024-01-16
e3bc30af-09e0-4844-9fb5-e55a8b75b919,Debra,Ellis,GNql-69393,Endodontics,4179911682,petersontyler@example.org,hWD(5+ZpCD,"5242 Scott Throughway Apt. 432
Jaredbury, SC 28264",1364258511,2024-04-10
9db3c485-0ae9-4b3a-abcb-2038092f7822,Larry,Powell,gvyA-56482,Orthodontics,5063252235,maysmatthew@example.com,^#1t5CVyq#,"286 Grant Coves
Mollyberg, MS 93698",1364006067,2024-03-24
98f3117d-b55e-48c1-bbb1-01b369dff4b0,Craig,Reese,Cqhd-78089,Orthodontics,4957157150,james20@example.net,zo1nx2Ex&t,"28826 Jacob Place Apt. 537
New Linda, AR 41609",1364123206,2024-01-07
c4953180-d242-43db-a4e2-cb02a3d5385c,Kristi,Evans,pHwj-08249,Dentistry,3102046700,james43@example.net,$RTU83Ojb2,"6865 Miller Road
East Shannon, VI 16264",1364305026,2024-01-05
f7d149f2-c1a0-4728-8e52-458b255f4f8e,Michael,Graves,qjPQ-92540,Orthodontics,5496775228,taylormichael@example.org,g#2yURjxss,"1280 Clements Squares
Pamelaburgh, CT 90570",1364023865,2024-01-24
7702bcfa-f1a5-4b87-b0e6-3b4c7bb2ea7d,Sharon,Lopez,KLvU-90777,Endodontics,8163258549,donnanorris@example.org,!29K+f#b@z,"5681 Tiffany Pine Apt. 271
Lake Anthonyfort, MA 03841",1364258511,2024-04-11
c5051634-172a-44d7-813a-5ec905153046,Daniel,Sheppard,NajT-15430,Endodontics,5245713408,ericavila@example.net,#G(GWvhy31,"95177 John Via Suite 841
Jofort, AZ 98729",1364023865,2024-03-08
480a3caf-20ed-42e7-b693-f00cd53ba589,Martin,Bates,lzTs-64978,Periodontics,7909212518,sean14@example.net,wV7P5NEhk!,"52497 Michael Glens
Hallmouth, AL 21264",1364123206,2024-04-24
255b8376-9f6b-40ed-8b7d-5ab71a7e4d32,Joshua,Davis,XhKx-98861,Oral Surgery,4173747104,martinheather@example.org,f5IoG7%S%h,"945 Carlson Plain Apt. 544
Dawnville, SC 20416",1364006067,2024-03-12
6d5728c5-2b7b-460e-be10-4e7761a382a4,Dawn,Lara,kUTm-63161,Oral Surgery,6673657137,shamilton@example.com,6sGuEgjq&0,"3950 Holloway Oval
West Brandon, MI 80658",1364123206,2024-04-13
b97b32ac-af5a-4cac-b076-ce625b00d6ea,Richard,Carpenter,lDhb-01551,Oral Surgery,2833841228,jconner@example.net,!m6JRIy@&@,"207 Brittany Square
North Kevin, MS 19001",1364258511,2024-04-15
7aa334af-56c9-494c-8f78-cd42f85efc49,Jennifer,Duncan,FZGP-68287,Endodontics,4719452394,crodriguez@example.net,)^4ju^Xzbs,"PSC 7374, Box 5646
APO AP 67590",1364123206,2024-03-08
88f97804-41f0-4b4d-b1fd-1401dc24ddcf,Harold,Diaz,BjpU-40710,Periodontics,6717531947,jeffery86@example.org,+5ZYiImp@@,"0622 Amber Summit Apt. 591
New Kellie, GA 03521",1364123206,2024-01-14
5268647e-b6fe-4c4a-807c-bf09048dc783,Ralph,Jones,wzoq-31958,Dentistry,2463345452,carrolledward@example.net,#7DJLgr*o!,"3575 Smith Ridges Apt. 610
Stephensmouth, MP 34002",1364305026,2024-01-15
9560e79b-e98b-4c3d-85fc-fc67eb62f454,Michael,Butler,xokK-27985,Oral Surgery,7896606142,shelby65@example.net,j5P03(Jr(t,"806 Lopez Camp Apt. 571
Cantrellville, FM 05602",1364123206,2024-01-28
4977ffa9-a3a0-4ed1-8148-cfc0b87d8eb9,Hunter,Price,PkHj-78868,Orthodontics,7167516024,shirleyclark@example.com,D!x20*dsXZ,"2011 James Crescent Suite 607
Joycebury, RI 94979",1364023865,2024-03-27
26252725-9dd0-4b69-ae39-39b0dfafcb73,April,Douglas,wJnc-82928,Periodontics,8706272762,robert70@example.net,u@(B4Fzydk,"2416 Valencia Mountains Suite 063
Port James, SC 74068",1364258511,2024-02-20
34723104-7171-4535-8f93-e58d2d60ff65,Francisco,Wright,cbjn-53478,Dentistry,3839818017,zgross@example.com,$07MfRyx$(,"96666 Joseph Drive
Fitzpatrickton, RI 12635",1364258511,2024-03-13
54c2c4a8-24c5-4f2d-adfe-e38157d2e820,Phyllis,Johnson,Lkcj-84174,Oral Surgery,7789596350,campbelldaniel@example.com,Z6@&9BQynH,"95317 Beck Village Apt. 306
Lake Erik, KY 79023",1364305026,2024-01-03
8f7548ae-1647-448f-a24d-63bec6599c7a,Mitchell,Davis,OneK-41648,Endodontics,3156266281,cherylvaldez@example.org,*n@0%SaRF7,"469 Hernandez Crescent
Evelynland, SD 55061",1364305026,2024-04-19
8c8f6ae1-46ce-4fed-8abd-6dce2e860e83,Jeremy,Torres,otsa-49699,Orthodontics,4696527469,sullivanjudy@example.org,yNG%8Bn9ER,"807 Jeffrey Locks
New Leslie, MP 78512",1364305026,2024-04-11
0d30afb5-c4da-4dcd-b40d-45e8e1a54912,Raven,Jones,gtQD-06249,Periodontics,7232107382,wayne52@example.com,M##7Z#u5Wk,"12380 Suarez Ridge
South Joshuaberg, AL 12436",1364258511,2023-12-30
e0dc19a4-36b3-40b3-9659-f1db19262c51,Tabitha,Castillo,owDr-96383,Dentistry,7324788225,john28@example.com,A0!LdsLp+%,"4469 Jason Plaza Apt. 223
Suzanneburgh, MD 88948",1364305026,2024-04-16
ebf3aba8-8c8f-456f-bdc7-f9220cf00f1f,Evelyn,Flynn,BTQT-89986,Dentistry,7673638200,lewisemily@example.org,z_#7pKim+_,"026 Hall Burgs
North Cody, IA 58427",1364305026,2024-01-27
ec5b661d-c6ce-4f80-88c8-7405b6310122,Jordan,Lamb,juaZ-21542,Orthodontics,9319997434,jessegilmore@example.net,O)_jyKh3*2,"396 Robin Crossroad
Bennetttown, SD 94910",1364305026,2024-02-11
61913ed5-f082-4395-87ab-1fe09c22c99d,Lawrence,Jacobson,RyPN-35343,Endodontics,3473752772,richardbrooks@example.org,*tkv9XwgAA,"9289 Hill Plaza
Crosshaven, ND 07816",1364123206,2024-04-02
37ec0131-7cf4-4e2c-a1d1-7f8552ff7154,Heather,Cunningham,llrb-65152,Periodontics,5425369147,dhoward@example.net,vgxd1*Cy3^,"6068 Griffith Walk
Sabrinachester, CO 06522",1364006067,2024-01-05
bd5cf2e8-3061-4607-bce1-a9cbccaa8825,Dennis,Warren,NjYe-47615,Orthodontics,7978287508,ronniemarshall@example.net,%85LeDEaJ@,"355 Edwards Mountain
Dudleyhaven, FL 10412",1364023865,2024-03-01
b679644f-477b-446c-9d15-1bb18f2fddfc,John,Martinez,wkNh-02382,Endodontics,3857528850,djackson@example.net,hqJ5OEgEz$,"962 Davis Ford
North Rhonda, WA 33296",1364305026,2024-02-20
ff0a19e7-c2d0-4352-9ea6-ad822828c803,Monique,Anderson,IYVV-70217,Oral Surgery,3624841382,billy06@example.org,64QMe7lf$@,"65020 Martinez Hollow Suite 804
Cristinabury, AR 99137",1364123206,2024-01-07
f5aac490-741c-478b-9e42-5c138ea6daf4,Benjamin,Hill,evrW-79366,Endodontics,4456816456,emann@example.net,$1F2zR!u2u,"USNS Rice
FPO AE 79347",1364258511,2024-01-03
76934e06-aaad-405a-b23b-1106376a9f4c,Rachel,Nelson,NJww-57943,Orthodontics,5908223866,josepherin@example.net,^T4LUndmzW,"USCGC Rodriguez
FPO AE 50563",1364258511,2024-03-04
5d065dd1-aed6-4953-86f5-26b63b6e5284,Marcus,Owens,Ixkk-11942,Dentistry,8006667608,ewarner@example.org,3lYj0bah&T,"61115 Bauer Overpass Apt. 459
West Alexanderside, RI 01955",1364023865,2024-01-10
370eb91b-ea10-4ec5-9749-7228f8b865e3,Sharon,Thompson,szZA-60740,Endodontics,5749308739,michael75@example.org,&@6CmK8vqm,"65783 Smith Summit Suite 295
West Marilyn, OH 07716",1364123206,2024-04-18
8c0e073d-61ec-4472-81b1-a9f321222c69,Bryan,Lambert,qbep-77688,Periodontics,6169188344,shannon14@example.com,m%TX4EjQqg,"0650 Brown Cliffs Apt. 227
Davidstad, WI 05015",1364258511,2024-02-01
6e834891-c56c-4363-b65f-e680cd9827f7,Christopher,Ramirez,zESM-55433,Dentistry,6118822520,lauracole@example.org,8r7DLzLf!k,"5538 Miller Course Apt. 920
Theresaland, MO 01304",1364258511,2024-02-19
4d08a0aa-2d8d-4320-945b-7d5fd298f6c0,Maria,Johnson,Qrzw-04809,Endodontics,2487938962,angelahenry@example.net,$1zKQVeXOa,"69915 Thompson Valleys
Julieland, OK 86147",1364023865,2024-01-30
85326953-c79a-4255-9ab8-48fa5763f29b,Lindsay,Wright,KuDR-85989,Oral Surgery,6468117388,clementsandrea@example.net,(VO3F5rM9#,"7785 Ashley Centers Apt. 180
Dodsonshire, AZ 19633",1364123206,2024-01-18
47718753-f348-47b6-8a54-6cf49e0a69cc,Christine,Flynn,aNLZ-20636,Dentistry,8369354172,angeldaniels@example.org,#p15YEqs0^,"180 Ryan Pines Suite 431
Port Jerome, CO 34209",1364123206,2024-03-09
5fa978fb-1174-4cbe-9b0c-b6453773222f,Desiree,Hicks,JOSx-20344,Endodontics,2026777981,aaron88@example.net,s0ktZ12v&3,"2282 Angela Ferry
Jasonfort, DC 33991",1364006067,2024-02-21
a99055be-54ea-4949-ba74-336b57477924,David,Bennett,UFfi-52193,Endodontics,3356547137,mclaughlinmonique@example.org,Bz#p36Tw(G,"47404 Nicholas Mews Suite 030
East Anthonystad, MA 53843",1364023865,2024-03-26
f77919e7-82c6-43de-bc57-7dfc99abb505,Abigail,Mendoza,VyfT-53231,Dentistry,9466842842,bowens@example.net,y0K2vJ^tu!,"856 Jeffrey Summit Suite 267
Christopherfort, MS 79673",1364123206,2024-02-21
376a6593-e7eb-4b22-90f3-3a81c27964d9,Kaitlyn,Jordan,uUoy-64009,Dentistry,7912631641,natalie48@example.net,^5VXALFg$2,"714 Joshua Island Suite 480
Mayburgh, NH 20177",1364258511,2024-03-11
88a5b1e4-37d8-404d-8f6d-bc7a62c8c97f,Alyssa,Wilkinson,GVRT-12239,Periodontics,9576674918,victorfischer@example.net,&D5MK2ubpa,"34289 Robert Tunnel
Summerville, AL 61012",1364006067,2024-02-02
2c0dddca-ba36-45a3-b820-480fd490d81b,Craig,Jimenez,HkxG-57749,Endodontics,3154876551,leslie79@example.com,n5UYwVZa4!,"28648 Jackson Manors
East Johnhaven, ND 67614",1364006067,2024-03-23
74e66a76-c6f0-4f11-ab28-6976fbdc7852,Kerry,Parker,IIbT-75374,Periodontics,4915895110,cory23@example.net,uP7VKuly*8,"20849 Rowe Common Suite 346
East Ryan, VI 32973",1364258511,2024-02-01
a38d39a8-76c3-4bdf-b103-5a5f0fbac91a,George,Sanchez,crsi-98676,Endodontics,5588656172,stonescott@example.com,)7Aw&7XbL^,"949 Jackson Trafficway
Joshuaport, WA 54414",1364023865,2024-02-11
26f39a9f-f1b3-4541-94bd-d42b730ac991,Pamela,Peterson,vgsv-50619,Dentistry,7069611476,brittanygarcia@example.net,(Z0LvI3b_l,"2820 Sullivan Walks Apt. 552
New Garyfort, CO 43380",1364258511,2024-04-24
fd9626b5-bd98-4f11-9550-eb150447c692,Susan,Castillo,icGY-16798,Oral Surgery,3672213200,courtneymorgan@example.com,2#9bwZogh*,"4002 William Heights Suite 966
East Adriantown, SC 18421",1364123206,2024-03-15
026bb4b7-70e4-4726-af4b-0b64ca056d60,Kyle,Morrison,JqnJ-09048,Dentistry,4392676050,chasemartinez@example.com,HDpqQqPu%8,"564 Nathan Field
North Devon, PW 25926",1364305026,2024-02-07
1d7ee2c7-196e-4ff8-a367-c14e45fe4bfd,Michael,Pierce,fQQQ-53767,Periodontics,6728639900,caleb11@example.org,bz5jvWQtd_,"83819 Benjamin Burgs Apt. 970
Jamesshire, IL 16983",1364305026,2024-01-13
65fb1e00-8b2d-4e21-b067-16bed920b877,Sarah,Campbell,xhGz-05394,Orthodontics,2617531930,jennifer60@example.org,^593sOefP5,"40210 Morrow Estates Suite 583
Mitchellmouth, DC 82023",1364305026,2024-03-26
34447fd9-94e8-4957-ae00-61983493d6bd,Joanne,Richardson,LZHB-67177,Dentistry,3857682496,frodriguez@example.net,yaRxCBEg#2,"40774 Cody Cove
Lake Joseph, ID 21637",1364258511,2024-03-06
123c0c23-5db6-45f3-855a-bea227881603,Andrew,Wallace,BpQU-11008,Dentistry,2593771116,wendywebb@example.com,+7OIw_f*7#,"166 Eugene Lock
Pamelaborough, TN 10546",1364123206,2024-03-20
41e68ae9-8b88-42cb-9628-d16444f5b2c9,Christopher,Franklin,dNfI-28447,Periodontics,2854288009,scott40@example.org,*1AQN_aby9,"4963 Randolph Points
Sheltonborough, VI 74488",1364006067,2024-01-23
47096039-da39-44d6-a2dc-faf7dfe19e94,Courtney,Phillips,yQoD-11763,Periodontics,9457583039,jennifer91@example.org,S^e5S@yrwb,"5130 Wright Island Suite 745
Hallshire, MH 74405",1364305026,2024-04-05
475e5f57-2a31-45e8-a4c2-0eeb1e19398d,Stephanie,Ryan,iMii-79477,Dentistry,3538457900,grantbrown@example.com,CP858Ad_f_,"Unit 3553 Box 1871
DPO AP 50814",1364305026,2024-01-19
55a7cec1-0049-4053-996e-895b1240950a,Jessica,Roth,lSBs-13276,Periodontics,9898735238,gbryant@example.net,!gRMYbWjY8,"30925 Daniel Mills Apt. 596
South David, OH 82148",1364305026,2024-02-26
