id,radiology_center_id,first_name,last_name,national_id,phone_number,password
a25681a4-be7b-49a3-a735-a99e0e05888e,c68fe8c6-498b-48f4-8bf5-a9bd85558da1,Cheryl,Potter,4712494968,5905287905,&vQDjC@Ft6
02a6d759-d0d5-4729-a981-c4f1e6c6383c,c68fe8c6-498b-48f4-8bf5-a9bd85558da1,Jeffery,Jones,7244721462,3404996636,p$DV3nHJ*1
03024dab-969f-43cb-b5c9-945ef8c0c5e1,c68fe8c6-498b-48f4-8bf5-a9bd85558da1,Jeremy,Marquez,2279334999,5835148078,dA%fO1Iod*
55649974-6100-47a3-b408-8803323cac27,c68fe8c6-498b-48f4-8bf5-a9bd85558da1,Jonathan,Craig,3923537652,5045211783,(K44vQZvUD
0697a009-2010-48e1-ba8a-8918d79668c1,f9cc88af-f582-4b5c-b748-2a8895ed9463,Debra,Mcguire,7876235895,6149933088,(0fy9ALf(8
9bc7c0a3-9478-4230-b4f2-a8b84ee6b055,f9cc88af-f582-4b5c-b748-2a8895ed9463,Rebecca,Miller,4756598615,9877265309,oSQXAaaf*7
f40a1162-be3f-40d6-a081-4395c4c2be8f,f9cc88af-f582-4b5c-b748-2a8895ed9463,Louis,Martin,4274527581,7826317152,9#jsWUrA$^
e48458ea-9676-45f8-be73-8a18b9e6f92b,f9cc88af-f582-4b5c-b748-2a8895ed9463,Ashley,Schneider,3729932974,4865406027,8%*9AcFXQ2
f1d45694-ad53-4b2e-90f3-2a4784c94fd7,f9cc88af-f582-4b5c-b748-2a8895ed9463,Elizabeth,Leonard,8838769335,5364597999,+0QKjZ4fl5
42dd2bda-f166-4ceb-9b61-abad0f84f88a,7468c6e3-66c5-4ee6-9982-6ffcf72f267d,Sara,Phillips,3784959487,2224241729,@0VUd!hPm5
01d578ed-0535-4ca1-bdc3-5ad3b2958bb9,7468c6e3-66c5-4ee6-9982-6ffcf72f267d,Theresa,Hodges,2926014867,9956553697,*JVl8KvEbA
7d991a9d-38c0-4662-9c7b-0a1268dfe735,79ad6dc5-aa58-4fee-b2fe-44aa2825ed25,Tracey,Thompson,7962591142,8653627644,1iSVxv_n++
22e004bd-b2c9-4980-8ed5-07080f5093a3,79ad6dc5-aa58-4fee-b2fe-44aa2825ed25,Frederick,Norton,1997355884,3097868056,Ea6#cZDRy&
ed198f17-c12c-4194-a111-304146504141,79ad6dc5-aa58-4fee-b2fe-44aa2825ed25,Sarah,Pearson,1716487464,9164029783,rS9OUfQkl_
e89cfdbf-5637-4a8b-bd96-5a37b95ea756,7bf64d37-1ab1-40e7-b273-711c97b8c496,Christopher,Nguyen,5381894966,2273025368,p1Pb_1WeZ&
814c3856-425f-4e37-b539-b2961fde963c,7bf64d37-1ab1-40e7-b273-711c97b8c496,Nancy,Cruz,7981074692,7719652082,c7+MJReA(Y
f5d59374-a173-4c7b-8ade-31e7479039ec,7bf64d37-1ab1-40e7-b273-711c97b8c496,Joshua,Green,4016376002,7762291577,+bD!2PWa$b
612b4f33-b169-4461-8643-8533353ba95c,7bf64d37-1ab1-40e7-b273-711c97b8c496,Benjamin,Kaufman,3175949849,3978167819,N0vHpTje%9
a55b26fb-5b54-4c70-bf9b-223cb4715406,e4ae30ce-10b5-4e49-ba27-29e9923f8e3d,Jacob,Johnson,2021381695,6319894573,8AkRnD@r*u
b5fe5ef6-e24e-4a3d-b90a-c719ffce638e,e4ae30ce-10b5-4e49-ba27-29e9923f8e3d,Mary,Allen,7621241773,8963043604,^H%ToZik0K
fae20d2d-6470-4671-9840-220b128c09b1,e4ae30ce-10b5-4e49-ba27-29e9923f8e3d,Andrew,Wilson,9545338762,4953491262,T%7THssNLa
61348cc4-d656-4a05-863d-dcf68f29905d,8335980d-7bc6-4576-a14d-528d67658939,Walter,Miller,7167776649,7367033316,*QaKhr$x6B
a06b1989-4d57-45d0-99ba-0b0fdc9809e6,8335980d-7bc6-4576-a14d-528d67658939,Robert,Campbell,7703828458,5534257153,V_1V8NwjTm
b47100f4-35d6-428c-99bb-fff2953dfb38,8335980d-7bc6-4576-a14d-528d67658939,Anna,Hamilton,1919974444,4868382130,$9rWnNpcj^
67331887-286b-429c-846c-1dfad3b06e3d,8335980d-7bc6-4576-a14d-528d67658939,James,Vaughan,4686966740,9879013070,&d2iJJ_nkA
9d7caaa9-e434-41c7-8528-68e5e8706b5b,8335980d-7bc6-4576-a14d-528d67658939,Maria,Blevins,4571695191,7209649428,@P9^WLNl4p
bd7e0c60-bca7-463b-a1f7-df661b1936a7,d5c61eaa-996d-4f52-93da-c0745a8b9796,Nicole,Mcdonald,4608106877,4458384880,A@V59MRf%0
8f1f1dd2-034b-481c-a8d2-2473be994d0d,d5c61eaa-996d-4f52-93da-c0745a8b9796,Richard,Rogers,4369387130,7303341822,XQs2%C@i#t
d17298f8-d04f-45bc-8460-2c7194d4e08b,d5c61eaa-996d-4f52-93da-c0745a8b9796,Michael,Gutierrez,2083945499,3504392778,_4XIHRmz%k
ac919127-4213-4d2a-85f9-b05125f21080,9d9979a7-1e21-4503-8030-2849228b6be9,Christie,Gomez,7296078007,8576141889,XFSGJBcS(9
e20a7225-8d68-49db-85d8-b61926b7f536,9d9979a7-1e21-4503-8030-2849228b6be9,Troy,Riddle,4947983169,6182159019,@j0IVfm(MU
35b328ee-5011-43c4-9612-baa73ad736ac,9d9979a7-1e21-4503-8030-2849228b6be9,Heather,Strong,7987488167,5623621020,@3RS0aHc$X
0d6692c3-4769-4c0d-9ca4-3fde33635cbe,9d9979a7-1e21-4503-8030-2849228b6be9,Beverly,Smith,7949350512,6108601515,DgT2j1UM%5
550feeb6-b665-4e66-8a60-5419ebb82b79,2506510e-c097-4b86-a617-29e81482704c,Christina,Little,8215328586,4423828879,Y$3IQhzcau
288d8e0b-f032-42a1-8d88-1aa2d277ba5c,2506510e-c097-4b86-a617-29e81482704c,Mary,Bradley,5728461833,7114163065,c#2NDMmfap
28c07330-6f68-46d0-bc13-7cd40bcb9830,2506510e-c097-4b86-a617-29e81482704c,Ashley,Reynolds,1122481286,9358039925,02s^%Z20$x
56f04799-7e2a-4b3f-a672-e442d8265a92,2506510e-c097-4b86-a617-29e81482704c,Crystal,Thompson,6789379097,4068376534,ho1LX$Xt#b
e2e7e25e-5203-48e5-b0a9-3d89d5cb5dad,5c0212a7-c37d-41b3-b658-b541da1a11d0,Yvonne,Morse,9297898489,8405053455,uB#B7BSoPK
2b099efb-c917-46e6-9e87-b961842bd412,5c0212a7-c37d-41b3-b658-b541da1a11d0,Marc,Mccoy,4910064138,4199984605,Qi*7zIDj4&
da6c8731-fdcc-443a-be83-92a9bf0a52f9,5c0212a7-c37d-41b3-b658-b541da1a11d0,David,Boone,6432865498,8233481759,_$4mj+hkEW
3dfd109d-1efa-4752-9131-a6b881acbf8f,da2a07b2-5db7-45d5-bc06-923901f47361,Jennifer,Wade,5416259785,8367468684,V%K$4XSemc
c2bb03a6-382a-4309-8fcf-4f04d91c01c8,da2a07b2-5db7-45d5-bc06-923901f47361,Melanie,Stone,9596861468,3808363339,&k+l)ZNdr7
bd18f22b-3f6e-4bbc-b579-e78f577936bc,da2a07b2-5db7-45d5-bc06-923901f47361,Rebecca,Lowe,8323189752,9822702126,%16#QAgKOG
07f16917-c183-4767-be56-a5ac3089869c,c954c2c7-d4db-4587-bfa9-695c99433ead,Kevin,Sullivan,7461819089,6885905553,EmFcFVkT$9
5967777f-28eb-49a4-a831-45d437a011d1,c954c2c7-d4db-4587-bfa9-695c99433ead,Mary,Parker,8190696961,5139293839,5vPOOvuv(c
2a342a36-bf1a-40d2-b825-21a618ba59d8,c954c2c7-d4db-4587-bfa9-695c99433ead,David,Alvarado,5724044462,4987301483,+dQAGq3wq5
e5003b3c-b29b-4308-b477-b7818f9007d4,84abd58d-0ff9-488b-931d-dbb026f6a3e5,Shirley,Davis,8845959984,2628472173,Y)9pRRHigu
1f9f2f00-47f4-4a6b-8609-6e2b786acc22,84abd58d-0ff9-488b-931d-dbb026f6a3e5,Donna,Bell,2502807033,8105983997,^Q7hM5Gnsj
539de3e8-43b9-443c-8f8a-64bc2b222608,84abd58d-0ff9-488b-931d-dbb026f6a3e5,Melissa,Gay,5499037898,9285943389,49T^0Ne4lJ
8754b807-d282-4c25-bfbd-40a40814ca97,84abd58d-0ff9-488b-931d-dbb026f6a3e5,Erika,Hart,7164763134,6568054327,t4RT$Cdm#9
98f736cc-8655-4808-aeb5-608273c4c70e,84abd58d-0ff9-488b-931d-dbb026f6a3e5,Richard,Manning,4558956130,2734723465,I1f&7QUn0c
19d1be02-e763-426e-89c7-14ccc65234f2,4cc84144-96ed-4dd0-b53b-74e716aeb81f,James,Smith,3769550543,3467801030,(qkZv0Xr7y
6c326a94-b3a3-4a2a-ae30-9c6ff6d54197,4cc84144-96ed-4dd0-b53b-74e716aeb81f,Ashley,Jenkins,8287514272,6927804264,^2YaNv@SJk
c76e0fdd-ce23-4010-be44-f84297e6b0e4,0db7174a-9565-44b2-9c84-55e28d9a2f17,Rachel,Harvey,5367471512,3233625119,FIHo78GwX)
5f9d6e4f-c4a7-42e4-a051-316a40bf6d7d,0db7174a-9565-44b2-9c84-55e28d9a2f17,Stephanie,Casey,1539080023,7835271166,2bjbjGNy+Y
29af70b6-38fc-4c11-8e21-b9502e65e4d6,0db7174a-9565-44b2-9c84-55e28d9a2f17,Andrew,Phillips,7675298018,7016271038,tz0fJZjsi+
b1870bc8-f338-472b-a17d-73f84e2540dc,0db7174a-9565-44b2-9c84-55e28d9a2f17,Erica,Hale,2577909716,6983487509,#7T*CrSw7%
e69b388e-eb09-4d58-a8ec-3c6a41d330af,58c3b7e3-5a66-4cde-bab4-6356ab7da7d6,Kristin,Davis,9197395295,9807949344,VP5Pyaz_H@
3e7c6823-0e85-4e54-91eb-9277eacdfe11,58c3b7e3-5a66-4cde-bab4-6356ab7da7d6,Seth,Rodriguez,9209790082,9788955790,%7mqfYcGtN
7c1f1ace-9c62-4c81-a1ab-086b829bc64f,58c3b7e3-5a66-4cde-bab4-6356ab7da7d6,Beth,Orozco,7712972939,7473053118,+3F7!WTz+V
0e4d0a34-f93f-4c58-bfc1-047d241d22ac,58c3b7e3-5a66-4cde-bab4-6356ab7da7d6,Charles,Evans,1783985350,4397355289,DDM7eZ8v#!
c2572d50-1ac5-47e6-a700-32f205895499,58c3b7e3-5a66-4cde-bab4-6356ab7da7d6,Charles,Rice,7827199680,6174226250,_0lO#7hv1f
57cd6278-6282-4888-beee-d286902e8ea6,7740806a-2a30-41b2-a0b8-5696b7e56053,Natalie,Stevenson,6741052085,9965805425,_*fWgL#nW6
c5ef4c4a-f1d8-4d53-8323-99138389e7e0,7740806a-2a30-41b2-a0b8-5696b7e56053,Brian,Curtis,2493957580,4943809183,!bZaamlE00
1eb7e161-3933-4ffc-a56c-19c4a3d53693,7740806a-2a30-41b2-a0b8-5696b7e56053,Lisa,Mercado,5957541672,6259975250,*8I)fgH4Er
3c552632-502d-4634-909f-6df38f5c5c97,7740806a-2a30-41b2-a0b8-5696b7e56053,Steven,Price,2076698328,4016514761,aZ$31Ynaig
e7245f93-c2f5-49e9-952b-e98317fa02be,bc397ade-b91f-453b-ba84-67ae58f51dc1,Tracy,Sanchez,9065946765,8475936970,Y^UM8SSv(W
1503381a-50bf-44c9-9f37-627ce35e15ef,bc397ade-b91f-453b-ba84-67ae58f51dc1,Teresa,Brown,5996844694,4386931094,xV3cULraU)
9e53b76a-5599-4b9c-a8f8-6b7da345b05f,bc397ade-b91f-453b-ba84-67ae58f51dc1,Kimberly,Ferguson,2602691479,2976381593,^p578tFwA$
b85070fd-ce2c-42f9-9c9a-bb66177a34e3,bc397ade-b91f-453b-ba84-67ae58f51dc1,Anthony,Terry,3376815899,6972434643,TvFKX8L+a@
00c2837b-55e8-4588-a03a-ad3f0e36aca2,bc397ade-b91f-453b-ba84-67ae58f51dc1,Katherine,Meyer,7067050423,4715799091,Gt*4T9jc%E
df01bc8e-cdcb-4a84-90de-95f0e3b24a85,662fa5c6-0377-4bb6-a76d-786eb92b08af,Richard,Snow,6196139636,3036539488,_4t)QUzfZ)
33a7ee6d-396d-4928-9e9d-d75dfc0b8d6a,662fa5c6-0377-4bb6-a76d-786eb92b08af,Aaron,Moss,1906775395,7932658347,5CT$r9s#Z#
be8fed55-50e9-4787-90e8-00d990e33d8c,662fa5c6-0377-4bb6-a76d-786eb92b08af,Marcus,Turner,5771653567,7869909071,9q$z6xGvGq
04847131-2776-4236-985c-da5dfa3afa1e,662fa5c6-0377-4bb6-a76d-786eb92b08af,Carolyn,Burke,4141525283,4037511767,oOF8Em#r)x
0777b135-b34d-413e-a381-e266a4a43001,662fa5c6-0377-4bb6-a76d-786eb92b08af,Scott,Dunn,1946751579,2389921642,v7UsKzk(%c
8b2dfaf7-38e5-4cac-ad64-f0a3aa809f4d,e222880d-4df1-4983-ac8f-3de5131219b8,Melanie,Gutierrez,5768519628,7567484196,F)6viHanKV
9dc36d14-70be-4b7b-8781-229658c361fe,e222880d-4df1-4983-ac8f-3de5131219b8,Christopher,Martin,5588585740,2089167992,yrQ%M5fv$1
df4b0943-140d-4e9f-81a6-4a6d166008c3,e222880d-4df1-4983-ac8f-3de5131219b8,Tyler,Robinson,6025225682,3777827368,P_7UEpJ3P3
e2a87b71-0e55-43a0-8b29-d7746cbfda8c,233c7eb5-75fe-4b9a-867b-093c968d7289,Brett,Cummings,9525725476,6283736718,@lML1LWp$h
cdcdabbe-a056-4790-90cc-7b56adc5292d,233c7eb5-75fe-4b9a-867b-093c968d7289,Morgan,Davies,7858120531,3128697870,x#M@2PJt6Z
61c6b5ed-8f1a-4381-afa7-1ae4d00a0d90,233c7eb5-75fe-4b9a-867b-093c968d7289,Adam,Green,3973584429,9517948948,*7nYx%9+ur
08c7dc96-d1ec-4bd8-ad6f-6ca99d4c4a8d,233c7eb5-75fe-4b9a-867b-093c968d7289,Mark,Day,7513114609,7423926431,v8Tc@tV$)U
37049557-bbe7-4969-9f60-4004be45caf6,233c7eb5-75fe-4b9a-867b-093c968d7289,Charles,Snow,3581995624,4549922286,h_6fHmrc@X
707ef9c0-df5a-4b8e-a41c-8791ea7081a6,91c667bc-32bd-461b-81a9-a6fcc86e0eab,Roger,Thompson,6094039555,5877453603,$b%Ma2$ry3
b544d46b-4bc8-4f3c-ac42-3bc00aab04ee,91c667bc-32bd-461b-81a9-a6fcc86e0eab,Natalie,King,2020272476,6346897269,_5KfXynrYT
e3b8307a-e6df-48c6-8942-c128bda100f6,0eb77e6c-7743-4e9b-88cf-4c67980f2d66,Angela,Bailey,4806506359,4349629981,&rV$nz3A7v
fc5a2bb6-57c1-4b4f-bb11-e623d3bf48ff,0eb77e6c-7743-4e9b-88cf-4c67980f2d66,Curtis,Burke,4577447386,7049857500,^Y#K0NUxk#
a9396114-a882-4a79-b5a5-a61ec7fbd69b,51d7aa0e-fb88-4c51-8662-e120fb70b1a1,Nancy,Mercer,5704686333,2239751374,_8RRKaF80g
0570996b-3da9-46c4-b2b0-93f1504b1700,51d7aa0e-fb88-4c51-8662-e120fb70b1a1,Kenneth,Reeves,4285700420,7539249679,8SMKdBBz*1
b376fd10-7805-4f4c-bf4b-d2cf43ae149f,51d7aa0e-fb88-4c51-8662-e120fb70b1a1,Timothy,Woods,9903532228,6196224128,CU^54Bthvy
7c84ed27-52c6-4548-ac0b-2b6b9140188a,51d7aa0e-fb88-4c51-8662-e120fb70b1a1,Stephanie,Mejia,7870783216,4882509867,w#0!NXqyuQ
