id,name,code,phone_number,address,location_id,created_at
c68fe8c6-498b-48f4-8bf5-a9bd85558da1,Myers-Lewis,RC-44045,6295771363,"1147 Thomas Throughway
South Frank, LA 87048",1364305026,2024-04-25
f9cc88af-f582-4b5c-b748-2a8895ed9463,Dawson-Rodriguez,RC-20855,5865067002,"86312 Melissa Hollow
Hunterburgh, MN 45461",1364305026,2024-03-02
7468c6e3-66c5-4ee6-9982-6ffcf72f267d,Boyd Inc,RC-71608,4797672194,"USCGC Garcia
FPO AP 74970",1364305026,2024-01-11
79ad6dc5-aa58-4fee-b2fe-44aa2825ed25,Ortiz and Sons,RC-41180,6615235358,"90299 Kathryn Port Apt. 187
West Karenfort, ND 56171",1364305026,2024-03-28
7bf64d37-1ab1-40e7-b273-711c97b8c496,Robertson-Reid,RC-02936,3242541258,"38617 Courtney Road Apt. 567
Sparkstown, FM 06957",1364305026,2024-04-10
e4ae30ce-10b5-4e49-ba27-29e9923f8e3d,"Wells, Mckinney and Mcdonald",RC-08798,6242631709,"54895 Salazar Neck Apt. 510
Lake Logan, MH 02914",1364305026,2024-02-13
8335980d-7bc6-4576-a14d-528d67658939,"Munoz, Wallace and Bennett",RC-48359,8592063471,"3053 Andrea Terrace Suite 243
Raytown, SD 59066",1364305026,2024-02-23
d5c61eaa-996d-4f52-93da-c0745a8b9796,Sanchez-Phelps,RC-92959,6507318593,"416 Kim Plains
West Zachary, PR 99230",1364006067,2024-04-11
9d9979a7-1e21-4503-8030-2849228b6be9,"Fuentes, Bell and Jones",RC-90398,2086095154,"0154 Laurie Views Suite 092
Meredithfort, DE 04169",1364006067,2024-04-05
2506510e-c097-4b86-a617-29e81482704c,Kennedy Ltd,RC-27620,5275277248,"2603 Chelsea Common
South Austinmouth, NJ 88332",1364006067,2024-01-22
5c0212a7-c37d-41b3-b658-b541da1a11d0,Pruitt-Wyatt,RC-23378,5084792725,"504 Krystal Greens
North Brookehaven, AS 99107",1364006067,2024-04-03
da2a07b2-5db7-45d5-bc06-923901f47361,"Turner, Johnson and Wyatt",RC-33838,8027763617,"01970 Billy Walk Suite 923
Lake Lindsay, TX 96752",1364006067,2024-04-27
c954c2c7-d4db-4587-bfa9-695c99433ead,Wright Ltd,RC-85331,8056183130,"9740 Priscilla Vista Apt. 426
Brianberg, PR 41234",1364123206,2024-04-19
84abd58d-0ff9-488b-931d-dbb026f6a3e5,Kramer-Maldonado,RC-66721,9797096464,"57982 Christopher Hills
Gregoryborough, IL 68108",1364123206,2024-04-16
4cc84144-96ed-4dd0-b53b-74e716aeb81f,Townsend-Sims,RC-75602,8243648259,"682 Tyler Island
Greenchester, MN 69472",1364123206,2024-03-28
0db7174a-9565-44b2-9c84-55e28d9a2f17,Russell and Sons,RC-00946,6344597510,"03014 West Stream Suite 048
Morganside, AL 98392",1364123206,2024-01-15
58c3b7e3-5a66-4cde-bab4-6356ab7da7d6,Powell-Rodriguez,RC-39166,5168106723,"PSC 5160, Box 0161
APO AE 12204",1364123206,2024-02-05
7740806a-2a30-41b2-a0b8-5696b7e56053,"Sandoval, White and Wong",RC-83377,3095764718,"71877 Brian Springs
North Katherine, CO 91580",1364123206,2024-03-21
bc397ade-b91f-453b-ba84-67ae58f51dc1,Hall Ltd,RC-09374,5525388746,"653 Carter Station
Taraland, ND 87224",1364123206,2024-03-20
662fa5c6-0377-4bb6-a76d-786eb92b08af,"Barajas, Smith and Hodge",RC-57192,8993234792,"8354 Brown Forks
Jamieview, HI 01229",1364123206,2024-03-14
e222880d-4df1-4983-ac8f-3de5131219b8,Powell PLC,RC-25293,4517774952,"983 Henry Mews Suite 369
New Christian, NV 43798",1364123206,2024-03-18
233c7eb5-75fe-4b9a-867b-093c968d7289,"Phelps, Vasquez and Brown",RC-27145,3059019366,"381 Graves Branch
New Jasonville, MS 04267",1364023865,2024-02-23
91c667bc-32bd-461b-81a9-a6fcc86e0eab,"Moore, Russell and Donovan",RC-09494,6598749282,"2439 Johnson Wall
Russellburgh, NM 18223",1364258511,2024-01-30
0eb77e6c-7743-4e9b-88cf-4c67980f2d66,Mcguire LLC,RC-77328,3234841660,"PSC 9474, Box 6434
APO AE 43142",1364258511,2024-03-24
51d7aa0e-fb88-4c51-8662-e120fb70b1a1,Keith-Brown,RC-51148,9096994719,"26940 Kelly Port
Sarahaven, KS 16623",1364258511,2024-01-09
