total_cost,used_materials,technical_part,professional_part,service_type,service_description,code,id
"3,286,580",2.63,2.32,1,پیشگیری/ پروفیلاکسی دندانی,پروفيلاكسي-كودك,D1120,40001
"3,233,600",3,2.32,0.6,پیشگیری/درمان موضعی با فلوراید,کاربرد موضعی وارنیش فلوراید,D1206,40002
"3,190,200",3,2.32,0.5,پیشگیری/درمان موضعی با فلوراید (درمان در مطب),کاربرد موضعی فلوراید به جز  وارنیش,D1208,40004
"2,100,100",2.45,1.16,0.7,پیشگیری/سایر خدمات پیشگیری,دستورات بهداشت دهان,D1330,40005
"3,886,940",6.69,1.58,0.8,پیشگیری/سایر خدمات پیشگیری,سيلانت-(Sealant) به ازاء هر دندان فیشورسیلنت,D1351,40006
"5,555,740",6.69,3.47,0.9,پیشگیری/سایر خدمات پیشگیری,ترمیم رزینی پیشگیری,D1352,40007
"4,523,340",6.69,2.32,0.8,پیشگیری/سایر خدمات پیشگیری,ترمیم یا تعمیر سیلانت موجود روی دندان-به ازا هر دندان,D1353,40009
"7,977,380",6.43,4.82,4,پیشگیری/ نگهداری(حفظ) فضا-دستگاه‌های غیر فعال,فضا نگهدار ثابت-یک طرفه,D1510,40010
"10,702,980",6.43,6.98,6,پیشگیری/ نگهداری(حفظ) فضا-دستگاه‌های غیر فعال,فضا نگهدار ثابت، دو طرفه، ماکسیلاری,D1516,40011
"10,702,980",6.43,6.98,6,پیشگیری/ نگهداری(حفظ) فضا-دستگاه‌های غیر فعال,فضا نگهدار ثابت، دو طرفه، مندیبولار,D1517,40012
"6,823,920",2.22,4.57,5,پیشگیری/ نگهداری(حفظ) فضا-دستگاه‌های غیر فعال,فضا نگهدار متحرک-یک طرفه,D1520,40013
"7,906,920",2.22,4.82,7,پیشگیری/ نگهداری(حفظ) فضا-دستگاه‌های غیر فعال,فضا نگهدار متحرک-دو طرفه، ماکسیلاری,D1526,40014
"7,906,920",2.22,4.82,7,پیشگیری/ نگهداری(حفظ) فضا-دستگاه‌های غیر فعال,فضا نگهدار متحرک-دو طرفه، مندیبولار,D1527,40015
"8,041,120",2.22,6.49,4,پیشگیری/ فضا نگه‌دار‌ها,فضا نگه دار Distal shoe، ثابت، یکطرفه,D1575,40016
"4,914,100",4.55,2.98,2,ترمیمی/ترمیم های آمالگام (شامل پرداخت),آمالگام-یک سطحی دندان‌های شیری یا دائمی,D2140,40017
"6,171,440",5.74,3.89,2.2,ترمیمی/ترمیم های آمالگام (شامل پرداخت),آمالگام-دو سطحی دندان‌های شیری یا دائمی,D2150,40018
"8,060,520",8.02,4.97,2.7,ترمیمی/ترمیم های آمالگام (شامل پرداخت),آمالگام-سه سطحی دندان‌های شیری یا دائمی,D2160,40019
"9,103,160",9.76,5.22,3.3,ترمیمی/ترمیم های آمالگام (شامل پرداخت),آمالگام-چهار سطحی یا بیشتر دندان‌های شیری یا دائمی,D2161,40020
"5,826,740",6.69,3.23,2,ترمیمی/ترمیم های آمالگام (شامل پرداخت),کامپوزیت رزینی-یک سطحی قدامي,D2330,40021
"7,506,260",8.11,4.14,3,ترمیمی/ترمیم های کامپوزیت رزینی-مستقیم,کامپوزیت رزینی-دو سطحی قدامي,D2331,40022
"9,199,580",9.13,5.47,3.5,ترمیمی/ترمیم های کامپوزیت رزینی-مستقیم,کامپوزیت رزینی-سه سطحی قدامي,D2332,40023
"9,962,020",10.17,5.71,4,ترمیمی/ترمیم های کامپوزیت رزینی-مستقیم,کامپوزیت رزینی-چهار سطحی یا بیشتر یا شامل زاویه اینسایزال قدامي,D2335,40024
"5,826,740",6.69,3.23,2,ترمیمی/ترمیم های کامپوزیت رزینی-مستقیم,کامپوزیت رزینی-یک سطحی خلفي,D2391,40025
"7,940,260",8.11,4.14,4,ترمیمی/ترمیم های کامپوزیت رزینی-مستقیم,کامپوزیت رزینی-دو سطحی خلفي,D2392,40026
"10,024,180",9.13,5.47,5.4,ترمیمی/ترمیم های کامپوزیت رزینی-مستقیم,کامپوزیت رزینی-سه سطحی خلفي,D2393,40027
"13,822,900",19.75,5.71,5.7,ترمیمی/ترمیم های کامپوزیت رزینی-مستقیم,کامپوزیت رزینی-چهار سطحی یا بیشتر خلفي,D2394,40028
"10,498,700",4.55,4.73,11.4,ترمیمی/رستوریشن‌های آنله واینله,اینله فلزی-یک سطحی,D2510,40029
"11,769,840",5.74,5,12.9,ترمیمی/رستوریشن‌های آنله واینله,اینله فلزی-دو سطحی,D2520,40030
"13,674,520",8.02,6.3,13,ترمیمی/رستوریشن‌های آنله واینله,اینله فلزی-سه سطحی یا بیشتر,D2530,40031
"12,594,440",5.74,5,14.8,ترمیمی/رستوریشن‌های آنله واینله,انله فلزی-دو سطحی,D2542,40032
"14,759,520",8.02,6.3,15.5,ترمیمی/رستوریشن‌های آنله واینله,انله فلزی-سه سطحی,D2543,40033
"16,132,920",8.02,7.14,17,ترمیمی/رستوریشن‌های آنله واینله,انله فلزی-چهار سطحی یا بیشتر,D2544,40034
"12,107,320",8.02,4.73,12.5,ترمیمی/رستوریشن های آنله واینله پرسلن، سرامیکی غیر مستقیم,اینله - پرسلن/سرامیک-یک سطحی,D2610,40035
"12,556,520",8.02,5,13,ترمیمی/رستوریشن های آنله واینله پرسلن، سرامیکی غیر مستقیم,اینله پرسلن/سرامیک-دو سطحی,D2620,40036
"15,410,520",8.02,6.3,17,ترمیمی/رستوریشن های آنله واینله پرسلن، سرامیکی غیر مستقیم,اینله پرسلن/سرامیک-سه سطحی یا بیشتر,D2630,40037
"12,990,520",8.02,5,14,ترمیمی/رستوریشن های آنله واینله پرسلن، سرامیکی غیر مستقیم,انله پرسلن/سرامیک-دو سطحی,D2642,40038
"14,976,520",8.02,6.3,16,ترمیمی/رستوریشن های آنله واینله پرسلن، سرامیکی غیر مستقیم,انله پرسلن/سرامیک-سه سطحی,D2643,40039
"16,783,920",8.02,7.14,18.5,ترمیمی/رستوریشن های آنله واینله پرسلن، سرامیکی غیر مستقیم,انله پرسلن/سرامیک-چهار سطحی یا بیشتر,D2644,40040
"11,239,740",6.69,4.73,11.5,ترمیمی/رستوریشن‌های آنله واینله کامپوزیت رزینی-غیر مستقیم,اینله کامپوزیت رزینی-یک سطحی,D2650,40041
"12,800,860",8.11,5.25,13,ترمیمی/رستوریشن‌های آنله واینله کامپوزیت رزینی-غیر مستقیم,اینله کامپوزیت رزینی-دو سطحی,D2651,40042
"15,772,380",9.13,6.3,17,ترمیمی/رستوریشن‌های آنله واینله کامپوزیت رزینی-غیر مستقیم,اینله کامپوزیت رزینی-سه سطحی یا بیشتر,D2652,40043
"12,585,860",8.11,5,13,ترمیمی/رستوریشن‌های آنله واینله کامپوزیت رزینی-غیر مستقیم,انله کامپوزیت رزینی-دو سطحی,D2662,40044
"15,123,380",9.13,6.05,16,ترمیمی/رستوریشن‌های آنله واینله کامپوزیت رزینی-غیر مستقیم,انله کامپوزیت رزینی-سه سطحی,D2663,40045
"16,833,820",10.17,7.14,17,ترمیمی/رستوریشن های آنله واینله کامپوزیت رزینی-غیر مستقیم,انله کامپوزیت رزینی-چهار سطحی یا بیشتر,D2664,40046
"20,096,600",7.4,10.47,20,ترمیمی/روکش‌ها، فقط تک رستوریشن,روکش-پرسلن یا سرامیک,D2740,40047
"17,646,800",7.4,9.64,16,ترمیمی/روکش‌ها، فقط تک رستوریشن,روکش-PFM  با فلز بيس متال,D2751,40048
"18,514,800",7.4,9.64,18,ترمیمی/روکش‌ها، فقط تک رستوریشن,روکش-PFM  با فلز نابل,D2752,40049
"15,824,200",7.4,8.53,14,ترمیمی/روکش ها، فقط تک رستوریشن,روکش-تمام ریختگی غالباْ بيس متال,D2791,40050
"3,299,540",3.19,1.82,1.6,ترمیمی/سایر خدمات ترمیمی,سمان یا باند مجدد پست و کور ساخته شده بصورت غیرمستقیم یا پیش ساخته,D2915,40051
"3,686,140",3.19,2.32,1.5,ترمیمی/سایر خدمات ترمیمی,سمان یا باند مجدد روکش,D2920,40052
"7,362,700",8.95,3.15,4,ترمیمی/سایر خدمات ترمیمی,روکش استینلس استیل s.s crown پیش ساخته-دندان شیری,D2930,40053
"8,652,100",8.95,3.64,6,ترمیمی/سایر خدمات ترمیمی,روکش پیش ساخته استینلس,D2931,40054
"8,578,760",6.56,5.47,4,ترمیمی/سایر خدمات ترمیمی,بيلد آپ کور (core) شامل هر نوع پین در صورت نیاز,D2950,40056
"3,021,840",2.24,2.16,1,ترمیمی/سایر خدمات ترمیمی,به ازاء هر دندان كه اضافه,D2951,40057
"9,463,360",6.56,4.48,8,ترمیمی/سایر خدمات ترمیمی,پست و كور (پست ریختگی),D2952,40059
"5,596,640",2.24,3.64,4,ترمیمی/سایر خدمات ترمیمی,درآوردن پست,D2955,40060
"13,024,300",19.75,4.63,6,ترمیمی/سایر خدمات ترمیمی,ونیر لبیال (لامینیت رزینی)-داخل مطب,D2960,40061
"16,196,500",19.75,6.3,10,ترمیمی/سایر خدمات ترمیمی,ونیر لبیال (لامینیت رزینی)-لابراتوری,D2961,40062
"18,106,100",19.75,6.3,14.4,ترمیمی/سایر خدمات ترمیمی,ونیر لبیال (لامینیت پرسلني)-لابراتوری,D2962,40063
"9,275,760",6.56,4.06,8.4,ترمیمی/سایر خدمات ترمیمی,کوپینگ,D2975,40064
"7,340,760",6.56,3.98,4.1,ترمیمی/سایر خدمات ترمیمی,ترمیم روکش، که به دلیل شکست ماده ترمیم، ضرورت پیدا کرده است,D2980,40065
"16,669,900",19.75,4.63,14.4,ترمیمی/سایر خدمات ترمیمی,ترمیم ونیر، که به دلیل شکست ماده ترمیم، ضرورت پیدا کرده است,D2983,40066
"2,459,200",2.45,1.3,1.25,اندودانتیکس/پوشش پالپ,پوشش مستقیم پالپ-جدا از رستوريشن نهایی (DPC),D3110,40067
"2,350,700",2.45,1.3,1,اندودانتیکس/پوشش پالپ,پوشش غیر مستقیم پالپ-جدا از رستوريشن نهایی (IDPC),D3120,40069
"6,900,020",9.97,2.73,3,اندودانتیکس/پوشش پالپ,پالپوتومی درمانی (جدا از ترمیم نهایی),D3220,40071
"7,769,420",9.97,3.64,3.2,اندو دانتیکس/پالپوتومی,پالپوتومی ناکامل جهت اپکسوژنز,D3222,40073
"5,361,300",2.45,3.64,3.3,اندو دانتیکس/پالپوتومی,درمان پالپ یا پرکردگی قابل جذب-دندان قدامي، شیری جدا از ترمیم نهایی (پالپکتومی شیری قدامی),D3230,40075
"6,678,700",2.45,4.97,3.7,اندو دانتیکس/پالپوتومی,درمان پالپ (ترمیم قابل جذب),D3240,40076
"10,386,020",9.97,3.15,10.2,اندو دانتیکس/پالپوتومی,درمان اندو-دندان قدامي جدا از ترمیم نهایی,D3310,40078
"11,915,540",11.19,3.81,11.5,اندو دانتیکس/درمان اندو در دندان‌های دائمی و شیری دارای بدون دندان جانشین,درمان اندو-دندان پره مولر جدا از ترمیم نهایی,D3320,40079
"14,391,460",13.61,4.51,14,اندو دانتیکس/درمان اندو در دندانهای دائمی و شیری دارای بدون دندان جانشین,درمان اندو-دندان مولر جدا از ترمیم نهایی,D3330,40080
"7,738,060",13.61,1.82,4, اندو دانتیکس/درمان اندو در دندانهای دائمی و شیری دارای بدون دندان جانشین,ترمیم داخلی ریشه در ضایعات,D3333,40081
"12,152,220",9.97,4.8,11,اندو دانتیکس/درمان مجدد اندو,درمان مجدد دندانی که قبلا درمان ریشه شده-قدامي,D3346,40083
"14,374,140",11.19,5.71,13.4,اندو دانتیکس/درمان مجدد اندو,درمان مجدد دندانی که قبلا درمان ریشه شده-پره مولر,D3347,40084
"17,445,860",13.61,6.8,16.5,اندو دانتیکس/درمان مجدد اندو,درمان مجدد دندانی که قبلا درمان ریشه شده-مولر,D3348,40085
"9,315,860",13.61,3.15,5,اندو دانتیکس/درمان مجدد اندو,اپکسیفیکاسیون/کلسیفیکاسیون مجدد,D3351,40086
"8,433,860",13.61,2.73,3.8,اندو دانتیکس/درمان مجدد اندو,اپکسیفیکاسیون/ کلسیفیکاسیون مجدد,D3352,40088
"11,039,260",13.61,3.64,8,اندو دانتیکس/درمان مجدد اندو,اپکسیفیکاسیون/ كلسيفيكاسیون مجدد - جلسه آخر (شامل درمان کامل ریشه,D3353,40090
"10,355,480",5.88,5.22,9.1,اندو دانتیکس/قطع نوک ریشه/خدمات درمانی اطراف ریشه,قطع نوک ریشه یا اپیکواکتومی-قدامي,D3410,40092
"11,418,880",5.88,5.75,10.5,اندو دانتیکس/قطع نوک ریشه/خدمات درمانی اطراف ریشه,قطع نوک ریشه یا اپیکواکتومی پره مولر ریشه اول,D3421,40093
"12,412,680",5.88,6.3,11.7,اندو دانتیکس/قطع نوک ریشه/خدمات درمانی اطراف ریشه,قطع نوك ریشه یا اپیکواکتومی مولر ریشه اول,D3425,40094
"5,204,880",5.88,1.3,5,اندو دانتیکس/قطع نوک ریشه/خدمات درمانی اطراف ریشه,قطع نوك ريشه یا اپیکواکتومی هر ريشه اضافي,D3426,40095
"6,246,080",5.88,3.52,3,اندو دانتیکس/قطع نوک ریشه/خدمات درمانی اطراف ریشه,جايگذاري مواد پركردگي از انتهاي ريشه یا رتروگراد-به ازاء هر ريشه,D3430,40096
"8,154,680",5.88,4.73,5,اندو دانتیکس/قطع نوک ریشه/خدمات درمانی اطراف ریشه,قطع كامل ريشه-به ازاء هر ريشه (آمپوتاسیون),D3450,40097
"8,051,060",5.81,3.98,6.3,اندو دانتیکس/سایر درمانهای اندو,دونیم‌سازی دندان (همی سکشن),D3920,40098
"9,951,700",5.85,4.56,9.5,پریودانتیکس/خدمات جراحی,ژنژيوكتومي يا ژنژيوپلاستي-چهار دندان مجاور يا بيشتر يا فضاهاي محدود به دندان در هر كوادرانت,D4210,40099
"6,891,900",5.85,4.03,3.5,پریودانتیکس/خدمات جراحی,ژنژیوکتومی یا ژنژیوپلاستی-یک تا سه دندان هم جوار یا فضاهای محدود به دندان در هر كوادرانت,D4211,40100
"5,232,100",5.85,2.1,3.5,پریودانتیکس/خدمات جراحی,ژنژیوکتومی یا ژنژیوپلاستی جهت دسترسی درمانگر برای انجام درمان‌های ترمیمی-به ازاء هر دندان,D4212,40101
"11,837,420",7.37,5.47,10.9,پریودانتیکس/خدمات جراحی,فلپ ژنژيوال-چهار دندان هم جوار یا بیشتر یا فضاهای محدود به دندان در هر كوادرانت,D4240,40102
"9,687,620",7.37,4.03,8.8,پریودانتیکس/خدمات جراحی,فلپ ژنژيوال-یک تا سه دندان هم جوار یا بیشتر یا فضاهای محدود به دندان در هر كوادرانت,D4241,40103
"10,321,020",7.37,4.06,10.2,پریودانتیکس/خدمات جراحی,افزایش طول تاج کلینیکی-بافت سخت,D4249,40104
"10,180,620",7.37,4.25,9.5,پریودانتیکس/خدمات جراحی,پیوند جایگزینی استخوان-اولین موضع در كوادرانت,D4263,40105
"7,146,620",7.37,1.58,7.8,پریودانتیکس/خدمات جراحی,پیوند جایگزینی استخوان-هر موضع اضافی در كوادرانت,D4264,40106
"8,320,020",7.37,3.55,6.6,پریودانتیکس/خدمات جراحی,کاربرد مواد بيولوژيك جهت کمک به,D4265,40107
"10,000,420",7.37,1.82,13.9,پریودانتیکس/خدمات جراحی,رژنراسيون هدایت شده بافتي-,D4266,40109
"11,042,820",7.37,3.89,12.2,پریودانتیکس/خدمات جراحی,پروسه پیوند بافت نرم پایه دار,D4270,40111
"9,538,420",7.37,3.15,10.2,پریودانتیکس/خدمات جراحی,پروسه وج مزیال/دیستال، تک دندان (زمانی که به همراه پروسه های جراحی در همان ناحیه آناتومیکال انجام نمی شود),D4274,40112
"19,490,420",7.37,4.73,30,پریودانتیکس/خدمات جراحی,پیوند آزاد بدون پایه بافت نرم-اولین دندان یا موقعیت دندانی در فضای بی‌دندانی,D4277,40113
"8,307,820",7.37,1.82,10,پریودانتیکس/خدمات جراحی,پروسه پیوند بافت نرم آزاد (شامل موضع جراحی گیرنده و دهنده) هر دندان، ایمپلنت، یا فضای بی دندانی اضافه در همان محل پیوند,D4278,40114
"11,224,420",7.37,7.23,6,پریودانتیکس/درمان های غیر جراحی پریو دنتال,اسپلینت موقت ـ خارج تاجی,D4321,40115
"9,705,600",4.6,5,9,پریودانتیکس/درمان های غیر جراحی پریو دنتال,جرم گیری در حضور التهاب متوسط یا شدید عمومی_ تمام دهان پس از بررسی دهانی,D4346,40116
"33,262,740",24.59,16.74,25,پروتزهای دندانی، متحرک/ دست دندان کامل (شامل خدمات معمول پس از تحویل),دنچر کامل ماکسیلا,D5110,40117
"33,262,740",24.59,16.74,25,پروتزهای دندانی، متحرک/ دست دندان کامل (شامل خدمات معمول پس از تحویل),دنچر کامل مندیبل,D5120,40118
"33,659,740",24.59,15.94,27.5,پروتزهای دندانی، متحرک/ دست دندان کامل (شامل خدمات معمول پس از تحویل),دنچر فوری، ماکسیلا,D5130,40119
"33,659,740",24.59,15.94,27.5,پروتزهای دندانی، متحرک/ دست دندان کامل (شامل خدمات معمول پس از تحویل),دنچر فوری، مندبیل,D5140,40120
"24,780,600",15.5,14.36,17,پروتزهای دندانی، متحرک/ دنچر پارسیل (شامل خدمات معمول پس از تحویل),پروتز پارسیل  ماکسیلاـ با بيس رزینی (شامل هرگونه کلاسپ  یا موارد گیر، رست ها و دندانها),D5211,40121
"23,929,200",15.5,13.37,17,پروتزهای دندانی، متحرک/ دنچر پارسیل (شامل خدمات معمول پس از تحویل),پروتز پارسیل  مندیبل-با بيس رزینی (شامل هرگونه کلاسپ یا موارد گیر، رست ها و دندانها),D5212,40122
"32,469,400",15.5,16.74,30,پروتزهای دندانی، متحرک/ دنچر پارسیل (شامل خدمات معمول پس از تحویل),پروتز پارسیل متحرک اصلی فک بالا-فريم فلزی ریختگی به همراه دنچر با بيس رزینی (شامل کلاسپ، رست و دندان معمولی) پارسیل کرم کبالت,D5213,40123
"32,469,400",15.5,16.74,30,پروتزهای دندانی، متحرک/ دنچر پارسیل (شامل خدمات معمول پس از تحویل),پروتز پارسیل متحرک اصلی فک پایین-فريم فلزی ریختگی به همراه دنچر با بيس رزینی (شامل کلاسپ، رست و دندان معمولی) پارسیل کرم کبالت,D5214,40124
"25,795,400",15.5,13.37,21.3,پروتزهای دندانی، متحرک/ دنچر پارسیل (شامل خدمات معمول پس از تحویل),پروتز پارسیل متحرک قابل انعطاف ماکسیلا (شامل هرگونه کلاسپ، رست و دندان معمولی),D5225,40125
"25,795,400",15.5,13.37,21.3,پروتزهای دندانی، متحرک/ دنچر پارسیل (شامل خدمات معمول پس از تحویل),پروتز پارسیل متحرک قابل انعطاف فک پایین (شامل هر گونه کلاسپ، رست و دندان‌های معمولی),D5226,40126
"8,885,400",13,3.89,3,پروتزهای دندانی/متحرک/تعمیرات پروتز کامل,تعمیر بیس شکسته پروتز کامل، مندیبل,D5511,40127
"8,885,400",13,3.89,3,پروتزهای دندانی/متحرک/تعمیرات پروتز کامل,تعمیر بیس شکسته پروتز کامل، ماکسیلا,D5512,40128
"7,815,000",13,3.15,2,پروتزهای دندانی/متحرک/تعمیرات پروتز کامل,جایگزینی دندان‌های از دست داده یا شکسته-پروتز کامل (هر دندان),D5520,40129
"6,564,280",5.88,3.89,3,پروتزهای دندانی/متحرک/تعمیرات پروتز پارسیل,تعمیر بیس شکسته پروتز پارسیل مندیبل,D5611,40130
"6,564,280",5.88,3.89,3,پروتزهای دندانی/متحرک/تعمیرات پروتز پارسیل,تعمیر بیس شکسته پروتز پارسیل ماکسیلا,D5612,40131
"8,552,800",13,3.15,3.7,پروتزهای دندانی/متحرک/تعمیرات پروتز پارسیل,تعمیر یا جایگزینی مواد ریتینر/كلاسپ شکسته به ازای هر دندان,D5630,40132
"8,249,000",13,3.15,3,پروتزهای دندانی/متحرک/تعمیرات پروتز پارسیل,جایگزینی دندان‌های شکسته پروتز پارسیل-به ازاء هر دندان,D5640,40133
"8,249,000",13,3.15,3,پروتزهای دندانی/متحرک/تعمیرات پروتز پارسیل,اضافه کردن دندان به دنچر پارسیل موجود,D5650,40134
"9,117,000",13,3.15,5,پروتزهای دندانی/متحرک/تعمیرات پروتز پارسیل,اضافه کردن كلاسپ به دنچر پارسیل موجود به ازای هر دندان,D5660,40135
"20,205,600",15.5,10.1,14.9,پروتزهای دندانی/متحرک/تعمیرات پروتز پارسیل,جایگزینی همه دندان‌ها و آکریل روی اسكلت فلزی (ماکسیلا),D5670,40136
"20,205,600",15.5,10.1,14.9,پروتزهای دندانی/متحرک/تعمیرات پروتز پارسیل,جایگزینی همه دندان‌ها و آکریل روی اسكلت فلزی (مندیبل),D5671,40137
"15,017,860",6.11,10.1,10,پروتزهای دندانی/متحرک/پروسه های ری بیس,ري بيس دنچر کامل ماکسیلا,D5710,40138
"14,166,460",6.11,9.11,10,پروتزهای دندانی/متحرک/پروسه های ری بیس,ري بيس دنچر کامل ماندیبل,D5711,40139
"8,448,660",6.11,4.48,6,پروتزهای دندانی/متحرک/پروسه های ری لاین دنچر,ري لاين دنچر کامل ماکسیلا (داخل مطب),D5730,40140
"8,448,660",6.11,4.48,6,پروتزهای دندانی/متحرک/پروسه های ری لاین دنچر,ري لاين دنچر کامل مندیبل (داخل مطب),D5731,40141
"8,014,660",6.11,4.48,5,پروتزهای دندانی/متحرک/پروسه های ری لاین دنچر,ري لاين دنچر پارسیل ماکسیلا (داخل مطب),D5740,40142
"8,014,660",6.11,4.48,5,پروتزهای دندانی/متحرک/پروسه های ری لاین دنچر,ري لاين دنچر پارسیل مندیبل (داخل مطب),D5741,40143
"10,322,860",6.11,5.65,8,پروتزهای دندانی/متحرک/پروسه های ری لاین دنچر,ري لاين دنچر کامل ماکسیلا (داخل لابراتوار),D5750,40144
"10,322,860",6.11,5.65,8,پروتزهای دندانی/متحرک/پروسه های ری لاین دنچر,ري لاين دنچر کامل مندیبل (داخل لابراتوار),D5751,40145
"10,322,860",6.11,5.65,8,پروتزهای دندانی/متحرک/پروسه های ری لاین دنچر,ري لاين دنچر پارسیل ماکسیلا (داخل لابراتوار),D5760,40146
"10,322,860",6.11,5.65,8,پروتزهای دندانی/متحرک/پروسه های ری لاین دنچر,ري لاين دنچر پارسیل مندیبل (داخل لابراتوار),D5761,40147
"15,756,860",6.11,9.95,12,پروتزهای دندانی/متحرک/پروتزهای موقت,دنچر کامل موقت (ماکسیلا),D5810,40148
"15,756,860",6.11,9.95,12,پروتزهای دندانی/متحرک/پروتزهای موقت,دنچر کامل موقت (مندیبل),D5811,40149
"27,303,600",7.4,15.57,26.5,پروتزهای دندانی/متحرک/سایر خدمات پروتزی متحرک,اوردنچر-کامل ماکسیلا,D5863,40150
"27,305,600",7.4,15.32,27,پروتزهای دندانی/متحرک/سایر خدمات پروتزی متحرک,اوردنچر-پارسیل ماکسیلا,D5864,40151
"27,303,600",7.4,15.57,26.5,پروتزهای دندانی/متحرک/سایر خدمات پروتزی متحرک,اوردنچر-کامل مندیبل,D5865,40152
"27,520,600",7.4,15.57,27,پروتزهای دندانی/متحرک/سایر خدمات پروتزی متحرک,اوردنچر-پارسیل مندیبل,D5866,40153
"49,788,800",7.4,17.24,75,پروتزهای ماکسیلو فاشیال(فک وصورت),پروتز پر کننده، نهایی (آبچوراتور),D5932,40154
"13,867,400",7.4,5.75,15,پروتزهای ماکسیلو فاشیال(فک وصورت),پروتز پر کننده، تغییر و اصلاح,D5933,40155
"27,704,600",7.4,14.27,30,پروتزهای ماکسیلو فاشیال(فک وصورت),Feeding Aid كمك‌كننده براي غذا خوردن,D5951,40156
"9,907,400",7.4,5.99,5.4,پروتزهای ماکسیلو فاشیال(فک وصورت),استنت جراحی,D5982,40157
"12,778,480",5.88,7.23,10.7,پروتزهای ماکسیلو فاشیال(فک وصورت),اسپلینت جراحی,D5988,40158
"20,306,680",5.88,4.73,33,ایمپلنت/خدمات  جراحی با استفاده از کدهای این بخش، پروسه ایمپلنت را گزارش دهید,جايگذاري بدنه ايمپلنت با جراحي-ايمپلنت اندوستئال,D6010,40159
"5,764,680",5.88,1.85,5.2,ایمپلنت/خدمات  جراحی با استفاده از کدهای این بخش، پروسه ایمپلنت را گزارش دهید,مرحله دوم جراحی ایمپلنت,D6011,40160
"16,224,880",5.88,3.92,25.2,ایمپلنت/خدمات  جراحی با استفاده از کدهای این بخش، پروسه ایمپلنت را گزارش دهید,جایگذاری مینی ایمپلنت به روش جراحی,D6013,40161
"17,860,880",5.88,3.4,30,ایمپلنت/خدمات  جراحی با استفاده از کدهای این بخش، پروسه ایمپلنت را گزارش دهید,اباتمنت با اتصال semi-precision,D6052,40162
"21,115,880",5.88,3.4,37.5,ایمپلنت/خدمات  جراحی با استفاده از کدهای این بخش، پروسه ایمپلنت را گزارش دهید,Connecting bar متکی بر ایمپلنت یا اباتمنت,D6055,40163
"20,380,800",7.4,10.75,20.1,ایمپلنت/تک کراون های متکی بر اباتمنت,روکش سرامیک/ پرسلن متکی بر اباتمنت,D6058,40164
"20,149,200",7.4,11.49,18.1,ایمپلنت/تک کراون های متکی بر اباتمنت,روکش PFM متکی بر اباتمنت (غالباً بيس متال),D6060,40165
"22,232,000",7.4,13.71,18.5,ایمپلنت/تک کراون های متکی بر اباتمنت,روکش PFM متکی بر اباتمنت (فلز نابل),D6061,40166
"8,680,000",7.4,4.26,6,ایمپلنت/تک کراون های متکی بر اباتمنت,روکش موقت ایمپلنت,D6085,40167
"9,982,200",7.4,3.15,11.2,ایمپلنت/سایر خدمات ایمپلنت,تعمیر پروتز متكي بر ايمپلنت، با گزارش,D6090,40168
"4,987,680",5.88,2.41,2.3,ایمپلنت/سایر خدمات ایمپلنت,سمان یا باند کردن مجدد روکش متكي بر ايمپلنت یا اباتمنت,D6092,40169
"5,289,480",5.88,2.66,2.5,ایمپلنت/سایر خدمات ایمپلنت,سمان یا باند کردن مجدد دنچر پارسیل ثابت متكي بر ايمپلنت یا اباتمنت,D6093,40170
"11,583,280",5.88,4.73,12.9,ایمپلنت/سایر خدمات ایمپلنت,درآوردن ايمپلنت، به همراه گزارش,D6100,40171
"11,318,480",5.88,5.28,11.2,ایمپلنت/خدمات  جراحی,دبریدمان و شکل دهی استخوان در نقص فضای پیرامون یک ایمپلنت و پاکسازی سطحی ایمپلنت اکسپوز شده ، شامل ورود با فلپ و بستن,D6102,40172
"8,758,080",5.88,4.17,7.5,ایمپلنت/خدمات  جراحی,پیوند استخوان برای اصلاح و ترمیم نقط پیرامون ایمپلنت_ شامل ورود با فلپ و بستن نمی باشد,D6103,40173
"8,226,680",5.88,2.24,10.1,ایمپلنت/خدمات  جراحی,پیوند استخوان در زمان جایگذاری ایمپلنت,D6104,40174
"33,970,400",7.4,17.67,37.7,دنچرهای متحرک حمایت شونده توسط ایمپلنت/اباتمنت,دنچر متحرک حمایت شونده توسط,D6110,40175
"33,970,400",7.4,17.67,37.7,دنچرهای متحرک حمایت شونده توسط ایمپلنت/اباتمنت,دنچر متحرک حمایت شونده,D6111,40177
"48,100,000",7.4,20.02,65.6,دنچرهای ثابت حمایت شونده توسط ایمپلنت/اباتمنت (پروتز هیبرید),دنچر ثابت حمایت شونده,D6114,40179
"48,100,000",7.4,20.02,65.6,دنچرهای ثابت حمایت شونده توسط ایمپلنت/اباتمنت (پروتز هیبرید),دنچر ثابت حمایت شونده,D6115,40181
"14,662,000",7.4,5.16,18,پروتزهای دندانی/پروتزهای ثابت/پونتیک های پروتز پارسیل ثابت,پونتيك-,D6241,40183
"15,530,000",7.4,5.16,20,پروتزهای دندانی/پروتزهای ثابت/پونتیک های پروتز پارسیل ثابت,پونتيک پرسلن با فلز نابل,D6242,40185
"13,403,400",7.4,5.16,15.1,پروتزهای دندانی/پروتزهای ثابت/پونتیک های پروتز پارسیل ثابت,پونتيك-پرسلن/سرامیک,D6245,40186
"17,216,800",7.4,9.14,16,پروتزهای دندانی/پروتزهای ثابت/ری تینرهای پروتز پارسیل ثابت/کراون ها,ریتینر روکش-پرسلن یا سرامیک,D6740,40187
"18,119,800",7.4,10.19,16,پروتزهای دندانی/پروتزهای ثابت/ری تینرهای پروتز پارسیل ثابت/کراون ها,ریتینر روکش-PFM بيس متال,D6751,40188
"19,434,400",7.4,9.7,20,پروتزهای دندانی/پروتزهای ثابت/ری تینرهای پروتز پارسیل ثابت/کراون ها,ریتینر روکش-PFM نابل,D6752,40189
"5,049,660",5.81,2.66,2,پروتزهای دندانی/پروتزهای ثابت/سایر خدمات پروتز پارسیل ثابت,سمان یا باند مجدد پروتز پارسیل ثابت,D6930,40190
"7,496,260",5.81,3.89,5.2,پروتزهای دندانی/پروتزهای ثابت/سایر خدمات پروتز پارسیل ثابت,تعیمر پروتز پارسیل ثابت که توسط شکست مواد ترمیمی ملزم شده باشد,D6980,40191
"3,247,920",2.42,1.85,2,جراحی دهان، فک وصورت/کشیدن (شامل بی حسی موضعی، بخیه زدن در صورت نیاز و اقدامات لازم پس از جراحی)در صورت نیاز و اقدامات لازم پس از جراحی),کشیدن باقی‌مانده‌های تاجی-دندان شیری,D7111,40192
"3,409,540",1.99,2.1,2.2,جراحی دهان، فک وصورت/کشیدن (شامل بی حسی موضعی، بخیه زدن در صورت نیاز و اقدامات لازم پس از جراحی),کشیدن دندان رویش یافته یا ریشه آشکار (با الواتور خارج کردن با فورسپس),D7140,40193
"7,697,860",5.81,4.73,4,جراحی دهان، فک وصورت/کشیدن (شامل بی حسی موضعی، بخیه زدن در صورت نیاز و اقدامات لازم پس از جراحی),درآوردن دندان رویش یافته با جراحی  که نیازمند كنارزدن فلپ موكوپريوستئال برداشتن استخوان و/یا سكشن دندان است,D7210,40194
"7,313,260",5.81,3.98,4.6,جراحی دهان، فک وصورت/کشیدن (شامل بی حسی موضعی، بخیه زدن در صورت نیاز و اقدامات لازم پس از جراحی),درآوردن دندان نهفته-بافت نرم,D7220,40195
"8,820,880",5.88,5,6,جراحی دهان، فک وصورت/کشیدن (شامل بی حسی موضعی، بخیه زدن در صورت نیاز و اقدامات لازم پس از جراحی),درآوردن دندان نهفته-نیمه نهفته در استخوان,D7230,40196
"10,270,480",5.88,6.08,7.2,جراحی دهان، فک وصورت/کشیدن (شامل بی حسی موضعی، بخیه زدن در صورت نیاز و اقدامات لازم پس از جراحی),درآوردن دندان نهفته-کاملاً نهفته در استخوان,D7240,40197
"14,567,280",5.88,7.14,15,جراحی دهان، فک وصورت/کشیدن (شامل بی حسی موضعی، بخیه زدن در صورت نیاز و اقدامات لازم پس از جراحی),درآوردن دندان نهفته-کاملاً نهفته در استخوان با پيچيدگي‌هاي غیرمعمول جراحی,D7241,40198
"7,720,680",5.88,4.73,4,جراحی دهان، فک وصورت/کشیدن (شامل بی حسی موضعی، بخیه زدن در صورت نیاز و اقدامات لازم پس از جراحی),درآوردن ریشه‌های دندانی باقی مانده با جراحی (پروسه بریدن),D7250,40199
"11,983,880",5.88,5.65,12,جراحی دهان، فک وصورت/سایر درمان های جراحی,بستن مجاری رابط حفره سینوسی و دهان,D7260,40200
"10,773,880",5.88,5,10.5,جراحی دهان، فک وصورت/سایر درمان های جراحی,بستن اولیه پرفوره شدن سینوس,D7261,40201
"10,064,080",5.88,5.84,7.2,جراحی دهان، فک وصورت/سایر درمان های جراحی,قراردادن مجدد دندان در حفره آلوئول و یا ثابت کردن دندان بیرون افتاده یا جابه جا شده در اثر تصادف,D7270,40202
"8,666,080",5.88,4.82,6,جراحی دهان، فک وصورت/سایر درمان های جراحی,دسترسی به یک دندان رویش نیافته با جراحی,D7280,40203
"9,756,080",5.88,5.28,7.6,جراحی دهان، فک وصورت/سایر درمان های جراحی,جاگذاری وسیله برای تسهیل رویش دندان نهفته,D7283,40204
"7,364,280",5.88,3.71,5.2,جراحی دهان، فک وصورت/سایر درمان های جراحی,بيوپسي انسیژنال از بافت دهان-بافت سخت استخوان یا دندان,D7285,40205
"6,124,060",5.81,2.9,4,جراحی دهان، فک وصورت/سایر درمان های جراحی,بيوپسي انسیژنال از بافت دهان-بافت نرم,D7286,40206
"22,105,480",5.88,5.56,35.5,جراحی دهان، فک وصورت/سایر درمان های جراحی,برداشت استخوان برای استفاده در درمان پیوند اتوژن,D7295,40207
"8,736,280",5.88,5.81,4.2,جراحی دهان، فک وصورت/آلوئولوپلاستی-آماده سازی ریج با جراحی,آلوئولوپلاستي همراه با کشیدن-چهار دندان یا فضای دندانی یا بیشتر به ازاء هر كوادرانت,D7310,40208
"8,069,880",5.88,4.48,5.3,جراحی دهان، فک وصورت/آلوئولوپلاستی-آماده سازی ریج با جراحی,آلوئولوپلاستي همراه با کشیدن-یک تا سه دندان یا فضای دندانی یا بیشتر به ازاء هر كوادرانت,D7311,40209
"8,706,280",5.88,5.22,5.3,جراحی دهان، فک وصورت/آلوئولوپلاستی-آماده سازی ریج با جراحی,آلوئولوپلاستي بدون کشیدن-چهار دندان یافضای دندانی یا بیشتر به ازاء هر كوادرانت,D7320,40210
"9,085,680",5.88,4.45,7.7,جراحی دهان، فک وصورت/آلوئولوپلاستی-آماده سازی ریج با جراحی,آلوئولوپلاستي بدون کشیدن-یک تا سه دندان یا فضای دندانی به ازاء هر كوادرانت,D7321,40211
"11,376,260",5.81,4.97,12,جراحی دهان، فک وصورت/وستیبولوپلاستی,وستيبولوپلاستي-گسترش ريج  (اپي‌تلياليزاسيون ثانويه),D7340,40212
"19,464,060",5.81,6.3,28,جراحی دهان، فک وصورت/وستیبولوپلاستی,وستيبولوپلاستي-گسترش ريج  (شامل پیوندهای بافت نرم، اتصال مجدد عضله، اصلاح اتصال بافت نرم و مدیریت بافت هایپرپلاستیک و هایپرتروفیک),D7350,40213
"9,572,280",5.88,5.47,6.8,جراحی دهان، فک وصورت/اکسیژن ضایعات داخل استخوانی با جراحی,درآوردن تومور يا کیست ادنتوژنیک خوش خیم-قطر ضایعه تا cm 1.25,D7450,40214
"9,528,880",5.88,5.47,6.7,جراحی دهان، فک وصورت/اکسیژن ضایعات داخل استخوانی با جراحی,درآوردن تومور يا کیست غیر ادنتوژنیک خوش خیم-قطر ضایعه تا cm 1.25,D7460,40215
"11,457,880",5.88,6.3,9.5,جراحی دهان، فک وصورت/اکسیژن ضایعات داخل استخوانی با جراحی,درآوردن تومور يا کیست غیر ادنتوژنیک خوش خیم-قطر ضایعه بزرگتر از cm 1.25,D7461,40216
"4,108,140",1.99,2.66,2.7,جراحی دهان، فک وصورت/اینسیژن جراحی,اینسیژن جراحي وتخلیه آبسه-بافت نرم داخل دهانی,D7510,40217
"5,981,140",1.99,3.98,4.4,جراحی دهان، فک وصورت/اینسیژن جراحی,اینسیژن جراحي و تخلیه آبسه-بافت نرم داخل دهان پیچیده (شامل تخلیه فضاهای مالتيپل صورتی),D7511,40218
"7,182,940",1.99,4.57,6,جراحی دهان، فک وصورت/اینسیژن جراحی,اینسیژن جراحي و تخلیه آبسه-بافت نرم خارج دهانی,D7520,40219
"6,285,920",2.42,1.85,9,جراحی دهان، فک وصورت/جا انداختن دررفتگی ومدیریت سایر اختلالات عملکردی مفصل TMJ,جا انداختن دررفتگی فک به صورت بسته,D7820,40220
"5,398,120",2.42,3.24,4.2,جراحی دهان، فک وصورت/ترمیم زخم های تروماتیک,بخیه کردن زخم‌های کوچک كه به تازگي ايجاد شده تا cm 5,D7910,40221
"6,847,720",2.42,4.32,5.4,جراحی دهان، فک وصورت/بخیه کردن پیچیده,بخیه کردن پیچیده تا cm 5,D7911,40222
"9,119,920",2.42,5.65,8,جراحی دهان، فک وصورت/بخیه کردن پیچیده,بخیه کردن پیچیده بزرگتر از cm 5,D7912,40223
"25,070,080",5.88,7.14,39.2,جراحی دهان، فک وصورت/سایر درمان های ترمیم بافتی,آگمنتاسيون سینوس با استخوان يا مواد جایگزین استخوان به روش باز کردن لترال,D7951,40224
"19,950,080",5.88,4.82,32,جراحی دهان، فک وصورت/سایر درمان های ترمیم بافتی,آگمنتاسيون سینوس به روش عمودی,D7952,40225
"15,021,880",5.88,5.65,19,جراحی دهان، فک وصورت/سایر درمان های ترمیم بافتی,پیوند جایگزینی استخوان برای حفظ ريج-به ازاء هر موضع,D7953,40226
"8,643,260",5.81,4.82,6,جراحی دهان، فک وصورت/سایر درمان های ترمیم بافتی,فرنولكتومي فرنكتومي يا فرنوتومي-پروسه درماني جداگانه (مکمل پروسه دیگری نمی باشد),D7960,40227
"4,978,260",5.81,1.82,3.5,خدمات درمانی تکمیلی/درمان طبقه بندی نشده,سكشن دادن دنچر پارسیل ثابت,D9120,40228
"3,695,860",5.81,1.54,1.1,خدمات درمانی تکمیلی/خدمات متفرقه,کاربرد رزین حساسیت‌زدا برای سطح طوق دندان یا ریشه، به ازای هر دندان,D9911,40229
"3,956,260",5.81,1.54,1.7,خدمات درمانی تکمیلی/خدمات متفرقه,درمان موارد پیچیده پس از عمل-شرایط غیرمعمول، با گزارش (مثال: درای ساکت),D9930,40230
"9,049,260",5.81,3.98,8.6,خدمات درمانی تکمیلی/خدمات متفرقه,محافظ اکلوزال_ دستگاه سخت، تمام قوس دندانی,D9944,40231
"6,970,660",5.81,2.32,7.1,خدمات درمانی تکمیلی/خدمات متفرقه,محافظ اکلوزال_ دستگاه نرم، تمام قوس دندانی,D9945,40232
"8,306,260",5.81,4.63,5.6,خدمات درمانی تکمیلی/خدمات متفرقه,سفید کردن خارجی-به ازاء هرقوس دندانی,D9972,40233
"8,377,660",5.81,5.47,4.1,خدمات درمانی تکمیلی/خدمات متفرقه,سفید کردن داخلی-به ازاء هر دندان,D9974,40234
"6,686,260",5.81,3.15,4.8,خدمات درمانی تکمیلی/خدمات متفرقه,سفید کردن خارجی برای انجام درمان در خانه ، به ازاء هر قوس دندانی، شامل مواد لازم و ساخت تری‌های مخصوص برای هر بیمارمی شود.,D9975,40235
"16,223,660",5.81,5.56,22,ارتودانتیکس/درمان ارتودنسی محدود,درمان ارتودنسی محدود سيستم دنداني شیری,D8010,40236
"21,674,860",5.81,9.88,26,ارتودانتیکس/درمان ارتودنسی محدود,درمان ارتودنسی محدود سيستم دنداني انتقالی,D8020,40237
"23,456,660",5.81,7.41,35,ارتودانتیکس/درمان ارتودنسی محدود,درمان ارتودنسی محدود سيستم دنداني نوجوانی,D8030,40238
"29,403,860",5.81,14.83,34,ارتودانتیکس/درمان ارتودنسی محدود,درمان ارتودنسی محدود سيستم دنداني بزرگسالی,D8040,40239
"27,903,460",5.81,13.59,33,ارتودانتیکس/درمان ارتودنسی بینابینی,درمان ارتودنسی اينترسپتيو سيستم دنداني شیری,D8050,40240
"31,497,060",5.81,15.75,37,ارتودانتیکس/درمان ارتودنسی بینابینی,درمان ارتودنسی اينترسپتيو سيستم دنداني انتقالی,D8060,40241
"89,577,060",5.81,46.95,109,ارتودانتیکس/درمان های جامع ارتودنسی,درمان ارتودنسی جامع سيستم دنداني انتقالی,D8070,40242
"60,514,460",5.81,22.24,91,ارتودانتیکس/درمان های جامع ارتودنسی,درمان ارتودنسی جامع سيستم دنداني نوجوانی,D8080,40243
"69,689,460",5.81,30.89,95,ارتودانتیکس/درمان های جامع ارتودنسی,درمان ارتودنسی جامع سيستم دنداني بزرگسالی,D8090,40244
"5,047,460",5.81,1.85,3.6,ارتودانتیکس/سایر خدمات ارتودنسی,معاینه قبل از درمان ارتودنسی,D8660,40245
"2,958,320",2.42,1.16,2.7,ارتودانتیکس/سایر خدمات ارتودنسی,ویزیت دوره ای درمان ارتودنسی(یک یا هر دو فک),D8670,40246
"9,216,120",2.42,5.56,8.4,ارتودانتیکس/سایر خدمات ارتودنسی,ریتنشن ارتودنتیک (برداشت دستگاه ها، ساخت و جایگذاری ریتینرها؛ثابت و متحرک),D8680,40247
"6,181,220",2.42,4.63,3.25,ارتودانتیکس/سایر خدمات ارتودنسی,تنظیم ریتینر دستگاه ارتودنسی متحرک,D8681,40248
"7,822,660",5.81,4.32,5.1,ارتودانتیکس/سایر خدمات ارتودنسی,جایگزینی یا ري تينر شکسته شده یا گم شده,D8692,40249
"5,493,860",5.81,2.47,3.4,ارتودانتیکس/سایر خدمات ارتودنسی,سمان یا باند کردن مجدد یا تعمیر ري تينر‌های ثابت,D8693,40250
"6,188,260",5.81,2.47,5,ارتودانتیکس/سایر خدمات ارتودنسی,تعمیر ریتینر‌های ثابت، ، شامل اتصال مجدد آن می‌شود,D8694,40251
"5,754,260",5.81,2.47,4,ارتودانتیکس/سایر خدمات ارتودنسی,برداشت دستگاه ثابت ارتودنسی به دلایلی غیر از تکمیل درمان,D8695,40252
"6,900,020",9.97,2.73,3,ارتودانتیکس/سایر خدمات ارتودنسی,پاکسازی کانال پالپی-دندان‌های شیری و دائمی- دبريدمان پالپی كه به منظور رفع درد حاد در ابتدای درمان معمول ريشه دندان استفاده می‌شود. اگر درمان ریشه در همان روز تکمیل شود نباید از این پروسه استفاده شود.,D3221,40253
"3,318,420",2.37,1.85,2.2,جراحی دهان، فک و صورت/ سایر درمان‌های جراحی,نمونه برداري سيتولوژيك اكسفوليه exfoliative cytological sample collection- برای نمونه برداري سيتولوژيك غير ترانس اپيتليال استفاده مي‌شود. نحوه نمونه برداري به وسیله خراشیدن ملایم و آرام مخاط دهان است.,D7278,40254
"3,448,620",2.37,1.85,2.5,جراحی دهان، فک و صورت/ سایر درمان‌های جراحی,بيوپسي تراشیدنی brush biopsy-برای جمع آوری سلول‌های دهانی پراکنده ترانس اپيتليال به وسیله تراش چرخشی مخاط دهان. (، براي جمع آوری نمونه ترانس اپي تليال),D7288,40255
"10,536,880",5.88,7.5,5,جراحی دهان، فک و صورت/ اکسیژن ضایعات نرم با جراحی,اکسیژن ضایعه خوش خیم تا cm1.25,D7410,40256
"12,055,880",5.88,7.5,8.5,جراحی دهان، فک و صورت/ اکسیژن ضایعات نرم با جراحی,اکسیژن ضایعه خوش خیم بزرگتر از cm 1.25,D7411,40257
"12,706,880",5.88,7.5,10,جراحی دهان، فک و صورت/ اکسیژن ضایعات نرم با جراحی,اکسیژن ضایعه بدخیم تا cm1.25,D7413,40258
"14,486,280",5.88,7.5,14.1,جراحی دهان، فک و صورت/ اکسیژن ضایعات نرم با جراحی,اکسیژن ضایعه بدخیم بزرگتر از cm 1.25,D7414,40259
"9,120,660",5.81,4.82,7.1,جراحی دهان، فک و صورت/سایر درمان‌های ترمیم بافتی,فرنوپلاستي-اِکسیژن فرنوم به همراه حذف یا جاگذاری مجدد عضله نابجا و كاربرد Z-پلاستي یا دیگر روش‌های بستن فلپ موضعی.,D7963,40260
"9,511,260",5.81,4.82,8,جراحی دهان، فک و صورت/سایر درمان‌های ترمیم بافتی,اِکسیژن بافت هایپرپلاستیک-به ازاء هر قوس فکی,D7970,40261
"7,514,860",5.81,4.82,3.4,جراحی دهان، فک و صورت/سایر درمان‌های ترمیم بافتی,اکسیژن لثه پري كرونال-خارج کردن بافت‌های التهابی یا (هایپرتروفیك) پيرامون دندان نهفته يا نيمه نهفته به روش جراحي,D7971,40262
"2,030,200",1.1,1.54,0.8,تشخیصی/معاینات و آزمایشات,تست حیات پالپ,D0460,40263
"5,411,420",2.22,4.82,1.25,تشخیصی/معاینات و آزمایشات,کست تشخیصی,D0470,40264
"10,911,820",7.37,1.82,16,پریودانتیکس/خدمات جراحی,رژنراسيون هدایت شده بافتی-barrier غیرقابل جذب، به ازاء هر موضع-این پروسه شامل موارد زیر نمی‌شود:فلپ ورودی و بستن آن، دبریدمان و پاکسازی زخم، کانتورینگ سطح استخوان، جایگذاری مواد پیوندی استخوان و قرار دادن مواد بیولوژیک جهت رژنراسیون استخوانیاین پروسه درمانی برای نقص‌های پریودنتال و فضای اطراف ایمپلنت کاربرد دارد.(شامل برداشت مامبران می‌شود),D4267,40265
"12,246,920",2.22,4.82,17,پروتزهای دندانی، متحرک/دنچر پارسیل (شامل خدمات معمول پس از تحویل),دنچر فوری پارسیل ماگزیلا با بیس رزینی(شامل کلاسپ، رست و دندان معمولی) -فقط شامل پیگیری (فالوآپ) محدود می‌شود؛ ري لاين و ري بيس يا ساخت دنچر جدید آتي را در بر نمي‌گيرد.,D5221,40266
"12,550,720",2.22,4.82,17.7,پروتزهای دندانی، متحرک/دنچر پارسیل (شامل خدمات معمول پس از تحویل),دنچر فوری پارسیل مندیبولار با بیس رزینی(شامل کلاسپ، رست و دندان معمولی)- فقط شامل پیگیری (فالوآپ) محدود می‌شود؛ ري لاين و ري بيس يا ساخت دنچر جدید آتي را در بر نمي‌گيرد.,D5222,40267
"19,597,600",7.4,11,17.8,ایمپلنت/ریتیتر پروتز پارسیل ثابت متکی بر اباتمنت,پایه بریج ایمپلنت- ریتینر متکی بر ایمپلنت برای بریج سرامیکی,D6068,40268
"20,586,200",7.4,12.2,17.7,ایمپلنت/ریتیتر پروتز پارسیل ثابت متکی بر اباتمنت,پایه بریج ایمپلنت- ریتینر متکی بر ایمپلنت برای بریج PFM بیس متال,D6070,40269
"20,451,800",7.4,11.64,18.5,ایمپلنت/ریتیتر پروتز پارسیل ثابت متکی بر اباتمنت,پایه بریج ایمپلنت- ریتینر متکی بر ایمپلنت,D6071,40270
"12,590,300",19.75,4.63,5,ترمیمی/سایر خدمات ترمیمی,پست و کور پیش ساخته علاوه بر روکش- اضافه بر پروسه تهيه روكش،کور اطراف پست پیش ساخته، ساخته می‌شود. این درمان شامل ماده کور هم می‌شود.,D2954,40271
"5,500,800",0,4.63,3.5,ترمیمی/سایر خدمات ترمیمی,درآوردن پست-باید همراه D2954 استفاده شود.,D2957,40272
"4,047,800",3.9,2.32,1.8,تشخیصی/ معاینات داخل دهانی,معاينه كامل و جزء به جزء دهان-مشكل محور(فقط متخصص بیماریهای دهان، فک و صورت),D0160,40273
"2,796,200",1.7,1.85,1.5,پیشگیری / پیروفیلاکسی دندانی,پروفيلاكسي-بزرگسال,D1110,40274
"5,594,800",5.7,2.73,3.2,تشخیصی/آزمایشگاه آسیب شناسی دهان,معاینه و تشخیص ضایعات پاتولوژیک دهان (بافت سخت یا نرم),D0999,40275
"5,044,600",5.7,3.15,1.1,تشخیصی/معاینات و آزمایشات,تست پيش تشخيصي تكميلي که به ردیابی ناهنجاری های مخاطی شامل ضایعات پیش بدخیم و بدخیم کمک می کند. شامل پروسه سیتولوژی یا بیوپسی نمی شود.,D0431,40276
"7,223,600",8.3,2.73,5,پریودانتیکس/سایر خدمات پریودنتال,تزریق داخل ضایعه,D4999,40277
"9,782,600",8,6.98,2.7,پروتزهای ماگزیلو فاشیال(فک و صورت) حامل‌ها,استنت برای بیماریهای وزیکولوبولوز,D5991,40278
"16,757,300",26,6.98,5.25,جراحی دهان، فک و صورت/ اکسیژن ضایعات نرم با جراحی,تخریب ضایعات به روش فیزیکی یا شیمیایی شامل استفاده ار کرایو، لیزر یا الکترسرجری,D7465,40279
"6,967,360",2.16,6.98,0.6,خدمات درمانی تکمیلی,اختلال عملکردی مفصل گیجگا هی فکی_درمان  غیر تهاجمی و فیزیکی شامل ماساژ، دیاترمی، اولتراسونیک یا کاربرد سرما جهت تسکین درد التهابی و اسپاسم عضلانی,D9130,40280
"9,631,600",3,5.47,9.1,پروتزهای ماگزیلو فاشیال(فک و صورت),اپلاينس تريسموس و ترک عادات دهانی,D5937,40281
"5,785,000",8.5,3,1,تشخیصی/رادیوگرافی/صویربرداری تشخیصی,تصویر 2 بعدی دهانی/صورتی فتوگرافیک که بصورت داخل دهانی ای خارج دهانی تهیه شده است,D0350,40282
"5,915,200",8.5,3,1.3,تشخیصی/رادیوگرافی/صویربرداری تشخیصی,تصاویر فتوگرافیک سه بعدی,D0351,40283