id,charity_id,first_name,last_name,national_id,birthdate,sex
1,1,Sabrina,Montgomery,7511023471,1943-04-01,female
2,1,Ashley,Martinez,6519385878,1952-08-30,female
3,1,Sabrina,Phillips,1309106266,1950-05-21,male
4,1,Justin,Holmes,8813400281,1980-08-21,female
5,1,Bethany,Miller,9987229636,1946-04-28,female
6,1,Jeffrey,Marquez,1767349829,1933-12-15,female
7,1,Robert,Wong,0664280963,1983-10-30,female
8,1,Matthew,Mullins,6499710414,2018-05-21,male
9,1,Mark,Gonzalez,0128660337,1992-11-17,female
10,1,Rhonda,Cantu,6893803815,1985-02-07,female
11,1,Bradley,Ochoa,2907905441,1940-01-10,male
12,1,Kelly,Lee,1924217923,2017-09-10,female
13,1,Michael,Diaz,7126206754,1939-11-24,female
14,1,Nancy,Thomas,0094674062,1985-04-18,male
15,1,Kelly,Jefferson,0696325318,1982-03-19,female
16,1,Michaela,Williams,3945207584,1943-12-09,female
17,1,Veronica,Rodriguez,7639758621,1944-09-14,female
18,1,Frederick,Mckee,5484545674,1949-03-26,female
19,1,Jennifer,Matthews,7370073996,1983-12-12,female
20,1,Brian,Robbins,2072810291,1966-05-13,female
21,1,Ann,Roberts,2232328942,1957-11-27,male
22,1,Theresa,Castaneda,5599575979,1949-03-17,female
23,1,Richard,Bennett,0589781283,1946-03-22,female
24,1,Albert,Rocha,4707419368,1950-04-05,female
25,1,Megan,Dudley,2230971470,1961-07-03,male
26,1,Scott,Owen,0670343397,1964-02-03,male
27,1,Patrick,Colon,1480069532,1949-09-06,male
28,1,Margaret,Nelson,7879873240,1969-02-26,male
29,1,Jacob,Frazier,4482483066,2014-01-27,male
30,1,Yvonne,Burch,5719151342,1998-09-20,female
31,1,Anthony,Cox,2241907504,1965-09-30,male
32,1,James,Parker,3226608492,2024-01-19,female
33,1,Ronald,Hayes,7087183844,1942-03-15,male
34,1,Eric,Smith,2193333568,2007-04-01,male
35,1,Randy,Harris,3740153933,1963-02-27,female
36,1,Jacob,Diaz,7265305061,2015-10-16,male
37,1,Christina,Zuniga,9169439424,1995-04-16,female
38,1,Matthew,Murphy,7319403826,2015-05-31,female
39,1,Samantha,Kelly,5464656498,1952-11-24,male
40,1,Rachel,Silva,5128289044,2017-03-18,female
41,1,Roger,Mccarty,9910819552,1938-09-05,female
42,1,Morgan,Mccullough,5389470836,1954-01-01,female
43,1,Jason,Becker,5428160235,1938-06-22,male
44,1,Marcus,Grant,2344942219,1953-04-07,male
45,1,Brittany,Boyer,6598698289,1962-09-01,male
46,1,Sarah,Anderson,6207259174,2014-11-15,male
47,1,Natalie,Warren,8595649752,2017-02-25,male
48,1,Ronald,Knight,2920630790,1964-07-15,female
49,1,Jerry,Henderson,3999797362,1952-07-25,female
50,2,Karen,James,8118020871,2010-04-07,female
51,2,Tracy,Fisher,2884206838,1955-03-12,male
52,2,Linda,Wilson,4606700700,1966-07-18,male
53,2,Karen,Torres,0199046212,1974-03-05,male
54,2,Grant,Olson,4431501569,1952-04-16,female
55,2,Michelle,Stone,3639417247,1973-01-08,male
56,2,Carolyn,Hernandez,9368959238,1990-07-16,male
57,2,Meghan,Chaney,1142125653,1972-04-24,male
58,2,Sharon,Mccann,5794399579,2017-03-26,female
59,2,Matthew,Smith,7942819583,1944-02-29,female
60,2,Victor,Anderson,3738692917,1939-10-30,male
61,2,Dakota,Lopez,8046420430,1992-08-30,male
62,2,Henry,Turner,2317009488,1979-08-02,female
63,2,Kenneth,Li,0680218004,1941-01-22,male
64,2,Edward,Griffin,3431999587,1978-11-22,female
65,2,Yvonne,Dorsey,0143354020,1936-02-25,female
66,2,Terry,Sampson,5992176858,1958-12-10,male
67,2,Alexander,Becker,1025321343,1969-06-18,male
68,2,Chad,Young,6662131668,1973-03-21,female
69,2,Michael,Lopez,0980734654,1992-12-31,male
70,2,Anne,Anderson,0288964994,2022-11-12,female
71,2,Paul,Townsend,5413805620,1959-02-16,male
72,2,Danny,Padilla,7093342618,2011-10-06,male
73,2,Courtney,Benson,7551111301,2008-03-03,male
74,2,Jeffrey,Holmes,6080683733,1988-11-24,female
75,2,Tina,Hines,2426449202,1937-05-09,male
76,2,Isaac,Frazier,4489199853,1986-05-11,female
77,2,Christina,Mendez,1392758560,1982-12-06,male
78,2,Reginald,Stephens,4663889018,2005-08-06,male
79,2,Shannon,Norris,1385160116,1987-05-25,female
80,2,Megan,Beard,6498612882,1975-01-12,female
81,2,Elizabeth,Newton,1149696227,1953-03-22,female
82,2,Rebecca,Reed,2483922285,1935-08-12,male
83,2,Michael,Davila,3588669078,2022-08-06,male
84,2,Dale,Jackson,5211076437,2001-12-03,female
85,2,Steven,Osborne,1142742500,2007-12-05,female
86,2,Sandra,Spence,0405461188,1983-04-18,male
87,2,Joshua,Eaton,8116552375,1974-03-06,female
88,2,Donna,Reilly,6212550798,2012-12-18,female
89,2,Rebecca,Farmer,9519820333,2000-09-24,male
90,2,Jeremy,Williamson,9021446717,1971-05-14,male
91,2,Cassidy,Morgan,5703480836,1976-03-11,male
92,2,Lisa,Anderson,6597506300,1989-07-06,male
93,2,Ryan,Robertson,4553495833,2021-04-06,male
94,2,Michael,Sutton,2336256875,1992-09-28,male
95,2,Joseph,Keith,5026038913,1964-11-11,male
96,2,Susan,Nguyen,0102176010,1990-04-27,male
97,2,Angela,Zimmerman,8130737846,2000-08-21,female
98,3,Brittany,Kelley,8813928477,2008-03-10,female
99,3,Jon,Burch,3032223003,2015-05-03,female
100,3,Kayla,Hobbs,0237052004,1964-08-17,male
101,3,Christopher,Pruitt,5805660366,1980-10-30,female
102,3,Anthony,Taylor,6517234660,2019-03-07,male
103,3,Kenneth,Watkins,0179370901,1956-08-10,male
104,3,Amanda,Jackson,0858722282,1974-01-04,male
105,3,Nicole,Odom,3216553146,1940-04-07,female
106,3,Cynthia,Riddle,3376529033,1999-01-17,female
107,3,Timothy,Williams,9595784832,1951-10-06,male
108,3,Brittany,Holmes,7788132657,2002-10-27,female
109,3,Aaron,Garcia,8871322495,1977-05-29,male
110,3,Thomas,Gomez,2652631547,1948-02-22,male
111,3,Charles,Mitchell,4539730573,2009-07-15,male
112,3,Nicole,Kelly,2162342072,1946-08-18,female
113,3,Jennifer,Massey,5969801672,2008-10-19,female
114,3,James,Vazquez,1129884703,2005-07-17,female
115,3,Kaylee,Obrien,9172612245,2019-05-02,female
116,3,Duane,Leblanc,1419190527,1966-11-19,female
117,3,Michelle,Gould,1811278655,2010-06-29,male
118,3,Joseph,Yates,0208621526,1966-03-05,female
119,3,Michael,Banks,2723088331,1942-05-22,female
120,3,Nathaniel,Richardson,4788056448,2008-01-29,male
121,3,Rebekah,Rodriguez,8365139669,1951-08-14,male
122,3,Scott,Garcia,2803802930,1958-06-07,male
123,3,Andrew,Pierce,4498295472,1980-04-12,male
124,3,Heather,Faulkner,1641386450,1942-02-02,female
125,3,Steven,Mills,8939208448,1979-10-31,male
126,3,Sophia,Hall,6975864575,2016-10-23,male
127,3,Kenneth,Stevenson,4787030364,1997-05-31,female
128,3,Jeffrey,Moore,7848295096,1943-10-02,male
129,3,Cynthia,Smith,5041272561,1967-10-03,male
130,3,Emily,Davis,9052354867,2007-08-08,female
131,3,Alan,Harrison,4425410569,2004-06-26,female
132,3,John,Ortega,7228548384,2009-09-03,male
133,3,Jason,Massey,0880606776,1966-03-02,female
134,3,Chelsea,Wilson,3014708080,1957-11-08,male
135,3,Kimberly,Glass,0158530282,2011-02-18,male
136,3,Vincent,Leonard,5497448710,2003-10-17,female
137,3,Jennifer,Day,1637176205,1976-06-18,female
138,3,Javier,Olson,0604168795,2003-05-07,female
139,3,John,Davies,8158523140,1959-02-01,female
140,4,Nicole,Bray,1038720306,2008-01-01,female
141,4,William,Diaz,9447480602,1940-03-31,male
142,4,Michael,Jones,5300028598,2020-01-23,male
143,4,Robert,Williams,4130783765,2023-05-01,female
144,4,Gabriela,Brown,2580542644,1940-05-03,female
145,4,Carlos,Knox,1194244536,1977-06-02,female
146,4,Kevin,Lewis,8943297822,1988-12-01,female
147,4,Douglas,Perez,7007746391,2022-12-31,male
148,4,Monica,Mcconnell,2779425481,1986-03-17,male
149,4,Rebecca,Moore,8460911885,2021-09-06,female
150,4,Jill,Cook,5062270224,1997-07-01,male
151,4,Courtney,Bryant,4066969342,1969-05-08,male
152,4,Jessica,Garcia,5758542489,2006-10-13,female
153,4,Laura,Singh,5605795630,1950-08-14,male
154,4,Rebecca,Liu,0980488052,2005-12-19,male
155,4,Nancy,Nash,3489691644,2006-04-27,male
156,4,Hector,Davis,8016104318,1939-07-09,male
157,4,Devin,Johnson,6933116800,1978-11-07,male
158,4,Anthony,Shaw,1068471458,1988-03-04,male
159,4,Julia,Smith,8920903477,2022-03-20,female
160,4,Ann,Fox,2542789016,2000-03-08,female
161,4,Shannon,Hall,7823442292,1991-03-06,male
162,4,Joshua,Daniel,4394183986,1951-04-04,male
163,4,Rachel,Morgan,0500896676,1971-12-01,male
164,4,Steven,Meyer,1462512525,2023-10-22,female
165,4,Kelly,Lopez,3581894795,1933-07-27,female
166,4,John,Valdez,2749118595,1967-01-26,female
167,4,Chase,Vasquez,1893333063,1990-01-03,male
168,4,Matthew,Robertson,1826589804,1935-11-11,male
169,4,Renee,Green,2557694362,1995-10-29,male
170,4,Michele,Clark,8200240470,1965-10-12,male
171,4,Keith,Williamson,0457661816,2006-09-14,male
172,4,Paul,Chandler,9499883457,1993-05-10,male
173,4,Robert,Woodward,7514522453,1958-01-21,female
174,4,Michelle,Carrillo,5324019786,1971-10-25,female
175,4,Charles,Wright,4167344488,1960-03-22,male
176,4,Corey,Patterson,2531073903,2009-09-06,female
177,4,Diana,Randolph,6595594935,1997-07-09,female
178,4,Sydney,Graves,7193202515,1944-11-15,male
179,4,Jason,Durham,4617107569,1960-12-14,male
180,5,Matthew,Sanchez,0383636187,1940-10-21,male
181,5,Maria,Hicks,7813889151,1964-02-02,male
182,5,Scott,Cordova,8729882068,1951-01-17,female
183,5,William,Osborne,5257351965,1957-06-17,female
184,5,Tyler,Parker,6011824378,1949-03-27,female
185,5,Brian,Harrison,0529238383,1986-04-25,female
186,5,Leslie,Morrison,2606068626,1996-12-30,male
187,5,Erica,Taylor,8285963894,1994-12-23,female
188,5,Timothy,Johnson,3078014464,1960-11-30,male
189,5,Claudia,Jones,9514130813,2021-10-09,female
190,5,Breanna,Dyer,3572331559,1955-02-01,female
191,5,Kenneth,Hopkins,4505189383,1958-08-24,male
192,5,Lisa,Moran,8379895253,1969-02-24,female
193,5,Samantha,Phillips,2725668733,1957-08-06,male
194,5,Tammy,Schmidt,2149893673,1952-09-20,female
195,5,George,Russell,9112897753,1968-07-25,male
196,5,Robert,Leonard,1842485822,1940-01-11,female
197,5,Evan,Gentry,8305585413,1955-09-25,female
198,5,Anthony,Moss,3574048211,2013-02-20,male
199,5,Kevin,Allen,2351310115,1984-02-22,male
200,5,Mike,Hoffman,8547214541,1963-06-19,female
201,5,Chad,Smith,7372456715,1941-06-12,male
202,5,Elizabeth,Campos,3781713646,1943-06-30,male
203,5,Andrew,Gray,2411537520,1995-07-17,male
204,5,Christopher,Fletcher,3140131753,1953-10-09,male
205,5,Mary,Lewis,5002083946,1987-09-02,male
206,5,Juan,Ferguson,4918116646,1947-07-08,female
207,5,Thomas,Todd,0986004354,1980-10-26,male
208,5,Andrea,Williams,3708139674,1998-04-13,male
209,5,Dakota,Adams,4375080049,1952-05-19,male
210,5,Kathleen,Maldonado,3126659879,1964-07-18,female
211,5,Dawn,Williams,1397100483,1966-11-10,female
212,5,Julia,James,9228883741,1942-11-28,female
213,5,David,Hartman,3754900653,1980-11-17,male
214,5,Leslie,Russell,3085681298,1999-12-08,female
215,5,Jocelyn,Long,2433738327,1937-11-05,female
216,5,Erin,Griffin,2902411828,1961-11-09,female
217,5,Latoya,Newman,4761666786,1935-10-30,male
218,5,Troy,Blevins,8496865995,1937-06-26,male
219,5,Dawn,Hall,4248395852,1957-06-29,male
220,6,Jasmine,Evans,6604354176,1953-01-25,female
221,6,Stephanie,Taylor,8862359498,1950-11-09,male
222,6,Matthew,Martin,6279568360,1935-06-20,male
223,6,Mark,Perry,1366376515,2001-07-11,male
224,6,Jennifer,Little,1256920867,2018-07-27,male
225,6,Bryan,Hudson,3551158584,1980-12-08,male
226,6,Barbara,Jones,3914916895,1952-09-09,male
227,6,Scott,Hunter,8952902534,1968-06-14,female
228,6,William,Thomas,5499969783,2017-03-23,female
229,6,Robert,Sims,4945979319,1996-01-06,male
230,6,Alexander,Hill,2100375418,2003-08-26,female
231,6,Victoria,Castaneda,5308637221,2002-07-05,male
232,6,Robert,Burton,3511966622,2002-04-07,male
233,6,Antonio,Santos,9138446123,1976-10-13,female
234,6,Paul,Mann,7504137952,1981-08-28,female
235,6,Raymond,Johnson,1924711244,1949-01-10,female
236,6,Kristy,Martinez,9573095152,1951-10-20,male
237,6,Adam,Jenkins,1814332279,1934-05-23,female
238,6,James,Hopkins,1780245127,2012-08-08,male
239,6,Noah,Davila,5936365751,1963-10-26,male
240,6,Robert,Miller,9353924321,1996-01-03,female
241,6,Robert,Richards,4770081035,1963-07-20,male
242,6,Lynn,Russell,5811397658,1950-01-06,female
243,6,Frank,Watson,6668222710,1985-11-24,male
244,6,John,Sullivan,7761416500,1947-10-11,female
245,6,Misty,Smith,4054761887,1995-12-06,female
246,6,Morgan,Thomas,6631534811,1934-08-12,male
247,7,Terrance,Parks,3479298273,2005-04-21,male
248,7,Brooke,Weeks,4883377913,2005-12-11,female
249,7,Susan,Hays,6833079823,1951-03-27,female
250,7,Caitlin,Tate,3494702010,2010-09-21,female
251,7,Jose,Chapman,8747018304,1936-06-04,female
252,7,Wayne,Silva,8627996925,2010-01-21,male
253,7,Thomas,Dennis,1536372346,2003-02-22,male
254,7,Jeffrey,Odonnell,9618890830,1990-11-13,female
255,7,Zachary,Mcgrath,2554633476,2019-05-24,male
256,7,Raymond,Holloway,5672458893,1997-11-17,female
257,7,Matthew,Roth,2402176473,1955-07-13,female
258,7,Kimberly,Castillo,2563692800,2015-09-05,male
259,7,Jennifer,Thomas,1504858731,1971-10-27,female
260,7,Ashley,Patel,8838756126,1946-07-06,female
261,7,Shelby,Castro,8254979771,1969-09-30,female
262,7,Rachel,Brown,7841812141,1978-09-02,male
263,7,Christine,Brown,6921801015,1945-05-27,female
264,7,Tanya,Jacobs,9618834003,1986-10-21,male
265,7,Robert,Holt,7587138150,1949-11-04,male
266,7,Ricky,Taylor,4336666859,1985-02-18,male
267,7,Jeffrey,Leblanc,6596414311,2024-01-27,female
268,7,Janet,Hernandez,1055510493,1945-10-14,female
269,7,Terry,Campbell,0017418673,1969-02-18,female
270,7,Danielle,Anthony,4401368346,1979-05-24,male
271,7,Justin,Edwards,6483876065,1974-07-23,female
272,7,Charles,Matthews,2159066399,1978-04-07,female
273,7,Alexander,Williams,8706190299,1977-08-25,male
274,7,Diana,Munoz,8129179981,2018-07-08,male
275,7,Brandon,Baker,9008215141,2012-04-28,female
276,7,Edgar,Nash,1846142354,1973-12-04,female
277,7,Nicole,Mendoza,3034922540,1972-07-06,male
278,7,Zachary,Suarez,4473009903,1967-08-30,female
279,7,Maria,Fischer,5005366003,1977-06-22,male
280,7,Kayla,Smith,6483867174,1938-09-01,male
281,7,Jennifer,Kemp,5860013441,2023-07-06,female
282,7,William,Baker,3334683811,1993-06-02,female
283,7,Julia,Thompson,7798976433,1999-08-14,male
284,7,Allen,Thomas,8984705922,1950-04-01,male
285,7,Tommy,White,4836335006,1937-04-22,female
286,7,Stacey,Washington,1412793026,1940-07-17,male
287,7,Marcus,Olson,5758523436,2009-06-17,male
288,7,Norma,Roberts,9267489924,1936-10-20,male
289,7,Dawn,Waller,9621938564,1983-05-25,female
290,7,Judy,Richardson,5527963629,2009-11-02,male
291,7,Kent,Flores,1718931241,2019-04-20,female
292,7,Tracy,Daniels,8360587961,1956-10-03,male
293,7,Sean,Jordan,0046843422,1992-11-09,male
294,7,Bryan,Ortega,9651089982,1994-12-11,female
295,8,Rachel,Banks,5475209630,1968-08-07,female
296,8,Vincent,Johnson,8124317213,2011-06-16,male
297,8,Sandra,Garrett,0933737083,1933-08-19,female
298,8,Kristin,Becker,5631704301,1958-12-16,female
299,8,John,Garcia,8337868808,1964-12-06,female
300,8,David,Thompson,5052086488,1997-06-05,female
301,8,Amanda,Carrillo,5524567907,2003-01-07,male
302,8,Vanessa,Wang,8511606067,1993-06-17,male
303,8,Emily,Mckay,3768980307,1998-08-02,female
304,8,Calvin,Sanchez,4982127919,1935-03-10,female
305,8,Jennifer,Chapman,0743337443,1998-02-01,female
306,8,Elizabeth,Lee,0670358994,1998-04-13,male
307,8,Patrick,Henderson,2111493507,1979-10-21,female
308,8,Kelly,Greer,1645385656,1965-06-19,female
309,8,James,Walker,7570026891,2015-11-20,female
310,8,Marcus,Taylor,8226064560,1980-03-25,female
311,8,Justin,King,2471336540,1946-09-30,male
312,8,Brian,Peterson,6229695411,1980-06-15,female
313,8,Crystal,Davis,9893261648,1939-04-18,female
314,8,Ashley,Smith,4718524850,2019-11-30,male
315,8,Amy,Little,8273200784,1951-06-08,male
316,8,Jennifer,Herring,4259298939,1985-08-13,female
317,8,Scott,Hughes,0351978970,1952-09-08,female
318,8,Steven,Giles,5082799929,2014-09-07,female
319,8,Robin,Wade,7445852465,1993-07-02,male
320,8,Jacob,Clark,7792928140,1997-10-06,male
321,8,David,Barr,5372763295,1969-12-19,female
322,8,Christopher,Clark,5562529053,2010-09-27,male
323,8,Steven,Fields,8546960382,2008-05-04,male
324,8,Emily,Garcia,4818993813,1968-08-23,female
325,8,Christina,Curtis,2225591280,1973-05-02,male
326,8,John,Johns,0837252454,1945-03-14,male
327,8,Rebecca,Nicholson,9871475442,2001-08-23,female
328,8,Rachel,Gonzalez,1317691094,1970-10-18,female
329,8,Yesenia,Shaw,5628646553,2007-11-14,female
330,8,Marisa,Bailey,1673627049,1958-01-08,female
331,8,Nicholas,Washington,8103704609,1944-12-19,male
332,8,Jeffery,Glenn,1718702776,1995-08-27,female
333,8,Joseph,Holden,3899655411,2010-06-01,male
334,8,Whitney,Farrell,5866162799,1947-05-20,male
335,8,Sarah,Smith,0674996183,1945-01-19,male
336,9,Nathan,Harvey,4851670503,1947-07-08,male
337,9,Jeremy,Thompson,1546617634,1989-01-31,female
338,9,Calvin,Cardenas,5774629793,1978-03-12,male
339,9,James,Hurley,0948756998,1946-02-18,female
340,9,Paul,Long,0784385224,1954-03-30,male
341,9,Ronald,Palmer,6329151497,1985-10-13,female
342,9,Shawn,Williams,9849895322,1970-03-24,female
343,9,Emily,Leon,8017976058,2022-06-20,male
344,9,Justin,Mueller,6558623830,1996-08-09,female
345,9,Allen,Medina,0520668811,1980-08-31,male
346,9,Nicholas,King,7420006072,1967-01-08,female
347,9,Donna,Harrison,7477690132,1984-04-29,male
348,9,Sarah,Lee,0865341179,1945-12-28,female
349,9,Janice,Gallagher,8428313812,1984-05-11,male
350,9,Brittany,Griffin,9225666183,2023-05-29,female
351,9,Benjamin,Jenkins,9547422407,1985-03-28,male
352,9,Rebecca,Davies,1232658231,1981-03-12,female
353,9,William,Freeman,9124140246,1955-07-13,female
354,9,Zachary,Dunn,7919507256,1959-03-28,male
355,9,Matthew,Gutierrez,4323390422,1940-08-06,female
356,9,Billy,Case,8157033832,1935-10-25,male
357,9,Toni,Baker,0707917400,1998-08-29,male
358,9,David,Blair,5231729121,2009-08-23,male
359,9,Maria,Wheeler,6131833156,2020-10-13,female
360,9,Angela,Carey,4095665299,1984-10-21,male
361,9,James,Carter,1151883858,2012-02-14,female
362,9,Eric,Gross,4758061407,1967-04-20,male
363,9,Maria,Diaz,5097968676,2021-12-24,female
364,9,Curtis,James,4339216203,1949-05-17,female
365,9,Wayne,Lopez,7174873178,1982-02-12,female
366,9,Suzanne,Alexander,1532932192,2004-04-21,male
367,9,Lawrence,Davis,1796115969,2024-04-23,male
368,9,Brittany,Franklin,9162023028,2004-03-24,male
369,9,Stephen,Hayes,7730419409,1983-04-13,female
370,9,Susan,Lynch,5886077559,1987-11-11,female
371,9,Daniel,Mills,8165817550,1939-12-20,male
372,9,Audrey,Wright,9568151202,2011-02-04,male
373,9,Sandra,Smith,1951124550,1998-03-28,female
374,9,Roy,Hardy,5738361910,1998-12-22,male
375,10,Jeffrey,Young,8176056735,2002-07-17,female
376,10,Richard,Beard,2504981881,1967-12-08,male
377,10,Matthew,Mccoy,1956315519,2013-08-07,female
378,10,David,Thompson,2927077548,1958-05-23,male
379,10,Christopher,Hill,9196993291,1966-03-03,female
380,10,Lisa,Guerrero,7323673683,1939-09-08,female
381,10,Raymond,Chavez,8049608736,1954-06-02,male
382,10,Christopher,Boyd,8974210445,1988-03-27,female
383,10,Peter,Jimenez,7595027374,1945-07-03,male
384,10,Lindsay,Ramos,8951636393,2013-12-02,female
385,10,Nathaniel,Williams,7679327164,1967-10-01,female
386,10,Curtis,Cook,1741954164,1971-08-02,female
387,10,Michael,Espinoza,9238038128,1984-09-28,male
388,10,Laura,White,0758478964,1935-07-06,male
389,10,Joshua,Jarvis,6496222953,1952-12-03,male
390,10,Christina,Mcbride,6483531946,1941-07-20,female
391,10,John,Burton,0483704255,2003-05-26,male
392,10,Stacey,Rodgers,3426240026,1995-07-25,female
393,10,Mary,Neal,9112454386,2011-05-06,male
394,10,Timothy,Baker,0840381062,1959-10-14,male
395,10,Samantha,Garcia,4568995576,2007-07-27,male
396,10,Eric,Lopez,7072281672,1953-01-10,male
397,10,Marie,Winters,9887933543,1989-05-03,male
398,10,Donald,Solis,4992187093,1935-01-10,female
399,10,Leah,Harvey,9296593694,2022-11-15,female
400,10,Jason,Watson,8941147208,1960-10-28,male
401,10,James,Bowman,1486383161,1943-12-08,male
402,10,Nicole,Soto,5740659951,1941-10-05,male
403,10,Kaitlyn,Ryan,1231031775,1942-12-14,female
404,10,David,Johnson,1163778171,1983-04-20,male
405,10,Jessica,Koch,3005327339,1938-03-18,female
406,10,Kyle,Hill,6392757696,2019-10-03,male
407,10,Rodney,Mcgrath,8523882551,1955-08-12,female
408,10,Jasmine,Dixon,8987430800,2016-07-15,male
409,10,Andrew,Savage,3820317970,1952-05-25,male
410,10,Amy,Schultz,2109539134,1937-10-27,male
411,10,Julie,Blevins,8110651238,2001-07-16,female
412,10,Ashley,Walker,3366124428,1958-04-09,female
413,10,David,Marks,8978578619,2020-04-28,female
414,11,Trevor,Hernandez,1489271026,1944-11-07,female
415,11,Roberta,Cunningham,7400130452,1965-07-13,male
416,11,Sarah,Miller,6070769149,1972-12-29,female
417,11,Leah,Hess,5331984005,1991-04-16,male
418,11,Victoria,Villarreal,8664403452,2011-09-04,female
419,11,Jason,Vargas,6228244288,1941-03-13,female
420,11,Judith,Alvarado,3071288191,1995-09-27,female
421,11,Melinda,Greene,6863948178,1991-02-03,female
422,11,Rebecca,Smith,9798008380,1950-08-24,female
423,11,Joyce,Mckenzie,0544009903,1982-08-07,female
424,11,Colin,Robbins,6325831716,2019-03-15,female
425,11,Tracy,Allen,6258726044,1945-06-27,female
426,12,Paul,Reyes,5603615611,2013-06-05,male
427,12,Vicki,Medina,1835778040,1991-10-11,male
428,12,Samantha,Cortez,5475232930,2021-01-17,male
429,12,Whitney,Pollard,3524431633,1955-09-05,female
430,12,Craig,Benson,4408209940,1993-12-13,female
431,12,Michael,Morton,3242046939,1957-02-04,male
432,12,Julie,Martin,7446361249,2018-11-10,male
433,12,Olivia,Perry,6196864176,1942-05-23,male
434,12,Phillip,Rivera,8647675531,2021-10-04,male
435,12,Ana,Olson,8905831898,1949-10-21,male
436,12,Rebecca,Taylor,4384514209,1977-08-09,female
437,12,Alicia,Salazar,2780575423,2020-02-03,female
438,12,Eric,Thomas,7349420154,1976-04-22,male
439,12,Samantha,Reyes,5820473681,1996-09-26,female
440,12,Anthony,Lucero,5331238982,1970-11-02,female
441,12,Carl,Becker,9761332045,1952-08-21,female
442,12,Barbara,Reed,0012998403,1983-08-24,female
443,12,Yvonne,Wilson,6061209132,1970-04-09,female
444,12,Mike,Palmer,6460073818,1992-07-31,female
445,12,Richard,Peterson,0540128718,1985-03-31,male
446,13,Randy,Farmer,4909393107,1968-12-09,male
447,13,Kelsey,Vargas,5214696327,1986-01-21,male
448,13,Amanda,Buchanan,4575504857,1940-02-09,male
449,13,Heather,Gonzalez,9342590717,1935-03-14,female
450,13,Lisa,Cox,9824921341,1959-10-06,male
451,13,Tracy,Bryant,8839646244,1982-02-27,male
452,13,Sarah,Prince,1923800834,1967-11-19,female
453,13,Michael,Jenkins,7621901279,2020-12-03,male
454,13,Mary,Hart,0463437929,1998-04-11,male
455,13,Vanessa,Dudley,9703833395,2009-06-12,female
456,13,Michael,Lee,9399756404,1980-01-27,male
457,13,Felicia,Washington,0255943577,1994-08-06,female
458,13,James,Howard,5386743084,2008-07-24,female
459,13,Jacob,Barry,0371053047,1993-02-12,female
460,13,Sandra,Meyer,9260801870,1965-03-17,female
461,13,Crystal,Allen,2497784393,1994-08-12,female
462,13,Adam,George,8701085952,2001-12-19,female
463,13,Danielle,Sullivan,4400033598,1954-05-01,female
464,13,Ryan,Holmes,8358535632,2020-12-25,female
465,13,Sophia,Webb,3575016001,2014-03-10,male
466,13,Victoria,Mills,9644604197,1960-11-22,female
467,13,William,Moore,3177390783,1983-08-29,male
468,13,Jessica,Gonzales,8056220274,1957-11-30,female
469,13,Michael,Collins,5176059310,2006-08-11,male
470,13,Trevor,Rogers,7144569283,1934-07-20,female
471,13,Benjamin,Gray,1013111160,2016-12-08,female
472,14,Tami,Gonzalez,1777154055,1939-03-05,female
473,14,Christopher,Lane,4529333711,2003-11-03,male
474,14,Kimberly,Martin,4446595393,1957-12-22,male
475,14,Jennifer,Stevenson,5432619421,1975-09-15,female
476,14,Brianna,Hart,8095231004,1944-10-04,male
477,14,Ethan,Cox,3095465470,1934-09-12,male
478,14,Thomas,Dunn,1576511734,1971-12-10,female
479,14,Christopher,Miranda,4190570088,1969-02-10,male
480,14,Edward,Hanson,6819350815,2012-09-01,male
481,14,Andrea,Jenkins,0515858272,1935-04-21,male
482,14,Molly,Vincent,6829252168,2019-03-18,male
483,14,Traci,Brewer,3550812503,1996-09-18,female
484,14,Andrew,Garner,0523134131,1980-11-14,male
485,14,Summer,Bryant,5051702143,1951-01-14,male
486,14,James,Gomez,2499956387,2011-05-16,female
487,14,Kevin,Miller,9803580991,2002-04-03,female
488,14,Susan,Pruitt,7307962232,1954-11-18,female
489,14,John,Riddle,2381907285,1985-05-03,male
490,14,Matthew,Brown,2215051888,1964-07-28,male
491,14,Steven,Hernandez,2069096229,1936-12-22,male
492,14,Donald,Porter,3231950572,1968-08-16,male
493,14,Robert,Jennings,4874531921,2006-12-29,female
494,14,Michael,Manning,4090495811,1962-12-10,female
495,14,Carol,Johnson,5973297118,2008-02-28,female
496,14,Karen,York,9181830915,2014-08-16,male
497,14,Lisa,Green,7788760197,1980-12-30,male
498,14,Brooke,Horn,4815408936,1991-06-12,male
499,14,Tanya,Mcmillan,9699226224,1960-08-16,female
500,14,Patricia,Rose,1041431284,2010-05-16,female
501,14,Melissa,Decker,3948948884,1939-04-13,male
502,14,Elizabeth,Brown,1481020845,1979-05-14,male
503,14,Kristin,Olson,3852871400,1952-05-25,male
504,14,Ashley,Payne,6921315998,1953-03-13,female
505,14,Michael,Gregory,7098880250,2004-05-06,male
506,14,James,Yates,5400507793,1986-09-24,male
507,14,Arthur,Gamble,9027444666,2010-06-25,male
508,14,Brandon,Murphy,5727504994,1995-10-26,male
509,14,Claudia,Fisher,8877425414,1997-10-18,male
510,14,Larry,Pennington,2354418518,2023-08-04,female
511,15,Mark,Chapman,5369412134,2010-01-24,female
512,15,Scott,Nguyen,0628550248,1977-07-29,female
513,15,Katherine,Murphy,3266461655,1947-06-15,male
514,15,Joseph,Lawrence,4464324990,2023-01-27,female
515,15,Jason,Doyle,3979887182,1994-12-27,female
516,15,Cynthia,Buck,8914600644,2007-12-11,male
517,15,Benjamin,Potter,1320729891,2009-07-22,male
518,15,Jennifer,Johnson,6064856739,1982-01-04,female
519,15,Charles,Pope,5012496357,1998-11-15,female
520,15,Brittany,Kim,0548032784,1968-05-20,female
521,15,Michael,Herrera,8676272366,1996-11-23,male
522,15,Kevin,Graham,6989176061,1977-11-20,male
523,15,Christopher,Williams,5178803763,1994-07-17,male
524,15,David,Mendoza,3674076717,1944-09-08,male
525,15,Elijah,Doyle,9631933536,1993-07-30,female
526,15,Willie,Glover,2952732931,1940-09-11,male
527,15,Cynthia,Cross,5406395438,2019-01-23,male
528,15,James,Rubio,8186398062,1935-09-17,female
529,15,Sylvia,Dunn,0982780230,1936-10-10,female
530,16,Lauren,Carey,0412588992,1947-02-19,male
531,16,Toni,Pratt,2610405808,1937-05-02,male
532,16,Karla,Knight,4622004724,1981-06-25,male
533,16,Michael,Hall,2008696196,2000-11-11,female
534,16,Shannon,Mann,1760513330,1939-01-24,male
535,16,Craig,Reynolds,1683297496,1983-10-08,male
536,16,Anna,Myers,9816848009,2006-11-24,male
537,16,Tiffany,Bender,4841491984,1984-04-15,female
538,16,Edward,George,1668303577,2014-02-07,female
539,16,Ashley,Williams,6316212713,1965-04-04,female
540,16,Carl,Lutz,7015355997,2020-10-21,female
541,16,David,Anderson,1676912233,1987-05-19,female
542,16,Jeremy,Gaines,5072252905,2019-08-11,male
543,16,Jeffrey,Williams,8992707540,1972-06-27,male
544,16,Kristina,Willis,6789085635,1941-10-05,male
545,16,Christian,Robles,8851994408,1954-03-01,female
546,16,Brenda,Wright,0434354911,1934-11-19,female
547,16,Justin,Martinez,8633082121,1979-03-10,male
548,16,Mary,Carlson,1503507445,1980-04-16,female
549,16,Gina,Reyes,9432378390,1975-03-16,male
550,16,Wendy,Haynes,2798737434,2011-06-21,male
551,17,Natalie,Garcia,1656294138,2007-07-30,female
552,17,Blake,Long,0670805995,2006-05-20,male
553,17,Victor,Whitehead,8855256792,1950-01-15,female
554,17,Angela,Torres,5336453379,1933-07-09,female
555,17,David,Turner,9387204397,1958-09-12,male
556,17,Christine,Mitchell,1403394445,1988-04-12,male
557,17,Jason,Gould,0549139512,1971-11-23,female
558,17,Joseph,Miller,4488041767,1958-04-16,male
559,17,Dorothy,Cooper,1379194444,2006-11-19,female
560,17,Jesse,Allen,0429617212,1966-10-20,female
561,17,Melody,Compton,5792961777,1933-08-01,male
562,17,Alan,Miller,2051767704,1941-07-28,male
563,17,Jennifer,Andrews,6202772162,1982-05-10,male
564,17,David,Romero,3732831248,2015-01-11,female
565,17,Gary,Jones,0413758280,2009-10-04,female
566,17,Matthew,Lopez,7384979925,2017-06-04,female
567,17,Jeffrey,Ellis,2360591606,1940-05-04,male
568,17,Michael,Dean,1461655831,1987-01-03,male
569,17,Lindsey,Jenkins,7342637421,1941-08-18,female
570,17,Amber,Walker,0083745639,1962-06-04,female
