id,radiology_center_id,date,start_time,finish_time
1,1,2024-04-19,16:00:00,16:30:00
2,1,2024-04-04,16:00:00,16:30:00
3,1,2024-04-30,09:30:00,10:00:00
4,1,2024-04-28,16:00:00,16:30:00
5,1,2024-04-23,18:30:00,19:00:00
6,1,2024-04-13,12:30:00,13:00:00
7,1,2024-04-30,10:30:00,11:00:00
8,1,2024-04-03,14:30:00,15:00:00
9,1,2024-04-03,18:30:00,19:00:00
10,1,2024-04-10,17:30:00,18:00:00
11,1,2024-04-14,18:00:00,18:30:00
12,1,2024-04-08,17:00:00,17:30:00
13,1,2024-04-19,18:30:00,19:00:00
14,1,2024-04-07,18:30:00,19:00:00
15,1,2024-04-29,09:00:00,09:30:00
16,1,2024-05-18,14:30:00,15:00:00
17,1,2024-05-18,14:00:00,14:30:00
18,1,2024-05-03,11:30:00,12:00:00
19,1,2024-05-04,20:30:00,21:00:00
20,1,2024-05-31,21:00:00,21:30:00
21,1,2024-05-30,14:00:00,14:30:00
22,1,2024-05-12,14:00:00,14:30:00
23,1,2024-05-16,14:00:00,14:30:00
24,1,2024-05-15,17:30:00,18:00:00
25,1,2024-05-09,14:00:00,14:30:00
26,1,2024-05-21,14:30:00,15:00:00
27,1,2024-05-03,08:30:00,09:00:00
28,1,2024-05-27,11:00:00,11:30:00
29,1,2024-05-21,21:00:00,21:30:00
30,1,2024-05-28,15:00:00,15:30:00
31,1,2024-05-26,14:00:00,14:30:00
32,1,2024-05-16,15:30:00,16:00:00
33,1,2024-05-30,08:00:00,08:30:00
34,1,2024-05-12,19:30:00,20:00:00
35,1,2024-06-03,09:00:00,09:30:00
36,1,2024-06-14,17:30:00,18:00:00
37,1,2024-06-21,18:00:00,18:30:00
38,1,2024-06-30,14:30:00,15:00:00
39,1,2024-06-29,18:30:00,19:00:00
40,1,2024-06-01,08:30:00,09:00:00
41,1,2024-06-27,09:00:00,09:30:00
42,1,2024-06-23,18:00:00,18:30:00
43,1,2024-06-23,10:30:00,11:00:00
44,1,2024-06-06,21:30:00,22:00:00
45,1,2024-06-28,16:30:00,17:00:00
46,1,2024-06-28,14:00:00,14:30:00
47,1,2024-06-26,20:00:00,20:30:00
48,1,2024-06-12,16:30:00,17:00:00
49,1,2024-07-25,10:00:00,10:30:00
50,1,2024-07-24,17:30:00,18:00:00
51,1,2024-07-29,09:00:00,09:30:00
52,1,2024-07-13,08:30:00,09:00:00
53,1,2024-07-11,13:30:00,14:00:00
54,1,2024-07-24,17:00:00,17:30:00
55,1,2024-07-12,08:30:00,09:00:00
56,1,2024-07-05,08:00:00,08:30:00
57,1,2024-07-18,11:30:00,12:00:00
58,1,2024-07-25,10:00:00,10:30:00
59,1,2024-07-28,18:30:00,19:00:00
60,1,2024-07-30,19:30:00,20:00:00
61,1,2024-07-24,19:00:00,19:30:00
62,1,2024-07-04,10:00:00,10:30:00
63,1,2024-07-14,21:00:00,21:30:00
64,1,2024-07-21,19:30:00,20:00:00
65,2,2024-04-05,12:00:00,12:30:00
66,2,2024-04-03,11:00:00,11:30:00
67,2,2024-04-02,08:00:00,08:30:00
68,2,2024-04-19,11:00:00,11:30:00
69,2,2024-04-08,08:00:00,08:30:00
70,2,2024-04-03,08:00:00,08:30:00
71,2,2024-04-09,12:00:00,12:30:00
72,2,2024-04-07,20:30:00,21:00:00
73,2,2024-04-25,19:00:00,19:30:00
74,2,2024-04-29,18:30:00,19:00:00
75,2,2024-05-07,21:30:00,22:00:00
76,2,2024-05-28,20:30:00,21:00:00
77,2,2024-05-12,20:30:00,21:00:00
78,2,2024-05-31,12:00:00,12:30:00
79,2,2024-05-22,20:30:00,21:00:00
80,2,2024-05-25,18:00:00,18:30:00
81,2,2024-05-23,14:30:00,15:00:00
82,2,2024-05-07,11:30:00,12:00:00
83,2,2024-05-29,12:00:00,12:30:00
84,2,2024-05-09,16:30:00,17:00:00
85,2,2024-06-29,13:00:00,13:30:00
86,2,2024-06-27,08:30:00,09:00:00
87,2,2024-06-12,12:00:00,12:30:00
88,2,2024-06-18,11:00:00,11:30:00
89,2,2024-06-13,10:30:00,11:00:00
90,2,2024-06-09,12:00:00,12:30:00
91,2,2024-06-09,12:00:00,12:30:00
92,2,2024-06-20,09:00:00,09:30:00
93,2,2024-06-28,17:30:00,18:00:00
94,2,2024-06-26,17:30:00,18:00:00
95,2,2024-06-18,09:30:00,10:00:00
96,2,2024-06-28,14:30:00,15:00:00
97,2,2024-06-26,11:30:00,12:00:00
98,2,2024-06-26,15:30:00,16:00:00
99,2,2024-06-12,14:00:00,14:30:00
100,2,2024-06-02,14:30:00,15:00:00
101,2,2024-06-18,19:00:00,19:30:00
102,2,2024-06-20,09:00:00,09:30:00
103,2,2024-06-03,12:30:00,13:00:00
104,2,2024-07-07,10:00:00,10:30:00
105,2,2024-07-21,09:00:00,09:30:00
106,2,2024-07-03,08:30:00,09:00:00
107,2,2024-07-08,17:00:00,17:30:00
108,2,2024-07-21,21:30:00,22:00:00
109,2,2024-07-07,16:00:00,16:30:00
110,2,2024-07-20,14:30:00,15:00:00
111,2,2024-07-15,12:00:00,12:30:00
112,2,2024-07-13,20:00:00,20:30:00
113,2,2024-07-23,11:30:00,12:00:00
114,3,2024-04-21,08:00:00,08:30:00
115,3,2024-04-06,17:00:00,17:30:00
116,3,2024-04-28,19:30:00,20:00:00
117,3,2024-04-17,17:30:00,18:00:00
118,3,2024-04-23,14:30:00,15:00:00
119,3,2024-04-23,14:30:00,15:00:00
120,3,2024-04-12,18:00:00,18:30:00
121,3,2024-04-04,12:30:00,13:00:00
122,3,2024-04-12,09:00:00,09:30:00
123,3,2024-04-09,17:30:00,18:00:00
124,3,2024-04-07,21:00:00,21:30:00
125,3,2024-04-30,19:00:00,19:30:00
126,3,2024-04-02,19:30:00,20:00:00
127,3,2024-05-06,21:00:00,21:30:00
128,3,2024-05-03,19:30:00,20:00:00
129,3,2024-05-30,16:30:00,17:00:00
130,3,2024-05-07,20:30:00,21:00:00
131,3,2024-05-23,21:00:00,21:30:00
132,3,2024-05-21,20:00:00,20:30:00
133,3,2024-05-19,18:30:00,19:00:00
134,3,2024-05-15,11:30:00,12:00:00
135,3,2024-05-04,10:00:00,10:30:00
136,3,2024-05-28,10:30:00,11:00:00
137,3,2024-05-07,13:30:00,14:00:00
138,3,2024-05-15,21:30:00,22:00:00
139,3,2024-05-02,11:30:00,12:00:00
140,3,2024-05-21,16:30:00,17:00:00
141,3,2024-06-07,08:30:00,09:00:00
142,3,2024-06-26,19:30:00,20:00:00
143,3,2024-06-30,12:00:00,12:30:00
144,3,2024-06-25,12:30:00,13:00:00
145,3,2024-06-27,18:30:00,19:00:00
146,3,2024-06-19,18:00:00,18:30:00
147,3,2024-06-23,18:00:00,18:30:00
148,3,2024-06-30,15:00:00,15:30:00
149,3,2024-06-08,10:30:00,11:00:00
150,3,2024-06-06,08:00:00,08:30:00
151,3,2024-06-08,14:00:00,14:30:00
152,3,2024-06-10,12:30:00,13:00:00
153,3,2024-07-30,17:30:00,18:00:00
154,3,2024-07-20,16:30:00,17:00:00
155,3,2024-07-05,08:00:00,08:30:00
156,3,2024-07-17,21:00:00,21:30:00
157,3,2024-07-04,16:30:00,17:00:00
158,3,2024-07-23,15:30:00,16:00:00
159,3,2024-07-22,09:00:00,09:30:00
160,3,2024-07-06,19:00:00,19:30:00
161,3,2024-07-01,15:30:00,16:00:00
162,3,2024-07-13,14:30:00,15:00:00
163,3,2024-07-15,08:00:00,08:30:00
164,3,2024-07-12,14:30:00,15:00:00
165,3,2024-07-20,13:30:00,14:00:00
166,4,2024-04-30,20:00:00,20:30:00
167,4,2024-04-20,19:00:00,19:30:00
168,4,2024-04-29,18:30:00,19:00:00
169,4,2024-05-01,20:30:00,21:00:00
170,4,2024-04-04,12:30:00,13:00:00
171,4,2024-04-24,17:30:00,18:00:00
172,4,2024-04-22,09:30:00,10:00:00
173,4,2024-04-25,09:30:00,10:00:00
174,4,2024-04-27,20:30:00,21:00:00
175,4,2024-04-02,11:30:00,12:00:00
176,4,2024-04-12,20:30:00,21:00:00
177,4,2024-04-05,14:00:00,14:30:00
178,4,2024-04-13,20:30:00,21:00:00
179,4,2024-05-04,14:30:00,15:00:00
180,4,2024-05-25,13:30:00,14:00:00
181,4,2024-05-06,19:30:00,20:00:00
182,4,2024-05-16,12:30:00,13:00:00
183,4,2024-05-04,20:30:00,21:00:00
184,4,2024-05-26,12:30:00,13:00:00
185,4,2024-05-29,21:30:00,22:00:00
186,4,2024-05-17,09:30:00,10:00:00
187,4,2024-05-18,14:00:00,14:30:00
188,4,2024-05-22,19:00:00,19:30:00
189,4,2024-05-03,21:30:00,22:00:00
190,4,2024-05-29,11:30:00,12:00:00
191,4,2024-05-23,12:30:00,13:00:00
192,4,2024-05-04,21:00:00,21:30:00
193,4,2024-05-29,11:00:00,11:30:00
194,4,2024-05-04,16:30:00,17:00:00
195,4,2024-05-31,10:30:00,11:00:00
196,4,2024-05-06,13:30:00,14:00:00
197,4,2024-05-16,17:30:00,18:00:00
198,4,2024-05-07,20:00:00,20:30:00
199,4,2024-06-14,17:30:00,18:00:00
200,4,2024-06-12,18:30:00,19:00:00
201,4,2024-06-05,19:30:00,20:00:00
202,4,2024-06-30,12:30:00,13:00:00
203,4,2024-06-07,12:30:00,13:00:00
204,4,2024-06-14,16:00:00,16:30:00
205,4,2024-06-02,19:00:00,19:30:00
206,4,2024-06-15,15:30:00,16:00:00
207,4,2024-06-08,21:30:00,22:00:00
208,4,2024-06-24,10:00:00,10:30:00
209,4,2024-07-08,18:30:00,19:00:00
210,4,2024-07-27,10:00:00,10:30:00
211,4,2024-07-10,20:30:00,21:00:00
212,4,2024-07-19,10:00:00,10:30:00
213,4,2024-07-10,13:30:00,14:00:00
214,4,2024-07-21,12:00:00,12:30:00
215,4,2024-07-13,08:30:00,09:00:00
216,4,2024-07-23,15:00:00,15:30:00
217,4,2024-07-16,11:30:00,12:00:00
218,4,2024-07-04,18:00:00,18:30:00
219,4,2024-07-25,12:30:00,13:00:00
220,4,2024-07-08,16:30:00,17:00:00
221,4,2024-07-26,17:00:00,17:30:00
222,4,2024-07-05,11:00:00,11:30:00
223,4,2024-07-10,17:30:00,18:00:00
224,5,2024-04-09,15:00:00,15:30:00
225,5,2024-04-26,16:00:00,16:30:00
226,5,2024-04-07,13:00:00,13:30:00
227,5,2024-04-17,17:30:00,18:00:00
228,5,2024-04-11,12:30:00,13:00:00
229,5,2024-05-01,09:30:00,10:00:00
230,5,2024-04-24,08:30:00,09:00:00
231,5,2024-04-10,15:30:00,16:00:00
232,5,2024-04-09,19:30:00,20:00:00
233,5,2024-04-30,18:30:00,19:00:00
234,5,2024-04-16,09:30:00,10:00:00
235,5,2024-04-19,11:30:00,12:00:00
236,5,2024-05-04,19:00:00,19:30:00
237,5,2024-05-13,12:00:00,12:30:00
238,5,2024-05-18,14:00:00,14:30:00
239,5,2024-05-14,15:00:00,15:30:00
240,5,2024-05-09,10:00:00,10:30:00
241,5,2024-05-18,14:00:00,14:30:00
242,5,2024-05-26,16:00:00,16:30:00
243,5,2024-05-07,21:00:00,21:30:00
244,5,2024-05-02,08:00:00,08:30:00
245,5,2024-05-03,09:00:00,09:30:00
246,5,2024-05-13,20:00:00,20:30:00
247,5,2024-05-14,13:00:00,13:30:00
248,5,2024-05-06,18:00:00,18:30:00
249,5,2024-05-26,18:30:00,19:00:00
250,5,2024-06-10,14:30:00,15:00:00
251,5,2024-06-30,08:00:00,08:30:00
252,5,2024-06-11,14:00:00,14:30:00
253,5,2024-06-12,09:00:00,09:30:00
254,5,2024-06-11,15:00:00,15:30:00
255,5,2024-06-29,12:00:00,12:30:00
256,5,2024-06-25,18:00:00,18:30:00
257,5,2024-06-10,19:00:00,19:30:00
258,5,2024-06-16,12:00:00,12:30:00
259,5,2024-06-30,14:00:00,14:30:00
260,5,2024-06-14,18:30:00,19:00:00
261,5,2024-06-11,08:00:00,08:30:00
262,5,2024-06-04,19:00:00,19:30:00
263,5,2024-06-22,13:00:00,13:30:00
264,5,2024-06-21,15:00:00,15:30:00
265,5,2024-06-14,18:30:00,19:00:00
266,5,2024-06-15,13:30:00,14:00:00
267,5,2024-06-15,20:00:00,20:30:00
268,5,2024-07-30,17:00:00,17:30:00
269,5,2024-07-25,15:00:00,15:30:00
270,5,2024-07-26,10:00:00,10:30:00
271,5,2024-07-07,08:30:00,09:00:00
272,5,2024-07-04,08:00:00,08:30:00
273,5,2024-07-04,20:00:00,20:30:00
274,5,2024-07-23,12:30:00,13:00:00
275,5,2024-07-19,12:00:00,12:30:00
276,5,2024-07-28,21:00:00,21:30:00
277,5,2024-07-23,15:00:00,15:30:00
278,5,2024-07-09,15:30:00,16:00:00
279,5,2024-07-20,10:00:00,10:30:00
280,5,2024-07-15,12:00:00,12:30:00
281,5,2024-07-06,13:00:00,13:30:00
282,5,2024-07-18,09:00:00,09:30:00
283,6,2024-04-17,21:00:00,21:30:00
284,6,2024-04-02,16:00:00,16:30:00
285,6,2024-04-20,14:00:00,14:30:00
286,6,2024-04-09,08:30:00,09:00:00
287,6,2024-04-28,14:00:00,14:30:00
288,6,2024-04-08,17:00:00,17:30:00
289,6,2024-04-21,14:30:00,15:00:00
290,6,2024-04-30,17:30:00,18:00:00
291,6,2024-04-08,21:00:00,21:30:00
292,6,2024-04-11,21:00:00,21:30:00
293,6,2024-04-21,20:00:00,20:30:00
294,6,2024-04-12,16:30:00,17:00:00
295,6,2024-04-23,12:00:00,12:30:00
296,6,2024-04-18,15:00:00,15:30:00
297,6,2024-04-06,20:00:00,20:30:00
298,6,2024-05-08,19:30:00,20:00:00
299,6,2024-05-28,13:00:00,13:30:00
300,6,2024-05-18,11:30:00,12:00:00
301,6,2024-05-02,11:00:00,11:30:00
302,6,2024-05-07,16:00:00,16:30:00
303,6,2024-05-24,08:30:00,09:00:00
304,6,2024-05-09,17:30:00,18:00:00
305,6,2024-05-13,12:30:00,13:00:00
306,6,2024-05-02,12:30:00,13:00:00
307,6,2024-05-09,13:00:00,13:30:00
308,6,2024-05-20,17:30:00,18:00:00
309,6,2024-05-22,20:30:00,21:00:00
310,6,2024-05-13,17:00:00,17:30:00
311,6,2024-05-05,08:30:00,09:00:00
312,6,2024-05-02,12:00:00,12:30:00
313,6,2024-05-21,10:30:00,11:00:00
314,6,2024-05-16,21:30:00,22:00:00
315,6,2024-05-06,17:00:00,17:30:00
316,6,2024-05-25,20:30:00,21:00:00
317,6,2024-05-21,12:30:00,13:00:00
318,6,2024-06-07,11:30:00,12:00:00
319,6,2024-06-16,19:30:00,20:00:00
320,6,2024-06-21,15:30:00,16:00:00
321,6,2024-06-29,15:30:00,16:00:00
322,6,2024-06-18,10:00:00,10:30:00
323,6,2024-06-04,10:00:00,10:30:00
324,6,2024-06-12,12:00:00,12:30:00
325,6,2024-06-13,11:30:00,12:00:00
326,6,2024-06-20,20:00:00,20:30:00
327,6,2024-06-15,14:00:00,14:30:00
328,6,2024-06-21,19:00:00,19:30:00
329,6,2024-06-17,17:00:00,17:30:00
330,6,2024-06-26,11:00:00,11:30:00
331,6,2024-06-29,12:30:00,13:00:00
332,6,2024-06-13,20:30:00,21:00:00
333,6,2024-06-22,09:30:00,10:00:00
334,6,2024-06-14,14:30:00,15:00:00
335,6,2024-06-19,12:30:00,13:00:00
336,6,2024-06-17,17:30:00,18:00:00
337,6,2024-06-11,09:00:00,09:30:00
338,6,2024-07-25,12:00:00,12:30:00
339,6,2024-07-15,14:30:00,15:00:00
340,6,2024-07-11,08:30:00,09:00:00
341,6,2024-07-04,12:00:00,12:30:00
342,6,2024-07-13,21:00:00,21:30:00
343,6,2024-07-21,14:30:00,15:00:00
344,6,2024-07-07,12:00:00,12:30:00
345,6,2024-07-06,15:00:00,15:30:00
346,6,2024-07-29,17:00:00,17:30:00
347,6,2024-07-02,20:00:00,20:30:00
348,6,2024-07-23,21:30:00,22:00:00
349,6,2024-07-27,19:00:00,19:30:00
350,6,2024-07-13,11:00:00,11:30:00
351,6,2024-07-02,09:00:00,09:30:00
352,6,2024-07-30,16:00:00,16:30:00
353,6,2024-07-26,12:30:00,13:00:00
354,7,2024-04-29,18:00:00,18:30:00
355,7,2024-04-14,18:30:00,19:00:00
356,7,2024-04-21,10:00:00,10:30:00
357,7,2024-04-18,20:30:00,21:00:00
358,7,2024-04-23,20:30:00,21:00:00
359,7,2024-04-15,19:00:00,19:30:00
360,7,2024-04-23,15:00:00,15:30:00
361,7,2024-05-01,16:00:00,16:30:00
362,7,2024-04-10,20:30:00,21:00:00
363,7,2024-04-29,15:00:00,15:30:00
364,7,2024-04-22,20:00:00,20:30:00
365,7,2024-04-15,21:30:00,22:00:00
366,7,2024-04-02,15:00:00,15:30:00
367,7,2024-04-16,12:00:00,12:30:00
368,7,2024-04-27,15:30:00,16:00:00
369,7,2024-04-15,12:00:00,12:30:00
370,7,2024-04-16,17:00:00,17:30:00
371,7,2024-04-07,10:00:00,10:30:00
372,7,2024-04-30,20:00:00,20:30:00
373,7,2024-05-30,16:30:00,17:00:00
374,7,2024-05-10,13:00:00,13:30:00
375,7,2024-05-17,09:00:00,09:30:00
376,7,2024-05-28,20:00:00,20:30:00
377,7,2024-05-25,08:00:00,08:30:00
378,7,2024-05-26,18:00:00,18:30:00
379,7,2024-05-05,13:30:00,14:00:00
380,7,2024-05-14,10:30:00,11:00:00
381,7,2024-05-31,08:00:00,08:30:00
382,7,2024-05-31,19:00:00,19:30:00
383,7,2024-05-29,20:00:00,20:30:00
384,7,2024-05-27,19:30:00,20:00:00
385,7,2024-05-12,17:30:00,18:00:00
386,7,2024-05-22,13:00:00,13:30:00
387,7,2024-05-17,11:00:00,11:30:00
388,7,2024-05-03,12:30:00,13:00:00
389,7,2024-05-05,16:30:00,17:00:00
390,7,2024-05-11,10:00:00,10:30:00
391,7,2024-05-11,16:00:00,16:30:00
392,7,2024-05-24,11:30:00,12:00:00
393,7,2024-06-03,18:00:00,18:30:00
394,7,2024-06-11,14:00:00,14:30:00
395,7,2024-06-08,17:30:00,18:00:00
396,7,2024-06-30,18:00:00,18:30:00
397,7,2024-06-30,11:30:00,12:00:00
398,7,2024-06-21,14:30:00,15:00:00
399,7,2024-06-22,16:00:00,16:30:00
400,7,2024-06-18,21:30:00,22:00:00
401,7,2024-06-08,08:30:00,09:00:00
402,7,2024-06-08,17:00:00,17:30:00
403,7,2024-06-22,12:30:00,13:00:00
404,7,2024-06-25,16:00:00,16:30:00
405,7,2024-06-16,08:30:00,09:00:00
406,7,2024-07-21,16:30:00,17:00:00
407,7,2024-07-21,20:00:00,20:30:00
408,7,2024-07-17,16:30:00,17:00:00
409,7,2024-07-15,15:30:00,16:00:00
410,7,2024-07-17,15:30:00,16:00:00
411,7,2024-07-12,08:30:00,09:00:00
412,7,2024-07-14,14:00:00,14:30:00
413,7,2024-07-19,20:00:00,20:30:00
414,7,2024-07-21,11:30:00,12:00:00
415,7,2024-07-06,13:00:00,13:30:00
416,7,2024-07-10,10:30:00,11:00:00
417,7,2024-07-01,08:00:00,08:30:00
418,7,2024-07-11,18:30:00,19:00:00
419,7,2024-07-26,13:00:00,13:30:00
420,7,2024-07-21,14:00:00,14:30:00
421,7,2024-07-03,13:30:00,14:00:00
422,7,2024-07-18,11:00:00,11:30:00
423,7,2024-07-06,13:30:00,14:00:00
424,8,2024-04-30,16:30:00,17:00:00
425,8,2024-04-25,10:00:00,10:30:00
426,8,2024-04-03,15:00:00,15:30:00
427,8,2024-04-03,18:30:00,19:00:00
428,8,2024-04-02,16:00:00,16:30:00
429,8,2024-04-18,09:00:00,09:30:00
430,8,2024-04-25,18:00:00,18:30:00
431,8,2024-04-02,16:30:00,17:00:00
432,8,2024-04-25,15:00:00,15:30:00
433,8,2024-04-06,14:30:00,15:00:00
434,8,2024-05-30,14:00:00,14:30:00
435,8,2024-05-19,19:30:00,20:00:00
436,8,2024-05-21,13:30:00,14:00:00
437,8,2024-05-29,14:30:00,15:00:00
438,8,2024-05-09,14:00:00,14:30:00
439,8,2024-05-26,11:30:00,12:00:00
440,8,2024-05-13,08:30:00,09:00:00
441,8,2024-05-02,18:00:00,18:30:00
442,8,2024-05-23,10:30:00,11:00:00
443,8,2024-05-13,21:00:00,21:30:00
444,8,2024-05-14,21:00:00,21:30:00
445,8,2024-05-11,12:30:00,13:00:00
446,8,2024-05-10,08:00:00,08:30:00
447,8,2024-05-04,21:00:00,21:30:00
448,8,2024-05-24,17:30:00,18:00:00
449,8,2024-05-02,10:00:00,10:30:00
450,8,2024-05-18,09:00:00,09:30:00
451,8,2024-05-23,09:30:00,10:00:00
452,8,2024-05-27,15:00:00,15:30:00
453,8,2024-06-15,10:30:00,11:00:00
454,8,2024-06-19,08:00:00,08:30:00
455,8,2024-06-22,17:30:00,18:00:00
456,8,2024-06-06,19:00:00,19:30:00
457,8,2024-06-16,10:00:00,10:30:00
458,8,2024-06-30,15:30:00,16:00:00
459,8,2024-06-21,10:00:00,10:30:00
460,8,2024-06-18,15:30:00,16:00:00
461,8,2024-06-05,08:00:00,08:30:00
462,8,2024-06-24,15:30:00,16:00:00
463,8,2024-06-12,12:30:00,13:00:00
464,8,2024-06-18,20:30:00,21:00:00
465,8,2024-06-17,08:30:00,09:00:00
466,8,2024-07-01,14:30:00,15:00:00
467,8,2024-07-23,18:00:00,18:30:00
468,8,2024-07-13,20:30:00,21:00:00
469,8,2024-07-01,19:00:00,19:30:00
470,8,2024-07-24,16:00:00,16:30:00
471,8,2024-07-20,12:00:00,12:30:00
472,8,2024-07-20,15:00:00,15:30:00
473,8,2024-07-30,21:30:00,22:00:00
474,8,2024-07-30,15:30:00,16:00:00
475,8,2024-07-09,14:00:00,14:30:00
476,8,2024-07-09,15:30:00,16:00:00
477,9,2024-04-19,15:30:00,16:00:00
478,9,2024-04-06,18:30:00,19:00:00
479,9,2024-04-16,15:30:00,16:00:00
480,9,2024-04-11,08:30:00,09:00:00
481,9,2024-04-24,15:00:00,15:30:00
482,9,2024-04-18,12:00:00,12:30:00
483,9,2024-05-01,11:00:00,11:30:00
484,9,2024-04-07,11:00:00,11:30:00
485,9,2024-04-08,09:00:00,09:30:00
486,9,2024-04-20,20:30:00,21:00:00
487,9,2024-04-18,09:30:00,10:00:00
488,9,2024-04-06,10:30:00,11:00:00
489,9,2024-04-12,16:30:00,17:00:00
490,9,2024-05-06,10:00:00,10:30:00
491,9,2024-05-10,09:30:00,10:00:00
492,9,2024-05-29,20:30:00,21:00:00
493,9,2024-05-23,18:00:00,18:30:00
494,9,2024-05-28,15:00:00,15:30:00
495,9,2024-05-07,08:00:00,08:30:00
496,9,2024-05-17,15:30:00,16:00:00
497,9,2024-05-13,19:00:00,19:30:00
498,9,2024-05-12,09:30:00,10:00:00
499,9,2024-05-17,19:00:00,19:30:00
500,9,2024-05-24,20:30:00,21:00:00
501,9,2024-05-06,13:00:00,13:30:00
502,9,2024-05-03,14:30:00,15:00:00
503,9,2024-05-09,10:30:00,11:00:00
504,9,2024-05-22,16:30:00,17:00:00
505,9,2024-05-21,10:00:00,10:30:00
506,9,2024-05-14,19:30:00,20:00:00
507,9,2024-05-07,19:30:00,20:00:00
508,9,2024-05-21,21:00:00,21:30:00
509,9,2024-05-21,20:30:00,21:00:00
510,9,2024-06-06,09:30:00,10:00:00
511,9,2024-06-29,13:00:00,13:30:00
512,9,2024-06-19,12:00:00,12:30:00
513,9,2024-06-26,10:00:00,10:30:00
514,9,2024-06-19,18:00:00,18:30:00
515,9,2024-06-05,16:00:00,16:30:00
516,9,2024-06-26,09:00:00,09:30:00
517,9,2024-06-20,13:30:00,14:00:00
518,9,2024-06-03,12:30:00,13:00:00
519,9,2024-06-10,18:00:00,18:30:00
520,9,2024-06-17,10:00:00,10:30:00
521,9,2024-06-22,16:00:00,16:30:00
522,9,2024-07-29,09:30:00,10:00:00
523,9,2024-07-10,18:30:00,19:00:00
524,9,2024-07-25,15:00:00,15:30:00
525,9,2024-07-01,08:30:00,09:00:00
526,9,2024-07-29,18:30:00,19:00:00
527,9,2024-07-08,19:00:00,19:30:00
528,9,2024-07-20,15:30:00,16:00:00
529,9,2024-07-17,11:30:00,12:00:00
530,9,2024-07-15,14:30:00,15:00:00
531,9,2024-07-14,14:00:00,14:30:00
532,9,2024-07-01,16:00:00,16:30:00
533,9,2024-07-22,11:00:00,11:30:00
534,9,2024-07-03,09:30:00,10:00:00
535,9,2024-07-09,17:30:00,18:00:00
536,9,2024-07-17,17:00:00,17:30:00
537,9,2024-07-16,20:30:00,21:00:00
538,9,2024-07-14,20:00:00,20:30:00
539,10,2024-04-09,12:00:00,12:30:00
540,10,2024-04-05,11:00:00,11:30:00
541,10,2024-04-12,21:30:00,22:00:00
542,10,2024-04-26,15:30:00,16:00:00
543,10,2024-04-03,14:30:00,15:00:00
544,10,2024-04-15,12:30:00,13:00:00
545,10,2024-04-26,08:00:00,08:30:00
546,10,2024-04-10,08:00:00,08:30:00
547,10,2024-04-07,19:00:00,19:30:00
548,10,2024-04-28,18:30:00,19:00:00
549,10,2024-04-16,12:30:00,13:00:00
550,10,2024-04-07,16:30:00,17:00:00
551,10,2024-04-20,17:00:00,17:30:00
552,10,2024-04-03,18:00:00,18:30:00
553,10,2024-04-04,20:30:00,21:00:00
554,10,2024-04-23,09:30:00,10:00:00
555,10,2024-05-28,21:00:00,21:30:00
556,10,2024-05-22,11:30:00,12:00:00
557,10,2024-05-21,13:30:00,14:00:00
558,10,2024-05-24,15:30:00,16:00:00
559,10,2024-05-07,21:00:00,21:30:00
560,10,2024-05-16,11:30:00,12:00:00
561,10,2024-05-29,14:30:00,15:00:00
562,10,2024-05-25,16:30:00,17:00:00
563,10,2024-05-10,17:00:00,17:30:00
564,10,2024-05-18,15:30:00,16:00:00
565,10,2024-05-16,08:30:00,09:00:00
566,10,2024-05-22,14:00:00,14:30:00
567,10,2024-05-18,13:00:00,13:30:00
568,10,2024-05-03,09:30:00,10:00:00
569,10,2024-05-19,12:00:00,12:30:00
570,10,2024-05-13,20:30:00,21:00:00
571,10,2024-06-18,16:30:00,17:00:00
572,10,2024-06-08,08:30:00,09:00:00
573,10,2024-06-16,19:30:00,20:00:00
574,10,2024-06-17,11:30:00,12:00:00
575,10,2024-06-26,16:30:00,17:00:00
576,10,2024-06-23,20:30:00,21:00:00
577,10,2024-06-21,11:00:00,11:30:00
578,10,2024-06-14,11:30:00,12:00:00
579,10,2024-06-04,10:00:00,10:30:00
580,10,2024-06-22,12:00:00,12:30:00
581,10,2024-06-13,12:30:00,13:00:00
582,10,2024-06-08,17:30:00,18:00:00
583,10,2024-06-02,20:30:00,21:00:00
584,10,2024-06-07,11:30:00,12:00:00
585,10,2024-06-01,19:30:00,20:00:00
586,10,2024-06-26,17:30:00,18:00:00
587,10,2024-06-21,16:00:00,16:30:00
588,10,2024-06-08,16:30:00,17:00:00
589,10,2024-06-04,09:00:00,09:30:00
590,10,2024-07-08,16:30:00,17:00:00
591,10,2024-07-11,17:30:00,18:00:00
592,10,2024-07-07,09:00:00,09:30:00
593,10,2024-07-13,13:30:00,14:00:00
594,10,2024-07-20,17:30:00,18:00:00
595,10,2024-07-14,09:30:00,10:00:00
596,10,2024-07-02,13:00:00,13:30:00
597,10,2024-07-19,10:30:00,11:00:00
598,10,2024-07-25,16:30:00,17:00:00
599,10,2024-07-08,10:00:00,10:30:00
600,10,2024-07-26,19:30:00,20:00:00
601,10,2024-07-14,11:00:00,11:30:00
602,10,2024-07-23,09:30:00,10:00:00
603,11,2024-04-08,17:30:00,18:00:00
604,11,2024-04-18,14:30:00,15:00:00
605,11,2024-04-26,18:30:00,19:00:00
606,11,2024-05-01,19:30:00,20:00:00
607,11,2024-04-26,12:30:00,13:00:00
608,11,2024-04-22,16:00:00,16:30:00
609,11,2024-04-12,17:00:00,17:30:00
610,11,2024-04-14,14:00:00,14:30:00
611,11,2024-04-06,21:00:00,21:30:00
612,11,2024-04-14,13:00:00,13:30:00
613,11,2024-04-26,16:30:00,17:00:00
614,11,2024-04-18,12:30:00,13:00:00
615,11,2024-04-19,16:00:00,16:30:00
616,11,2024-04-02,11:00:00,11:30:00
617,11,2024-04-25,17:00:00,17:30:00
618,11,2024-04-13,16:30:00,17:00:00
619,11,2024-04-06,17:30:00,18:00:00
620,11,2024-04-28,21:00:00,21:30:00
621,11,2024-04-30,14:00:00,14:30:00
622,11,2024-05-09,08:30:00,09:00:00
623,11,2024-05-16,08:00:00,08:30:00
624,11,2024-05-08,10:30:00,11:00:00
625,11,2024-05-28,17:30:00,18:00:00
626,11,2024-05-23,13:00:00,13:30:00
627,11,2024-05-28,15:00:00,15:30:00
628,11,2024-05-06,21:00:00,21:30:00
629,11,2024-05-11,11:00:00,11:30:00
630,11,2024-05-04,12:30:00,13:00:00
631,11,2024-05-02,21:00:00,21:30:00
632,11,2024-05-12,21:30:00,22:00:00
633,11,2024-05-23,15:00:00,15:30:00
634,11,2024-05-11,11:30:00,12:00:00
635,11,2024-05-07,20:00:00,20:30:00
636,11,2024-05-29,20:30:00,21:00:00
637,11,2024-05-09,10:00:00,10:30:00
638,11,2024-05-22,08:30:00,09:00:00
639,11,2024-05-24,21:00:00,21:30:00
640,11,2024-05-22,20:00:00,20:30:00
641,11,2024-05-15,18:30:00,19:00:00
642,11,2024-06-14,19:00:00,19:30:00
643,11,2024-06-11,10:00:00,10:30:00
644,11,2024-06-14,14:30:00,15:00:00
645,11,2024-06-12,12:30:00,13:00:00
646,11,2024-06-23,08:00:00,08:30:00
647,11,2024-06-30,09:00:00,09:30:00
648,11,2024-06-16,21:00:00,21:30:00
649,11,2024-06-04,18:00:00,18:30:00
650,11,2024-06-25,08:00:00,08:30:00
651,11,2024-06-09,08:00:00,08:30:00
652,11,2024-06-14,10:30:00,11:00:00
653,11,2024-06-28,08:30:00,09:00:00
654,11,2024-06-18,18:00:00,18:30:00
655,11,2024-06-25,13:30:00,14:00:00
656,11,2024-07-29,09:30:00,10:00:00
657,11,2024-07-30,21:30:00,22:00:00
658,11,2024-07-15,19:30:00,20:00:00
659,11,2024-07-21,10:30:00,11:00:00
660,11,2024-07-08,09:30:00,10:00:00
661,11,2024-07-04,10:00:00,10:30:00
662,11,2024-07-14,12:30:00,13:00:00
663,11,2024-07-21,20:30:00,21:00:00
664,11,2024-07-13,12:00:00,12:30:00
665,11,2024-07-14,14:30:00,15:00:00
666,11,2024-07-19,21:00:00,21:30:00
667,11,2024-07-04,14:30:00,15:00:00
668,11,2024-07-18,18:00:00,18:30:00
669,12,2024-04-15,18:30:00,19:00:00
670,12,2024-04-12,08:30:00,09:00:00
671,12,2024-04-18,16:30:00,17:00:00
672,12,2024-04-17,10:30:00,11:00:00
673,12,2024-04-11,09:00:00,09:30:00
674,12,2024-04-05,19:30:00,20:00:00
675,12,2024-04-04,12:30:00,13:00:00
676,12,2024-04-20,16:30:00,17:00:00
677,12,2024-04-30,10:30:00,11:00:00
678,12,2024-04-20,19:30:00,20:00:00
679,12,2024-04-03,11:30:00,12:00:00
680,12,2024-05-24,17:30:00,18:00:00
681,12,2024-05-16,10:30:00,11:00:00
682,12,2024-05-23,20:00:00,20:30:00
683,12,2024-05-28,16:30:00,17:00:00
684,12,2024-05-02,15:30:00,16:00:00
685,12,2024-05-22,11:00:00,11:30:00
686,12,2024-05-17,18:30:00,19:00:00
687,12,2024-05-09,10:30:00,11:00:00
688,12,2024-05-30,11:30:00,12:00:00
689,12,2024-05-07,13:30:00,14:00:00
690,12,2024-05-16,20:00:00,20:30:00
691,12,2024-05-21,11:30:00,12:00:00
692,12,2024-05-26,20:30:00,21:00:00
693,12,2024-05-06,10:00:00,10:30:00
694,12,2024-05-09,19:00:00,19:30:00
695,12,2024-06-13,20:30:00,21:00:00
696,12,2024-06-06,16:00:00,16:30:00
697,12,2024-06-19,13:30:00,14:00:00
698,12,2024-06-18,09:00:00,09:30:00
699,12,2024-06-16,13:30:00,14:00:00
700,12,2024-06-18,09:30:00,10:00:00
701,12,2024-06-09,19:30:00,20:00:00
702,12,2024-06-28,18:00:00,18:30:00
703,12,2024-06-06,08:30:00,09:00:00
704,12,2024-06-17,17:00:00,17:30:00
705,12,2024-06-13,21:30:00,22:00:00
706,12,2024-06-11,18:00:00,18:30:00
707,12,2024-06-04,08:00:00,08:30:00
708,12,2024-06-09,21:00:00,21:30:00
709,12,2024-07-18,12:30:00,13:00:00
710,12,2024-07-06,08:00:00,08:30:00
711,12,2024-07-12,14:30:00,15:00:00
712,12,2024-07-19,18:00:00,18:30:00
713,12,2024-07-15,13:30:00,14:00:00
714,12,2024-07-03,13:30:00,14:00:00
715,12,2024-07-06,10:30:00,11:00:00
716,12,2024-07-15,21:30:00,22:00:00
717,12,2024-07-13,11:00:00,11:30:00
718,12,2024-07-26,10:30:00,11:00:00
719,12,2024-07-04,09:00:00,09:30:00
720,12,2024-07-27,16:30:00,17:00:00
721,12,2024-07-06,11:30:00,12:00:00
722,13,2024-04-04,16:00:00,16:30:00
723,13,2024-04-29,21:00:00,21:30:00
724,13,2024-04-25,18:30:00,19:00:00
725,13,2024-04-03,10:00:00,10:30:00
726,13,2024-05-01,14:00:00,14:30:00
727,13,2024-04-12,21:30:00,22:00:00
728,13,2024-04-23,11:30:00,12:00:00
729,13,2024-04-14,20:00:00,20:30:00
730,13,2024-04-19,15:00:00,15:30:00
731,13,2024-04-04,16:30:00,17:00:00
732,13,2024-04-07,11:00:00,11:30:00
733,13,2024-04-20,12:00:00,12:30:00
734,13,2024-04-24,16:00:00,16:30:00
735,13,2024-04-26,12:00:00,12:30:00
736,13,2024-04-05,20:30:00,21:00:00
737,13,2024-04-12,16:00:00,16:30:00
738,13,2024-05-05,13:30:00,14:00:00
739,13,2024-05-16,20:00:00,20:30:00
740,13,2024-05-31,18:00:00,18:30:00
741,13,2024-05-17,14:30:00,15:00:00
742,13,2024-05-17,16:00:00,16:30:00
743,13,2024-05-26,15:00:00,15:30:00
744,13,2024-05-30,11:00:00,11:30:00
745,13,2024-05-02,10:00:00,10:30:00
746,13,2024-05-10,13:30:00,14:00:00
747,13,2024-05-25,10:00:00,10:30:00
748,13,2024-05-18,09:30:00,10:00:00
749,13,2024-05-31,11:00:00,11:30:00
750,13,2024-05-19,14:00:00,14:30:00
751,13,2024-05-05,20:00:00,20:30:00
752,13,2024-06-06,18:00:00,18:30:00
753,13,2024-06-04,15:00:00,15:30:00
754,13,2024-06-29,15:00:00,15:30:00
755,13,2024-06-11,11:30:00,12:00:00
756,13,2024-06-08,11:30:00,12:00:00
757,13,2024-06-15,14:30:00,15:00:00
758,13,2024-06-06,09:00:00,09:30:00
759,13,2024-06-15,11:00:00,11:30:00
760,13,2024-06-14,13:30:00,14:00:00
761,13,2024-06-09,16:30:00,17:00:00
762,13,2024-06-05,09:00:00,09:30:00
763,13,2024-06-20,13:00:00,13:30:00
764,13,2024-06-30,19:00:00,19:30:00
765,13,2024-06-07,14:30:00,15:00:00
766,13,2024-06-10,21:30:00,22:00:00
767,13,2024-06-01,13:00:00,13:30:00
768,13,2024-07-05,21:00:00,21:30:00
769,13,2024-07-20,09:30:00,10:00:00
770,13,2024-07-05,14:00:00,14:30:00
771,13,2024-07-27,16:30:00,17:00:00
772,13,2024-07-26,08:30:00,09:00:00
773,13,2024-07-10,10:30:00,11:00:00
774,13,2024-07-07,12:00:00,12:30:00
775,13,2024-07-21,20:30:00,21:00:00
776,13,2024-07-09,12:00:00,12:30:00
777,13,2024-07-05,19:30:00,20:00:00
778,13,2024-07-23,19:30:00,20:00:00
779,13,2024-07-26,19:00:00,19:30:00
780,13,2024-07-05,10:30:00,11:00:00
781,13,2024-07-01,17:30:00,18:00:00
782,13,2024-07-29,21:00:00,21:30:00
783,13,2024-07-18,14:00:00,14:30:00
784,13,2024-07-20,16:30:00,17:00:00
785,13,2024-07-14,18:30:00,19:00:00
786,13,2024-07-02,18:00:00,18:30:00
787,14,2024-04-13,14:00:00,14:30:00
788,14,2024-04-26,16:30:00,17:00:00
789,14,2024-04-02,15:00:00,15:30:00
790,14,2024-04-12,14:00:00,14:30:00
791,14,2024-04-23,08:30:00,09:00:00
792,14,2024-04-12,12:00:00,12:30:00
793,14,2024-04-10,10:00:00,10:30:00
794,14,2024-04-27,15:30:00,16:00:00
795,14,2024-04-06,19:30:00,20:00:00
796,14,2024-04-04,19:30:00,20:00:00
797,14,2024-04-06,19:30:00,20:00:00
798,14,2024-04-22,17:00:00,17:30:00
799,14,2024-04-07,09:30:00,10:00:00
800,14,2024-04-11,17:30:00,18:00:00
801,14,2024-04-19,20:00:00,20:30:00
802,14,2024-04-28,17:30:00,18:00:00
803,14,2024-04-03,11:30:00,12:00:00
804,14,2024-04-09,20:00:00,20:30:00
805,14,2024-04-09,14:00:00,14:30:00
806,14,2024-04-23,13:30:00,14:00:00
807,14,2024-05-31,21:00:00,21:30:00
808,14,2024-05-17,15:00:00,15:30:00
809,14,2024-05-13,14:30:00,15:00:00
810,14,2024-05-28,12:30:00,13:00:00
811,14,2024-05-18,19:30:00,20:00:00
812,14,2024-05-20,19:30:00,20:00:00
813,14,2024-05-30,12:30:00,13:00:00
814,14,2024-05-18,13:00:00,13:30:00
815,14,2024-05-15,10:30:00,11:00:00
816,14,2024-05-14,21:00:00,21:30:00
817,14,2024-06-22,18:30:00,19:00:00
818,14,2024-06-13,16:30:00,17:00:00
819,14,2024-06-24,18:30:00,19:00:00
820,14,2024-06-02,08:00:00,08:30:00
821,14,2024-06-08,20:30:00,21:00:00
822,14,2024-06-19,15:30:00,16:00:00
823,14,2024-06-02,15:30:00,16:00:00
824,14,2024-06-29,17:30:00,18:00:00
825,14,2024-06-20,12:30:00,13:00:00
826,14,2024-06-02,09:30:00,10:00:00
827,14,2024-06-09,20:30:00,21:00:00
828,14,2024-06-20,15:30:00,16:00:00
829,14,2024-06-04,11:30:00,12:00:00
830,14,2024-06-01,17:30:00,18:00:00
831,14,2024-06-19,10:30:00,11:00:00
832,14,2024-06-08,10:00:00,10:30:00
833,14,2024-07-23,12:30:00,13:00:00
834,14,2024-07-26,20:30:00,21:00:00
835,14,2024-07-12,20:00:00,20:30:00
836,14,2024-07-12,10:00:00,10:30:00
837,14,2024-07-03,21:00:00,21:30:00
838,14,2024-07-26,20:30:00,21:00:00
839,14,2024-07-20,18:00:00,18:30:00
840,14,2024-07-15,18:30:00,19:00:00
841,14,2024-07-13,11:00:00,11:30:00
842,14,2024-07-23,11:00:00,11:30:00
843,14,2024-07-06,10:30:00,11:00:00
844,14,2024-07-26,09:00:00,09:30:00
845,14,2024-07-22,20:30:00,21:00:00
846,14,2024-07-19,15:30:00,16:00:00
847,14,2024-07-01,17:30:00,18:00:00
848,15,2024-04-26,11:00:00,11:30:00
849,15,2024-04-05,15:30:00,16:00:00
850,15,2024-04-04,15:00:00,15:30:00
851,15,2024-04-27,13:30:00,14:00:00
852,15,2024-04-17,15:30:00,16:00:00
853,15,2024-04-02,13:00:00,13:30:00
854,15,2024-04-08,18:00:00,18:30:00
855,15,2024-05-01,11:00:00,11:30:00
856,15,2024-04-28,17:30:00,18:00:00
857,15,2024-04-05,18:00:00,18:30:00
858,15,2024-04-22,19:00:00,19:30:00
859,15,2024-04-23,08:30:00,09:00:00
860,15,2024-04-19,20:30:00,21:00:00
861,15,2024-04-26,13:00:00,13:30:00
862,15,2024-04-05,13:00:00,13:30:00
863,15,2024-04-22,15:00:00,15:30:00
864,15,2024-04-15,14:00:00,14:30:00
865,15,2024-04-07,16:30:00,17:00:00
866,15,2024-04-02,19:00:00,19:30:00
867,15,2024-04-20,08:30:00,09:00:00
868,15,2024-05-26,20:30:00,21:00:00
869,15,2024-05-27,15:00:00,15:30:00
870,15,2024-05-25,13:00:00,13:30:00
871,15,2024-05-26,12:00:00,12:30:00
872,15,2024-05-17,21:00:00,21:30:00
873,15,2024-05-07,21:30:00,22:00:00
874,15,2024-05-05,21:00:00,21:30:00
875,15,2024-05-07,18:00:00,18:30:00
876,15,2024-05-11,15:30:00,16:00:00
877,15,2024-05-07,12:30:00,13:00:00
878,15,2024-05-17,09:00:00,09:30:00
879,15,2024-05-31,20:30:00,21:00:00
880,15,2024-05-04,14:00:00,14:30:00
881,15,2024-05-16,14:30:00,15:00:00
882,15,2024-05-08,14:00:00,14:30:00
883,15,2024-05-12,16:30:00,17:00:00
884,15,2024-05-09,09:30:00,10:00:00
885,15,2024-05-18,21:30:00,22:00:00
886,15,2024-06-12,20:00:00,20:30:00
887,15,2024-06-14,09:30:00,10:00:00
888,15,2024-06-26,09:30:00,10:00:00
889,15,2024-06-18,16:30:00,17:00:00
890,15,2024-06-13,18:30:00,19:00:00
891,15,2024-06-24,19:30:00,20:00:00
892,15,2024-06-16,18:00:00,18:30:00
893,15,2024-06-06,21:00:00,21:30:00
894,15,2024-06-10,16:30:00,17:00:00
895,15,2024-06-14,14:00:00,14:30:00
896,15,2024-06-05,14:30:00,15:00:00
897,15,2024-06-30,18:30:00,19:00:00
898,15,2024-06-23,18:30:00,19:00:00
899,15,2024-06-05,21:30:00,22:00:00
900,15,2024-07-08,21:30:00,22:00:00
901,15,2024-07-04,14:30:00,15:00:00
902,15,2024-07-23,17:00:00,17:30:00
903,15,2024-07-26,18:00:00,18:30:00
904,15,2024-07-11,11:00:00,11:30:00
905,15,2024-07-25,17:00:00,17:30:00
906,15,2024-07-26,09:30:00,10:00:00
907,15,2024-07-21,18:00:00,18:30:00
908,15,2024-07-08,16:00:00,16:30:00
909,15,2024-07-03,20:30:00,21:00:00
910,15,2024-07-07,10:00:00,10:30:00
911,15,2024-07-06,16:00:00,16:30:00
912,16,2024-04-28,16:00:00,16:30:00
913,16,2024-04-28,13:30:00,14:00:00
914,16,2024-04-10,16:30:00,17:00:00
915,16,2024-04-24,19:30:00,20:00:00
916,16,2024-04-13,21:30:00,22:00:00
917,16,2024-04-25,12:00:00,12:30:00
918,16,2024-04-19,20:00:00,20:30:00
919,16,2024-04-18,20:00:00,20:30:00
920,16,2024-04-02,09:30:00,10:00:00
921,16,2024-04-13,17:00:00,17:30:00
922,16,2024-04-25,19:30:00,20:00:00
923,16,2024-04-29,18:00:00,18:30:00
924,16,2024-04-12,11:00:00,11:30:00
925,16,2024-04-13,15:30:00,16:00:00
926,16,2024-04-13,10:00:00,10:30:00
927,16,2024-04-20,12:00:00,12:30:00
928,16,2024-04-10,15:00:00,15:30:00
929,16,2024-05-27,15:00:00,15:30:00
930,16,2024-05-24,15:30:00,16:00:00
931,16,2024-05-11,15:00:00,15:30:00
932,16,2024-05-18,13:00:00,13:30:00
933,16,2024-05-25,20:00:00,20:30:00
934,16,2024-05-09,12:00:00,12:30:00
935,16,2024-05-16,14:30:00,15:00:00
936,16,2024-05-02,10:30:00,11:00:00
937,16,2024-05-12,12:00:00,12:30:00
938,16,2024-05-21,12:30:00,13:00:00
939,16,2024-05-03,16:30:00,17:00:00
940,16,2024-05-24,19:30:00,20:00:00
941,16,2024-05-22,18:30:00,19:00:00
942,16,2024-05-03,09:30:00,10:00:00
943,16,2024-05-29,12:00:00,12:30:00
944,16,2024-05-14,16:30:00,17:00:00
945,16,2024-05-20,18:30:00,19:00:00
946,16,2024-05-30,13:30:00,14:00:00
947,16,2024-06-15,17:00:00,17:30:00
948,16,2024-06-25,15:00:00,15:30:00
949,16,2024-06-15,12:00:00,12:30:00
950,16,2024-06-24,11:00:00,11:30:00
951,16,2024-06-06,16:30:00,17:00:00
952,16,2024-06-20,16:00:00,16:30:00
953,16,2024-06-11,10:00:00,10:30:00
954,16,2024-06-07,10:00:00,10:30:00
955,16,2024-06-04,12:00:00,12:30:00
956,16,2024-06-02,20:30:00,21:00:00
957,16,2024-06-20,19:00:00,19:30:00
958,16,2024-06-19,08:00:00,08:30:00
959,16,2024-07-24,19:00:00,19:30:00
960,16,2024-07-05,17:00:00,17:30:00
961,16,2024-07-27,20:00:00,20:30:00
962,16,2024-07-01,19:30:00,20:00:00
963,16,2024-07-25,10:00:00,10:30:00
964,16,2024-07-05,19:00:00,19:30:00
965,16,2024-07-27,20:30:00,21:00:00
966,16,2024-07-19,08:00:00,08:30:00
967,16,2024-07-21,14:30:00,15:00:00
968,16,2024-07-11,19:00:00,19:30:00
969,16,2024-07-02,18:30:00,19:00:00
970,16,2024-07-13,12:00:00,12:30:00
971,17,2024-04-03,18:30:00,19:00:00
972,17,2024-04-05,10:00:00,10:30:00
973,17,2024-04-30,14:30:00,15:00:00
974,17,2024-04-18,20:00:00,20:30:00
975,17,2024-04-23,16:00:00,16:30:00
976,17,2024-04-05,15:30:00,16:00:00
977,17,2024-04-28,13:30:00,14:00:00
978,17,2024-04-15,09:00:00,09:30:00
979,17,2024-04-16,17:30:00,18:00:00
980,17,2024-04-12,08:30:00,09:00:00
981,17,2024-04-23,08:30:00,09:00:00
982,17,2024-04-23,19:00:00,19:30:00
983,17,2024-04-09,19:00:00,19:30:00
984,17,2024-04-12,15:30:00,16:00:00
985,17,2024-04-26,18:00:00,18:30:00
986,17,2024-04-04,19:00:00,19:30:00
987,17,2024-04-06,11:30:00,12:00:00
988,17,2024-04-04,17:00:00,17:30:00
989,17,2024-05-05,10:30:00,11:00:00
990,17,2024-05-09,17:00:00,17:30:00
991,17,2024-05-12,19:30:00,20:00:00
992,17,2024-05-03,09:30:00,10:00:00
993,17,2024-05-07,17:00:00,17:30:00
994,17,2024-05-18,19:00:00,19:30:00
995,17,2024-05-19,13:00:00,13:30:00
996,17,2024-05-29,12:30:00,13:00:00
997,17,2024-05-12,09:30:00,10:00:00
998,17,2024-05-23,08:00:00,08:30:00
999,17,2024-05-07,12:00:00,12:30:00
1000,17,2024-05-18,13:30:00,14:00:00
1001,17,2024-05-22,11:00:00,11:30:00
1002,17,2024-05-02,18:30:00,19:00:00
1003,17,2024-05-06,21:30:00,22:00:00
1004,17,2024-06-18,16:30:00,17:00:00
1005,17,2024-06-25,10:00:00,10:30:00
1006,17,2024-06-30,09:00:00,09:30:00
1007,17,2024-06-11,16:00:00,16:30:00
1008,17,2024-06-14,21:30:00,22:00:00
1009,17,2024-06-29,15:00:00,15:30:00
1010,17,2024-06-26,14:30:00,15:00:00
1011,17,2024-06-11,11:00:00,11:30:00
1012,17,2024-06-20,14:30:00,15:00:00
1013,17,2024-06-24,18:00:00,18:30:00
1014,17,2024-06-12,11:30:00,12:00:00
1015,17,2024-06-19,18:30:00,19:00:00
1016,17,2024-06-25,12:00:00,12:30:00
1017,17,2024-06-02,16:00:00,16:30:00
1018,17,2024-06-24,21:30:00,22:00:00
1019,17,2024-06-28,17:30:00,18:00:00
1020,17,2024-06-06,21:30:00,22:00:00
1021,17,2024-06-04,17:00:00,17:30:00
1022,17,2024-06-07,12:30:00,13:00:00
1023,17,2024-07-09,16:30:00,17:00:00
1024,17,2024-07-12,09:00:00,09:30:00
1025,17,2024-07-05,09:00:00,09:30:00
1026,17,2024-07-26,09:00:00,09:30:00
1027,17,2024-07-06,12:30:00,13:00:00
1028,17,2024-07-05,10:30:00,11:00:00
1029,17,2024-07-28,15:30:00,16:00:00
1030,17,2024-07-13,19:30:00,20:00:00
1031,17,2024-07-11,16:30:00,17:00:00
1032,17,2024-07-20,08:00:00,08:30:00
1033,17,2024-07-17,08:00:00,08:30:00
1034,17,2024-07-06,20:30:00,21:00:00
1035,17,2024-07-19,12:30:00,13:00:00
1036,17,2024-07-02,11:00:00,11:30:00
1037,17,2024-07-27,08:00:00,08:30:00
1038,17,2024-07-16,19:00:00,19:30:00
1039,17,2024-07-18,12:00:00,12:30:00
1040,18,2024-04-03,18:30:00,19:00:00
1041,18,2024-04-11,15:00:00,15:30:00
1042,18,2024-04-04,12:30:00,13:00:00
1043,18,2024-04-11,15:30:00,16:00:00
1044,18,2024-04-08,09:00:00,09:30:00
1045,18,2024-04-10,15:30:00,16:00:00
1046,18,2024-04-06,13:30:00,14:00:00
1047,18,2024-04-15,12:00:00,12:30:00
1048,18,2024-04-13,14:30:00,15:00:00
1049,18,2024-04-17,08:00:00,08:30:00
1050,18,2024-05-01,21:30:00,22:00:00
1051,18,2024-05-30,19:30:00,20:00:00
1052,18,2024-05-25,13:00:00,13:30:00
1053,18,2024-05-26,11:30:00,12:00:00
1054,18,2024-05-22,18:30:00,19:00:00
1055,18,2024-05-07,21:00:00,21:30:00
1056,18,2024-05-04,17:30:00,18:00:00
1057,18,2024-05-16,09:30:00,10:00:00
1058,18,2024-05-10,20:00:00,20:30:00
1059,18,2024-05-17,21:30:00,22:00:00
1060,18,2024-05-15,08:30:00,09:00:00
1061,18,2024-05-07,08:30:00,09:00:00
1062,18,2024-05-11,08:00:00,08:30:00
1063,18,2024-05-25,18:00:00,18:30:00
1064,18,2024-06-24,12:30:00,13:00:00
1065,18,2024-06-16,10:30:00,11:00:00
1066,18,2024-06-20,11:30:00,12:00:00
1067,18,2024-06-27,09:30:00,10:00:00
1068,18,2024-06-02,19:00:00,19:30:00
1069,18,2024-06-17,12:00:00,12:30:00
1070,18,2024-06-11,21:00:00,21:30:00
1071,18,2024-06-25,09:00:00,09:30:00
1072,18,2024-06-03,08:00:00,08:30:00
1073,18,2024-06-08,11:30:00,12:00:00
1074,18,2024-06-10,10:00:00,10:30:00
1075,18,2024-06-10,19:30:00,20:00:00
1076,18,2024-07-02,10:00:00,10:30:00
1077,18,2024-07-28,19:00:00,19:30:00
1078,18,2024-07-29,12:00:00,12:30:00
1079,18,2024-07-13,17:30:00,18:00:00
1080,18,2024-07-29,10:00:00,10:30:00
1081,18,2024-07-23,09:30:00,10:00:00
1082,18,2024-07-28,20:00:00,20:30:00
1083,18,2024-07-15,21:30:00,22:00:00
1084,18,2024-07-14,11:30:00,12:00:00
1085,18,2024-07-05,08:00:00,08:30:00
1086,18,2024-07-03,19:00:00,19:30:00
1087,18,2024-07-11,16:00:00,16:30:00
1088,18,2024-07-21,14:30:00,15:00:00
1089,18,2024-07-15,20:30:00,21:00:00
1090,18,2024-07-18,21:30:00,22:00:00
1091,18,2024-07-15,13:00:00,13:30:00
1092,18,2024-07-03,20:00:00,20:30:00
1093,18,2024-07-03,18:30:00,19:00:00
1094,18,2024-07-29,19:30:00,20:00:00
1095,19,2024-04-11,20:30:00,21:00:00
1096,19,2024-04-29,16:00:00,16:30:00
1097,19,2024-04-09,21:00:00,21:30:00
1098,19,2024-04-28,20:00:00,20:30:00
1099,19,2024-04-25,15:00:00,15:30:00
1100,19,2024-04-27,16:30:00,17:00:00
1101,19,2024-04-19,19:00:00,19:30:00
1102,19,2024-04-04,09:30:00,10:00:00
1103,19,2024-04-06,10:30:00,11:00:00
1104,19,2024-04-30,12:00:00,12:30:00
1105,19,2024-04-19,08:30:00,09:00:00
1106,19,2024-04-27,13:30:00,14:00:00
1107,19,2024-04-11,17:30:00,18:00:00
1108,19,2024-04-30,08:00:00,08:30:00
1109,19,2024-05-27,10:00:00,10:30:00
1110,19,2024-05-21,14:30:00,15:00:00
1111,19,2024-05-16,09:00:00,09:30:00
1112,19,2024-05-21,14:00:00,14:30:00
1113,19,2024-05-19,13:00:00,13:30:00
1114,19,2024-05-06,21:30:00,22:00:00
1115,19,2024-05-18,21:00:00,21:30:00
1116,19,2024-05-13,12:00:00,12:30:00
1117,19,2024-05-22,08:00:00,08:30:00
1118,19,2024-05-09,11:00:00,11:30:00
1119,19,2024-05-30,08:30:00,09:00:00
1120,19,2024-05-16,19:00:00,19:30:00
1121,19,2024-05-19,10:00:00,10:30:00
1122,19,2024-05-31,14:00:00,14:30:00
1123,19,2024-05-23,21:30:00,22:00:00
1124,19,2024-05-30,13:30:00,14:00:00
1125,19,2024-05-05,18:00:00,18:30:00
1126,19,2024-05-13,20:00:00,20:30:00
1127,19,2024-05-28,08:00:00,08:30:00
1128,19,2024-06-26,16:30:00,17:00:00
1129,19,2024-06-30,09:00:00,09:30:00
1130,19,2024-06-13,14:00:00,14:30:00
1131,19,2024-06-10,17:00:00,17:30:00
1132,19,2024-06-26,09:00:00,09:30:00
1133,19,2024-06-05,15:00:00,15:30:00
1134,19,2024-06-03,15:00:00,15:30:00
1135,19,2024-06-15,20:00:00,20:30:00
1136,19,2024-06-15,20:30:00,21:00:00
1137,19,2024-06-18,16:00:00,16:30:00
1138,19,2024-07-20,14:00:00,14:30:00
1139,19,2024-07-04,13:30:00,14:00:00
1140,19,2024-07-27,15:30:00,16:00:00
1141,19,2024-07-28,13:30:00,14:00:00
1142,19,2024-07-03,17:30:00,18:00:00
1143,19,2024-07-29,17:00:00,17:30:00
1144,19,2024-07-08,10:30:00,11:00:00
1145,19,2024-07-07,12:30:00,13:00:00
1146,19,2024-07-12,14:30:00,15:00:00
1147,19,2024-07-27,14:30:00,15:00:00
1148,19,2024-07-01,19:30:00,20:00:00
1149,19,2024-07-02,20:30:00,21:00:00
1150,19,2024-07-14,10:00:00,10:30:00
1151,19,2024-07-03,13:30:00,14:00:00
1152,20,2024-04-02,17:30:00,18:00:00
1153,20,2024-04-27,10:30:00,11:00:00
1154,20,2024-04-23,19:00:00,19:30:00
1155,20,2024-04-09,09:00:00,09:30:00
1156,20,2024-04-21,09:00:00,09:30:00
1157,20,2024-04-22,21:00:00,21:30:00
1158,20,2024-04-29,14:00:00,14:30:00
1159,20,2024-04-24,10:00:00,10:30:00
1160,20,2024-04-28,16:30:00,17:00:00
1161,20,2024-04-21,21:30:00,22:00:00
1162,20,2024-04-08,17:00:00,17:30:00
1163,20,2024-04-14,17:00:00,17:30:00
1164,20,2024-04-21,17:00:00,17:30:00
1165,20,2024-04-26,12:30:00,13:00:00
1166,20,2024-04-09,17:00:00,17:30:00
1167,20,2024-04-06,15:00:00,15:30:00
1168,20,2024-04-09,14:00:00,14:30:00
1169,20,2024-04-10,16:30:00,17:00:00
1170,20,2024-05-03,17:30:00,18:00:00
1171,20,2024-05-28,08:00:00,08:30:00
1172,20,2024-05-02,11:00:00,11:30:00
1173,20,2024-05-11,13:00:00,13:30:00
1174,20,2024-05-10,19:30:00,20:00:00
1175,20,2024-05-22,17:00:00,17:30:00
1176,20,2024-05-21,09:00:00,09:30:00
1177,20,2024-05-21,13:00:00,13:30:00
1178,20,2024-05-02,20:30:00,21:00:00
1179,20,2024-05-08,17:30:00,18:00:00
1180,20,2024-05-26,08:00:00,08:30:00
1181,20,2024-05-19,15:30:00,16:00:00
1182,20,2024-06-01,18:00:00,18:30:00
1183,20,2024-06-24,12:30:00,13:00:00
1184,20,2024-06-14,09:30:00,10:00:00
1185,20,2024-06-29,13:30:00,14:00:00
1186,20,2024-06-11,21:30:00,22:00:00
1187,20,2024-06-21,10:30:00,11:00:00
1188,20,2024-06-11,18:30:00,19:00:00
1189,20,2024-06-11,12:00:00,12:30:00
1190,20,2024-06-20,19:30:00,20:00:00
1191,20,2024-06-02,13:30:00,14:00:00
1192,20,2024-06-24,15:30:00,16:00:00
1193,20,2024-06-06,11:00:00,11:30:00
1194,20,2024-06-16,11:30:00,12:00:00
1195,20,2024-06-20,14:00:00,14:30:00
1196,20,2024-06-26,16:00:00,16:30:00
1197,20,2024-06-24,11:30:00,12:00:00
1198,20,2024-06-16,19:30:00,20:00:00
1199,20,2024-06-13,16:00:00,16:30:00
1200,20,2024-06-28,11:00:00,11:30:00
1201,20,2024-07-29,09:00:00,09:30:00
1202,20,2024-07-04,17:30:00,18:00:00
1203,20,2024-07-09,19:30:00,20:00:00
1204,20,2024-07-28,20:00:00,20:30:00
1205,20,2024-07-29,10:00:00,10:30:00
1206,20,2024-07-16,15:00:00,15:30:00
1207,20,2024-07-02,10:30:00,11:00:00
1208,20,2024-07-02,14:30:00,15:00:00
1209,20,2024-07-03,18:30:00,19:00:00
1210,20,2024-07-26,17:30:00,18:00:00
1211,20,2024-07-10,10:30:00,11:00:00
1212,20,2024-07-01,12:00:00,12:30:00
1213,20,2024-07-11,09:00:00,09:30:00
1214,21,2024-04-11,16:00:00,16:30:00
1215,21,2024-04-03,20:30:00,21:00:00
1216,21,2024-04-25,09:00:00,09:30:00
1217,21,2024-04-24,13:00:00,13:30:00
1218,21,2024-04-19,17:00:00,17:30:00
1219,21,2024-04-27,09:30:00,10:00:00
1220,21,2024-04-10,21:30:00,22:00:00
1221,21,2024-05-01,12:30:00,13:00:00
1222,21,2024-04-21,08:00:00,08:30:00
1223,21,2024-04-07,20:00:00,20:30:00
1224,21,2024-04-22,13:00:00,13:30:00
1225,21,2024-04-21,20:00:00,20:30:00
1226,21,2024-05-14,14:00:00,14:30:00
1227,21,2024-05-14,14:00:00,14:30:00
1228,21,2024-05-29,16:30:00,17:00:00
1229,21,2024-05-07,10:00:00,10:30:00
1230,21,2024-05-14,11:00:00,11:30:00
1231,21,2024-05-12,13:30:00,14:00:00
1232,21,2024-05-15,10:00:00,10:30:00
1233,21,2024-05-22,08:30:00,09:00:00
1234,21,2024-05-07,11:00:00,11:30:00
1235,21,2024-05-12,20:00:00,20:30:00
1236,21,2024-05-29,10:00:00,10:30:00
1237,21,2024-06-03,16:00:00,16:30:00
1238,21,2024-06-23,17:00:00,17:30:00
1239,21,2024-06-22,16:30:00,17:00:00
1240,21,2024-06-14,08:00:00,08:30:00
1241,21,2024-06-18,19:30:00,20:00:00
1242,21,2024-06-24,15:30:00,16:00:00
1243,21,2024-06-10,20:30:00,21:00:00
1244,21,2024-06-04,13:00:00,13:30:00
1245,21,2024-06-09,10:30:00,11:00:00
1246,21,2024-06-03,13:30:00,14:00:00
1247,21,2024-07-10,16:00:00,16:30:00
1248,21,2024-07-01,15:00:00,15:30:00
1249,21,2024-07-17,21:00:00,21:30:00
1250,21,2024-07-15,19:30:00,20:00:00
1251,21,2024-07-01,10:30:00,11:00:00
1252,21,2024-07-29,20:00:00,20:30:00
1253,21,2024-07-03,15:30:00,16:00:00
1254,21,2024-07-18,21:30:00,22:00:00
1255,21,2024-07-02,18:30:00,19:00:00
1256,21,2024-07-04,13:30:00,14:00:00
1257,21,2024-07-06,20:30:00,21:00:00
1258,21,2024-07-22,15:30:00,16:00:00
1259,21,2024-07-30,17:30:00,18:00:00
1260,22,2024-04-27,20:00:00,20:30:00
1261,22,2024-04-19,12:00:00,12:30:00
1262,22,2024-04-20,19:30:00,20:00:00
1263,22,2024-04-20,17:30:00,18:00:00
1264,22,2024-04-21,10:00:00,10:30:00
1265,22,2024-04-06,09:00:00,09:30:00
1266,22,2024-04-18,19:30:00,20:00:00
1267,22,2024-04-14,08:30:00,09:00:00
1268,22,2024-04-09,21:30:00,22:00:00
1269,22,2024-05-01,18:30:00,19:00:00
1270,22,2024-04-19,08:30:00,09:00:00
1271,22,2024-05-22,17:00:00,17:30:00
1272,22,2024-05-07,14:00:00,14:30:00
1273,22,2024-05-02,16:30:00,17:00:00
1274,22,2024-05-28,20:30:00,21:00:00
1275,22,2024-05-02,21:30:00,22:00:00
1276,22,2024-05-25,19:30:00,20:00:00
1277,22,2024-05-05,15:00:00,15:30:00
1278,22,2024-05-14,15:00:00,15:30:00
1279,22,2024-05-09,21:00:00,21:30:00
1280,22,2024-05-02,19:30:00,20:00:00
1281,22,2024-05-13,09:30:00,10:00:00
1282,22,2024-06-05,08:00:00,08:30:00
1283,22,2024-06-20,21:00:00,21:30:00
1284,22,2024-06-27,14:30:00,15:00:00
1285,22,2024-06-19,08:00:00,08:30:00
1286,22,2024-06-17,12:00:00,12:30:00
1287,22,2024-06-01,13:30:00,14:00:00
1288,22,2024-06-08,11:30:00,12:00:00
1289,22,2024-06-08,12:00:00,12:30:00
1290,22,2024-06-01,20:30:00,21:00:00
1291,22,2024-06-03,14:30:00,15:00:00
1292,22,2024-06-23,11:30:00,12:00:00
1293,22,2024-06-19,20:30:00,21:00:00
1294,22,2024-06-18,20:00:00,20:30:00
1295,22,2024-06-25,10:30:00,11:00:00
1296,22,2024-06-11,15:00:00,15:30:00
1297,22,2024-07-09,20:30:00,21:00:00
1298,22,2024-07-26,13:30:00,14:00:00
1299,22,2024-07-12,08:00:00,08:30:00
1300,22,2024-07-05,14:30:00,15:00:00
1301,22,2024-07-15,13:00:00,13:30:00
1302,22,2024-07-09,20:30:00,21:00:00
1303,22,2024-07-23,08:00:00,08:30:00
1304,22,2024-07-30,10:00:00,10:30:00
1305,22,2024-07-15,21:30:00,22:00:00
1306,22,2024-07-15,21:30:00,22:00:00
1307,22,2024-07-16,15:30:00,16:00:00
1308,22,2024-07-21,18:30:00,19:00:00
1309,22,2024-07-14,19:00:00,19:30:00
1310,22,2024-07-19,20:00:00,20:30:00
1311,22,2024-07-29,09:30:00,10:00:00
1312,22,2024-07-29,14:00:00,14:30:00
1313,23,2024-04-29,17:30:00,18:00:00
1314,23,2024-04-06,11:00:00,11:30:00
1315,23,2024-04-20,21:00:00,21:30:00
1316,23,2024-04-25,20:00:00,20:30:00
1317,23,2024-04-02,15:30:00,16:00:00
1318,23,2024-04-19,19:00:00,19:30:00
1319,23,2024-04-20,16:00:00,16:30:00
1320,23,2024-04-11,13:00:00,13:30:00
1321,23,2024-04-09,13:00:00,13:30:00
1322,23,2024-04-26,11:00:00,11:30:00
1323,23,2024-04-28,10:00:00,10:30:00
1324,23,2024-05-26,13:00:00,13:30:00
1325,23,2024-05-13,14:30:00,15:00:00
1326,23,2024-05-31,11:00:00,11:30:00
1327,23,2024-05-17,10:00:00,10:30:00
1328,23,2024-05-26,12:00:00,12:30:00
1329,23,2024-05-17,12:00:00,12:30:00
1330,23,2024-05-22,19:30:00,20:00:00
1331,23,2024-05-15,12:30:00,13:00:00
1332,23,2024-05-22,21:00:00,21:30:00
1333,23,2024-05-10,15:00:00,15:30:00
1334,23,2024-05-02,20:00:00,20:30:00
1335,23,2024-05-30,08:30:00,09:00:00
1336,23,2024-06-01,10:00:00,10:30:00
1337,23,2024-06-02,12:00:00,12:30:00
1338,23,2024-06-10,12:30:00,13:00:00
1339,23,2024-06-16,13:30:00,14:00:00
1340,23,2024-06-16,19:30:00,20:00:00
1341,23,2024-06-01,21:30:00,22:00:00
1342,23,2024-06-09,09:30:00,10:00:00
1343,23,2024-06-13,09:30:00,10:00:00
1344,23,2024-06-11,20:30:00,21:00:00
1345,23,2024-06-20,11:30:00,12:00:00
1346,23,2024-06-16,19:00:00,19:30:00
1347,23,2024-07-21,11:00:00,11:30:00
1348,23,2024-07-25,09:30:00,10:00:00
1349,23,2024-07-14,17:30:00,18:00:00
1350,23,2024-07-25,12:30:00,13:00:00
1351,23,2024-07-25,11:30:00,12:00:00
1352,23,2024-07-06,10:00:00,10:30:00
1353,23,2024-07-11,12:00:00,12:30:00
1354,23,2024-07-09,14:30:00,15:00:00
1355,23,2024-07-26,14:30:00,15:00:00
1356,23,2024-07-12,13:00:00,13:30:00
1357,23,2024-07-27,16:30:00,17:00:00
1358,24,2024-04-16,14:00:00,14:30:00
1359,24,2024-04-27,18:30:00,19:00:00
1360,24,2024-05-01,21:00:00,21:30:00
1361,24,2024-04-03,17:30:00,18:00:00
1362,24,2024-04-28,09:00:00,09:30:00
1363,24,2024-04-07,12:00:00,12:30:00
1364,24,2024-04-28,19:00:00,19:30:00
1365,24,2024-04-17,21:00:00,21:30:00
1366,24,2024-04-10,16:30:00,17:00:00
1367,24,2024-04-08,16:00:00,16:30:00
1368,24,2024-04-02,10:30:00,11:00:00
1369,24,2024-04-12,19:30:00,20:00:00
1370,24,2024-04-18,18:30:00,19:00:00
1371,24,2024-04-15,15:00:00,15:30:00
1372,24,2024-04-22,12:00:00,12:30:00
1373,24,2024-04-08,10:30:00,11:00:00
1374,24,2024-04-21,20:30:00,21:00:00
1375,24,2024-04-04,09:30:00,10:00:00
1376,24,2024-04-09,20:00:00,20:30:00
1377,24,2024-05-08,21:00:00,21:30:00
1378,24,2024-05-07,17:00:00,17:30:00
1379,24,2024-05-28,12:00:00,12:30:00
1380,24,2024-05-21,19:00:00,19:30:00
1381,24,2024-05-11,11:30:00,12:00:00
1382,24,2024-05-17,15:30:00,16:00:00
1383,24,2024-05-05,11:30:00,12:00:00
1384,24,2024-05-25,15:00:00,15:30:00
1385,24,2024-05-27,14:30:00,15:00:00
1386,24,2024-05-05,20:00:00,20:30:00
1387,24,2024-05-03,17:30:00,18:00:00
1388,24,2024-05-10,14:00:00,14:30:00
1389,24,2024-05-18,20:00:00,20:30:00
1390,24,2024-05-25,19:00:00,19:30:00
1391,24,2024-05-07,09:30:00,10:00:00
1392,24,2024-05-17,19:30:00,20:00:00
1393,24,2024-05-25,15:00:00,15:30:00
1394,24,2024-05-05,17:00:00,17:30:00
1395,24,2024-05-24,21:30:00,22:00:00
1396,24,2024-05-03,08:00:00,08:30:00
1397,24,2024-06-05,12:00:00,12:30:00
1398,24,2024-06-10,09:30:00,10:00:00
1399,24,2024-06-13,20:30:00,21:00:00
1400,24,2024-06-15,21:00:00,21:30:00
1401,24,2024-06-02,09:00:00,09:30:00
1402,24,2024-06-24,09:30:00,10:00:00
1403,24,2024-06-02,20:00:00,20:30:00
1404,24,2024-06-15,10:00:00,10:30:00
1405,24,2024-06-25,16:00:00,16:30:00
1406,24,2024-06-16,14:30:00,15:00:00
1407,24,2024-06-19,11:30:00,12:00:00
1408,24,2024-06-21,12:30:00,13:00:00
1409,24,2024-06-09,19:30:00,20:00:00
1410,24,2024-06-03,12:30:00,13:00:00
1411,24,2024-06-03,19:30:00,20:00:00
1412,24,2024-07-06,08:30:00,09:00:00
1413,24,2024-07-28,16:30:00,17:00:00
1414,24,2024-07-25,17:00:00,17:30:00
1415,24,2024-07-11,14:30:00,15:00:00
1416,24,2024-07-22,19:00:00,19:30:00
1417,24,2024-07-10,12:00:00,12:30:00
1418,24,2024-07-29,17:30:00,18:00:00
1419,24,2024-07-03,08:00:00,08:30:00
1420,24,2024-07-19,16:00:00,16:30:00
1421,24,2024-07-22,18:00:00,18:30:00
1422,24,2024-07-11,17:30:00,18:00:00
1423,24,2024-07-24,12:00:00,12:30:00
1424,24,2024-07-30,12:30:00,13:00:00
1425,24,2024-07-29,14:30:00,15:00:00
1426,24,2024-07-24,17:30:00,18:00:00
1427,24,2024-07-18,17:30:00,18:00:00
1428,24,2024-07-25,18:00:00,18:30:00
1429,24,2024-07-13,16:30:00,17:00:00
1430,24,2024-07-07,17:00:00,17:30:00
1431,25,2024-04-26,14:00:00,14:30:00
1432,25,2024-04-27,20:00:00,20:30:00
1433,25,2024-04-17,10:30:00,11:00:00
1434,25,2024-04-29,13:30:00,14:00:00
1435,25,2024-04-06,19:30:00,20:00:00
1436,25,2024-04-10,10:00:00,10:30:00
1437,25,2024-04-02,13:30:00,14:00:00
1438,25,2024-04-15,11:30:00,12:00:00
1439,25,2024-04-06,11:00:00,11:30:00
1440,25,2024-04-07,12:00:00,12:30:00
1441,25,2024-05-21,17:30:00,18:00:00
1442,25,2024-05-14,12:30:00,13:00:00
1443,25,2024-05-21,10:30:00,11:00:00
1444,25,2024-05-25,17:00:00,17:30:00
1445,25,2024-05-15,21:00:00,21:30:00
1446,25,2024-05-25,21:00:00,21:30:00
1447,25,2024-05-02,17:30:00,18:00:00
1448,25,2024-05-11,18:00:00,18:30:00
1449,25,2024-05-16,17:00:00,17:30:00
1450,25,2024-05-08,17:00:00,17:30:00
1451,25,2024-05-12,11:30:00,12:00:00
1452,25,2024-05-12,18:30:00,19:00:00
1453,25,2024-05-08,17:00:00,17:30:00
1454,25,2024-06-02,13:00:00,13:30:00
1455,25,2024-06-20,11:30:00,12:00:00
1456,25,2024-06-10,13:00:00,13:30:00
1457,25,2024-06-23,16:30:00,17:00:00
1458,25,2024-06-23,17:00:00,17:30:00
1459,25,2024-06-01,12:00:00,12:30:00
1460,25,2024-06-23,15:30:00,16:00:00
1461,25,2024-06-14,19:00:00,19:30:00
1462,25,2024-06-22,17:00:00,17:30:00
1463,25,2024-06-23,16:00:00,16:30:00
1464,25,2024-06-18,14:30:00,15:00:00
1465,25,2024-06-28,20:00:00,20:30:00
1466,25,2024-07-17,19:30:00,20:00:00
1467,25,2024-07-21,12:00:00,12:30:00
1468,25,2024-07-21,10:30:00,11:00:00
1469,25,2024-07-07,12:30:00,13:00:00
1470,25,2024-07-20,13:30:00,14:00:00
1471,25,2024-07-25,18:30:00,19:00:00
1472,25,2024-07-16,17:00:00,17:30:00
1473,25,2024-07-26,12:00:00,12:30:00
1474,25,2024-07-27,13:00:00,13:30:00
1475,25,2024-07-26,13:00:00,13:30:00
1476,26,2024-04-20,09:30:00,10:00:00
1477,26,2024-04-15,10:00:00,10:30:00
1478,26,2024-04-16,19:00:00,19:30:00
1479,26,2024-04-16,19:30:00,20:00:00
1480,26,2024-04-12,19:30:00,20:00:00
1481,26,2024-04-13,18:00:00,18:30:00
1482,26,2024-04-05,11:30:00,12:00:00
1483,26,2024-04-29,11:00:00,11:30:00
1484,26,2024-04-22,18:30:00,19:00:00
1485,26,2024-04-16,18:30:00,19:00:00
1486,26,2024-04-06,20:00:00,20:30:00
1487,26,2024-04-05,10:30:00,11:00:00
1488,26,2024-05-01,16:00:00,16:30:00
1489,26,2024-04-18,10:30:00,11:00:00
1490,26,2024-04-05,11:00:00,11:30:00
1491,26,2024-04-15,10:00:00,10:30:00
1492,26,2024-05-07,15:30:00,16:00:00
1493,26,2024-05-19,15:00:00,15:30:00
1494,26,2024-05-28,09:00:00,09:30:00
1495,26,2024-05-09,12:00:00,12:30:00
1496,26,2024-05-23,16:30:00,17:00:00
1497,26,2024-05-29,21:00:00,21:30:00
1498,26,2024-05-17,20:30:00,21:00:00
1499,26,2024-05-06,15:00:00,15:30:00
1500,26,2024-05-04,08:30:00,09:00:00
1501,26,2024-05-27,16:00:00,16:30:00
1502,26,2024-05-10,20:00:00,20:30:00
1503,26,2024-06-17,14:30:00,15:00:00
1504,26,2024-06-03,09:30:00,10:00:00
1505,26,2024-06-29,12:00:00,12:30:00
1506,26,2024-06-23,16:00:00,16:30:00
1507,26,2024-06-17,15:00:00,15:30:00
1508,26,2024-06-21,08:30:00,09:00:00
1509,26,2024-06-16,17:00:00,17:30:00
1510,26,2024-06-27,13:30:00,14:00:00
1511,26,2024-06-08,21:00:00,21:30:00
1512,26,2024-06-05,13:00:00,13:30:00
1513,26,2024-06-09,13:00:00,13:30:00
1514,26,2024-06-29,13:00:00,13:30:00
1515,26,2024-06-25,17:00:00,17:30:00
1516,26,2024-06-18,13:30:00,14:00:00
1517,26,2024-06-05,15:30:00,16:00:00
1518,26,2024-06-16,11:00:00,11:30:00
1519,26,2024-06-30,11:00:00,11:30:00
1520,26,2024-06-27,10:30:00,11:00:00
1521,26,2024-07-20,12:00:00,12:30:00
1522,26,2024-07-16,14:30:00,15:00:00
1523,26,2024-07-13,12:30:00,13:00:00
1524,26,2024-07-07,13:00:00,13:30:00
1525,26,2024-07-02,12:30:00,13:00:00
1526,26,2024-07-23,16:00:00,16:30:00
1527,26,2024-07-13,17:00:00,17:30:00
1528,26,2024-07-08,08:00:00,08:30:00
1529,26,2024-07-25,12:30:00,13:00:00
1530,26,2024-07-23,16:00:00,16:30:00
1531,26,2024-07-17,21:00:00,21:30:00
1532,26,2024-07-12,08:00:00,08:30:00
1533,26,2024-07-20,15:00:00,15:30:00
1534,26,2024-07-24,19:00:00,19:30:00
1535,26,2024-07-18,21:00:00,21:30:00
1536,26,2024-07-18,20:30:00,21:00:00
1537,26,2024-07-06,12:30:00,13:00:00
1538,26,2024-07-07,19:00:00,19:30:00
1539,26,2024-07-26,18:30:00,19:00:00
1540,27,2024-04-16,20:30:00,21:00:00
1541,27,2024-04-30,21:30:00,22:00:00
1542,27,2024-05-01,14:30:00,15:00:00
1543,27,2024-04-26,15:00:00,15:30:00
1544,27,2024-04-30,13:30:00,14:00:00
1545,27,2024-04-02,21:00:00,21:30:00
1546,27,2024-04-27,16:00:00,16:30:00
1547,27,2024-04-29,21:00:00,21:30:00
1548,27,2024-04-15,20:30:00,21:00:00
1549,27,2024-04-24,11:30:00,12:00:00
1550,27,2024-04-11,18:30:00,19:00:00
1551,27,2024-04-15,16:30:00,17:00:00
1552,27,2024-05-07,18:00:00,18:30:00
1553,27,2024-05-16,17:00:00,17:30:00
1554,27,2024-05-09,18:00:00,18:30:00
1555,27,2024-05-16,10:30:00,11:00:00
1556,27,2024-05-23,14:00:00,14:30:00
1557,27,2024-05-30,20:00:00,20:30:00
1558,27,2024-05-12,19:00:00,19:30:00
1559,27,2024-05-05,20:30:00,21:00:00
1560,27,2024-05-10,11:00:00,11:30:00
1561,27,2024-05-09,20:30:00,21:00:00
1562,27,2024-05-09,21:00:00,21:30:00
1563,27,2024-05-27,20:30:00,21:00:00
1564,27,2024-06-19,14:00:00,14:30:00
1565,27,2024-06-29,10:30:00,11:00:00
1566,27,2024-06-10,11:30:00,12:00:00
1567,27,2024-06-21,12:30:00,13:00:00
1568,27,2024-06-11,15:00:00,15:30:00
1569,27,2024-06-08,13:00:00,13:30:00
1570,27,2024-06-16,12:00:00,12:30:00
1571,27,2024-06-04,11:30:00,12:00:00
1572,27,2024-06-12,13:00:00,13:30:00
1573,27,2024-06-28,16:00:00,16:30:00
1574,27,2024-06-23,20:00:00,20:30:00
1575,27,2024-06-23,14:00:00,14:30:00
1576,27,2024-06-26,11:00:00,11:30:00
1577,27,2024-06-26,16:00:00,16:30:00
1578,27,2024-06-23,18:00:00,18:30:00
1579,27,2024-06-07,08:30:00,09:00:00
1580,27,2024-06-09,13:00:00,13:30:00
1581,27,2024-06-09,18:00:00,18:30:00
1582,27,2024-06-07,12:30:00,13:00:00
1583,27,2024-07-15,15:30:00,16:00:00
1584,27,2024-07-29,10:00:00,10:30:00
1585,27,2024-07-27,18:00:00,18:30:00
1586,27,2024-07-25,09:00:00,09:30:00
1587,27,2024-07-05,16:30:00,17:00:00
1588,27,2024-07-10,16:00:00,16:30:00
1589,27,2024-07-18,13:00:00,13:30:00
1590,27,2024-07-26,16:00:00,16:30:00
1591,27,2024-07-03,19:30:00,20:00:00
1592,27,2024-07-17,09:00:00,09:30:00
1593,27,2024-07-05,12:00:00,12:30:00
1594,27,2024-07-02,20:30:00,21:00:00
1595,27,2024-07-11,12:30:00,13:00:00
1596,27,2024-07-21,19:00:00,19:30:00
1597,28,2024-04-03,11:00:00,11:30:00
1598,28,2024-04-29,20:30:00,21:00:00
1599,28,2024-04-17,19:30:00,20:00:00
1600,28,2024-04-23,19:30:00,20:00:00
1601,28,2024-04-12,15:00:00,15:30:00
1602,28,2024-04-04,14:00:00,14:30:00
1603,28,2024-04-17,10:30:00,11:00:00
1604,28,2024-04-30,18:00:00,18:30:00
1605,28,2024-04-21,17:00:00,17:30:00
1606,28,2024-04-21,09:00:00,09:30:00
1607,28,2024-04-13,14:00:00,14:30:00
1608,28,2024-04-18,08:00:00,08:30:00
1609,28,2024-04-23,17:30:00,18:00:00
1610,28,2024-05-17,09:00:00,09:30:00
1611,28,2024-05-08,14:00:00,14:30:00
1612,28,2024-05-07,11:00:00,11:30:00
1613,28,2024-05-31,21:30:00,22:00:00
1614,28,2024-05-20,16:30:00,17:00:00
1615,28,2024-05-03,19:00:00,19:30:00
1616,28,2024-05-28,12:30:00,13:00:00
1617,28,2024-05-20,17:00:00,17:30:00
1618,28,2024-05-06,15:30:00,16:00:00
1619,28,2024-05-13,12:30:00,13:00:00
1620,28,2024-05-14,15:30:00,16:00:00
1621,28,2024-05-12,15:00:00,15:30:00
1622,28,2024-05-12,20:00:00,20:30:00
1623,28,2024-05-10,20:30:00,21:00:00
1624,28,2024-05-25,13:30:00,14:00:00
1625,28,2024-05-21,11:30:00,12:00:00
1626,28,2024-05-11,20:30:00,21:00:00
1627,28,2024-05-03,17:30:00,18:00:00
1628,28,2024-05-24,12:00:00,12:30:00
1629,28,2024-06-01,20:00:00,20:30:00
1630,28,2024-06-29,15:30:00,16:00:00
1631,28,2024-06-09,19:00:00,19:30:00
1632,28,2024-06-30,13:30:00,14:00:00
1633,28,2024-06-25,08:30:00,09:00:00
1634,28,2024-06-24,14:30:00,15:00:00
1635,28,2024-06-16,10:30:00,11:00:00
1636,28,2024-06-30,19:00:00,19:30:00
1637,28,2024-06-16,21:30:00,22:00:00
1638,28,2024-06-22,19:30:00,20:00:00
1639,28,2024-06-26,19:00:00,19:30:00
1640,28,2024-06-23,09:00:00,09:30:00
1641,28,2024-07-15,21:30:00,22:00:00
1642,28,2024-07-07,10:30:00,11:00:00
1643,28,2024-07-26,11:00:00,11:30:00
1644,28,2024-07-30,17:00:00,17:30:00
1645,28,2024-07-07,09:30:00,10:00:00
1646,28,2024-07-13,12:00:00,12:30:00
1647,28,2024-07-28,18:30:00,19:00:00
1648,28,2024-07-07,09:30:00,10:00:00
1649,28,2024-07-29,19:30:00,20:00:00
1650,28,2024-07-11,19:30:00,20:00:00
1651,28,2024-07-10,20:00:00,20:30:00
1652,29,2024-04-10,12:00:00,12:30:00
1653,29,2024-04-17,20:30:00,21:00:00
1654,29,2024-04-04,21:00:00,21:30:00
1655,29,2024-04-26,16:30:00,17:00:00
1656,29,2024-04-03,11:30:00,12:00:00
1657,29,2024-04-11,14:00:00,14:30:00
1658,29,2024-04-12,11:00:00,11:30:00
1659,29,2024-04-17,16:00:00,16:30:00
1660,29,2024-04-27,15:30:00,16:00:00
1661,29,2024-04-12,10:30:00,11:00:00
1662,29,2024-05-24,21:30:00,22:00:00
1663,29,2024-05-24,21:30:00,22:00:00
1664,29,2024-05-15,12:00:00,12:30:00
1665,29,2024-05-08,15:00:00,15:30:00
1666,29,2024-05-05,21:00:00,21:30:00
1667,29,2024-05-30,15:00:00,15:30:00
1668,29,2024-05-30,14:00:00,14:30:00
1669,29,2024-05-17,20:00:00,20:30:00
1670,29,2024-05-07,09:00:00,09:30:00
1671,29,2024-05-17,11:30:00,12:00:00
1672,29,2024-05-11,18:30:00,19:00:00
1673,29,2024-05-04,21:00:00,21:30:00
1674,29,2024-05-03,10:00:00,10:30:00
1675,29,2024-05-26,17:00:00,17:30:00
1676,29,2024-06-17,10:30:00,11:00:00
1677,29,2024-06-29,12:00:00,12:30:00
1678,29,2024-06-15,21:00:00,21:30:00
1679,29,2024-06-09,08:30:00,09:00:00
1680,29,2024-06-09,20:00:00,20:30:00
1681,29,2024-06-21,14:30:00,15:00:00
1682,29,2024-06-23,15:00:00,15:30:00
1683,29,2024-06-28,19:30:00,20:00:00
1684,29,2024-06-10,21:00:00,21:30:00
1685,29,2024-06-29,16:30:00,17:00:00
1686,29,2024-06-22,08:30:00,09:00:00
1687,29,2024-06-21,14:00:00,14:30:00
1688,29,2024-06-25,11:30:00,12:00:00
1689,29,2024-06-15,17:30:00,18:00:00
1690,29,2024-06-17,17:00:00,17:30:00
1691,29,2024-06-16,10:00:00,10:30:00
1692,29,2024-06-03,20:00:00,20:30:00
1693,29,2024-06-27,19:30:00,20:00:00
1694,29,2024-07-28,18:30:00,19:00:00
1695,29,2024-07-01,08:30:00,09:00:00
1696,29,2024-07-21,17:00:00,17:30:00
1697,29,2024-07-25,20:00:00,20:30:00
1698,29,2024-07-28,21:30:00,22:00:00
1699,29,2024-07-04,15:30:00,16:00:00
1700,29,2024-07-17,15:00:00,15:30:00
1701,29,2024-07-23,10:30:00,11:00:00
1702,29,2024-07-15,18:00:00,18:30:00
1703,29,2024-07-15,10:30:00,11:00:00
1704,29,2024-07-24,16:30:00,17:00:00
1705,30,2024-04-18,19:00:00,19:30:00
1706,30,2024-04-24,10:00:00,10:30:00
1707,30,2024-04-19,12:00:00,12:30:00
1708,30,2024-04-20,19:00:00,19:30:00
1709,30,2024-05-01,20:30:00,21:00:00
1710,30,2024-04-08,16:00:00,16:30:00
1711,30,2024-04-30,17:00:00,17:30:00
1712,30,2024-04-04,10:00:00,10:30:00
1713,30,2024-04-19,08:30:00,09:00:00
1714,30,2024-04-07,16:00:00,16:30:00
1715,30,2024-04-03,12:00:00,12:30:00
1716,30,2024-04-19,09:30:00,10:00:00
1717,30,2024-04-03,10:30:00,11:00:00
1718,30,2024-04-16,12:00:00,12:30:00
1719,30,2024-04-05,08:30:00,09:00:00
1720,30,2024-04-12,16:00:00,16:30:00
1721,30,2024-05-18,12:00:00,12:30:00
1722,30,2024-05-03,09:00:00,09:30:00
1723,30,2024-05-21,21:00:00,21:30:00
1724,30,2024-05-10,16:00:00,16:30:00
1725,30,2024-05-12,09:30:00,10:00:00
1726,30,2024-05-18,20:00:00,20:30:00
1727,30,2024-05-04,12:00:00,12:30:00
1728,30,2024-05-25,10:00:00,10:30:00
1729,30,2024-05-07,18:30:00,19:00:00
1730,30,2024-05-29,11:30:00,12:00:00
1731,30,2024-05-27,15:00:00,15:30:00
1732,30,2024-05-10,11:30:00,12:00:00
1733,30,2024-05-23,14:30:00,15:00:00
1734,30,2024-05-29,13:30:00,14:00:00
1735,30,2024-06-15,14:00:00,14:30:00
1736,30,2024-06-14,20:30:00,21:00:00
1737,30,2024-06-03,17:30:00,18:00:00
1738,30,2024-06-27,10:00:00,10:30:00
1739,30,2024-06-08,12:30:00,13:00:00
1740,30,2024-06-08,21:00:00,21:30:00
1741,30,2024-06-14,20:30:00,21:00:00
1742,30,2024-06-22,12:30:00,13:00:00
1743,30,2024-06-15,15:00:00,15:30:00
1744,30,2024-06-07,13:00:00,13:30:00
1745,30,2024-06-18,11:00:00,11:30:00
1746,30,2024-06-07,19:30:00,20:00:00
1747,30,2024-06-04,15:00:00,15:30:00
1748,30,2024-06-02,14:30:00,15:00:00
1749,30,2024-06-06,20:00:00,20:30:00
1750,30,2024-06-28,13:30:00,14:00:00
1751,30,2024-07-10,08:00:00,08:30:00
1752,30,2024-07-02,11:00:00,11:30:00
1753,30,2024-07-18,11:00:00,11:30:00
1754,30,2024-07-15,13:00:00,13:30:00
1755,30,2024-07-22,21:30:00,22:00:00
1756,30,2024-07-01,09:00:00,09:30:00
1757,30,2024-07-11,20:30:00,21:00:00
1758,30,2024-07-22,15:30:00,16:00:00
1759,30,2024-07-13,10:00:00,10:30:00
1760,30,2024-07-17,16:30:00,17:00:00
1761,30,2024-07-29,19:30:00,20:00:00
1762,30,2024-07-25,14:00:00,14:30:00
1763,30,2024-07-20,17:00:00,17:30:00
1764,31,2024-04-28,16:30:00,17:00:00
1765,31,2024-04-26,15:30:00,16:00:00
1766,31,2024-04-03,13:00:00,13:30:00
1767,31,2024-04-21,21:30:00,22:00:00
1768,31,2024-04-10,08:30:00,09:00:00
1769,31,2024-04-22,17:00:00,17:30:00
1770,31,2024-04-10,09:00:00,09:30:00
1771,31,2024-04-23,20:00:00,20:30:00
1772,31,2024-04-29,10:00:00,10:30:00
1773,31,2024-04-21,13:30:00,14:00:00
1774,31,2024-04-09,11:00:00,11:30:00
1775,31,2024-04-02,13:30:00,14:00:00
1776,31,2024-04-28,20:00:00,20:30:00
1777,31,2024-04-20,08:30:00,09:00:00
1778,31,2024-04-06,17:30:00,18:00:00
1779,31,2024-04-04,13:00:00,13:30:00
1780,31,2024-04-23,16:30:00,17:00:00
1781,31,2024-05-16,12:00:00,12:30:00
1782,31,2024-05-19,20:30:00,21:00:00
1783,31,2024-05-04,08:30:00,09:00:00
1784,31,2024-05-05,11:00:00,11:30:00
1785,31,2024-05-13,08:00:00,08:30:00
1786,31,2024-05-10,18:00:00,18:30:00
1787,31,2024-05-09,21:00:00,21:30:00
1788,31,2024-05-13,20:30:00,21:00:00
1789,31,2024-05-13,12:00:00,12:30:00
1790,31,2024-05-22,11:00:00,11:30:00
1791,31,2024-05-23,08:00:00,08:30:00
1792,31,2024-06-12,08:00:00,08:30:00
1793,31,2024-06-16,10:30:00,11:00:00
1794,31,2024-06-22,13:30:00,14:00:00
1795,31,2024-06-27,10:00:00,10:30:00
1796,31,2024-06-19,12:30:00,13:00:00
1797,31,2024-06-25,13:00:00,13:30:00
1798,31,2024-06-08,19:30:00,20:00:00
1799,31,2024-06-09,10:30:00,11:00:00
1800,31,2024-06-01,14:30:00,15:00:00
1801,31,2024-06-16,21:30:00,22:00:00
1802,31,2024-06-16,18:00:00,18:30:00
1803,31,2024-06-30,13:00:00,13:30:00
1804,31,2024-06-18,14:30:00,15:00:00
1805,31,2024-07-26,16:00:00,16:30:00
1806,31,2024-07-26,08:30:00,09:00:00
1807,31,2024-07-11,13:00:00,13:30:00
1808,31,2024-07-18,19:00:00,19:30:00
1809,31,2024-07-26,11:30:00,12:00:00
1810,31,2024-07-03,20:00:00,20:30:00
1811,31,2024-07-06,20:00:00,20:30:00
1812,31,2024-07-18,16:00:00,16:30:00
1813,31,2024-07-12,18:00:00,18:30:00
1814,31,2024-07-17,10:30:00,11:00:00
1815,31,2024-07-22,21:00:00,21:30:00
1816,31,2024-07-22,11:30:00,12:00:00
1817,31,2024-07-30,09:30:00,10:00:00
1818,31,2024-07-26,15:30:00,16:00:00
1819,31,2024-07-14,12:00:00,12:30:00
1820,32,2024-04-02,10:00:00,10:30:00
1821,32,2024-04-24,15:30:00,16:00:00
1822,32,2024-04-02,16:30:00,17:00:00
1823,32,2024-04-17,17:00:00,17:30:00
1824,32,2024-04-22,08:30:00,09:00:00
1825,32,2024-04-21,20:30:00,21:00:00
1826,32,2024-04-02,13:00:00,13:30:00
1827,32,2024-04-26,17:00:00,17:30:00
1828,32,2024-04-29,21:30:00,22:00:00
1829,32,2024-04-28,21:30:00,22:00:00
1830,32,2024-04-04,14:00:00,14:30:00
1831,32,2024-04-07,17:00:00,17:30:00
1832,32,2024-04-11,11:00:00,11:30:00
1833,32,2024-04-22,20:30:00,21:00:00
1834,32,2024-04-25,20:00:00,20:30:00
1835,32,2024-04-16,20:00:00,20:30:00
1836,32,2024-05-06,19:00:00,19:30:00
1837,32,2024-05-13,11:30:00,12:00:00
1838,32,2024-05-12,10:00:00,10:30:00
1839,32,2024-05-16,18:30:00,19:00:00
1840,32,2024-05-27,15:00:00,15:30:00
1841,32,2024-05-23,19:00:00,19:30:00
1842,32,2024-05-23,09:30:00,10:00:00
1843,32,2024-05-28,19:30:00,20:00:00
1844,32,2024-05-30,10:30:00,11:00:00
1845,32,2024-05-08,16:30:00,17:00:00
1846,32,2024-05-14,19:00:00,19:30:00
1847,32,2024-05-06,10:30:00,11:00:00
1848,32,2024-05-03,18:30:00,19:00:00
1849,32,2024-05-16,15:00:00,15:30:00
1850,32,2024-05-03,11:00:00,11:30:00
1851,32,2024-05-27,19:30:00,20:00:00
1852,32,2024-05-24,17:30:00,18:00:00
1853,32,2024-06-22,17:30:00,18:00:00
1854,32,2024-06-07,20:30:00,21:00:00
1855,32,2024-06-19,16:00:00,16:30:00
1856,32,2024-06-30,19:00:00,19:30:00
1857,32,2024-06-21,16:30:00,17:00:00
1858,32,2024-06-11,15:30:00,16:00:00
1859,32,2024-06-12,09:00:00,09:30:00
1860,32,2024-06-21,20:00:00,20:30:00
1861,32,2024-06-26,16:30:00,17:00:00
1862,32,2024-06-16,11:00:00,11:30:00
1863,32,2024-06-15,15:30:00,16:00:00
1864,32,2024-06-29,21:30:00,22:00:00
1865,32,2024-06-19,10:00:00,10:30:00
1866,32,2024-06-22,12:00:00,12:30:00
1867,32,2024-06-05,09:00:00,09:30:00
1868,32,2024-06-16,21:30:00,22:00:00
1869,32,2024-06-27,19:30:00,20:00:00
1870,32,2024-06-08,15:00:00,15:30:00
1871,32,2024-06-29,18:00:00,18:30:00
1872,32,2024-07-17,19:30:00,20:00:00
1873,32,2024-07-28,20:00:00,20:30:00
1874,32,2024-07-01,12:00:00,12:30:00
1875,32,2024-07-19,20:30:00,21:00:00
1876,32,2024-07-30,18:30:00,19:00:00
1877,32,2024-07-18,15:30:00,16:00:00
1878,32,2024-07-03,13:00:00,13:30:00
1879,32,2024-07-06,14:00:00,14:30:00
1880,32,2024-07-08,17:30:00,18:00:00
1881,32,2024-07-16,21:00:00,21:30:00
1882,32,2024-07-06,20:30:00,21:00:00
1883,32,2024-07-21,10:00:00,10:30:00
1884,33,2024-04-04,16:30:00,17:00:00
1885,33,2024-04-14,13:30:00,14:00:00
1886,33,2024-04-08,10:30:00,11:00:00
1887,33,2024-04-13,10:30:00,11:00:00
1888,33,2024-04-28,20:30:00,21:00:00
1889,33,2024-04-11,15:30:00,16:00:00
1890,33,2024-04-06,12:30:00,13:00:00
1891,33,2024-04-25,21:30:00,22:00:00
1892,33,2024-04-25,17:00:00,17:30:00
1893,33,2024-04-06,08:00:00,08:30:00
1894,33,2024-04-02,21:30:00,22:00:00
1895,33,2024-05-04,08:30:00,09:00:00
1896,33,2024-05-30,14:30:00,15:00:00
1897,33,2024-05-31,14:00:00,14:30:00
1898,33,2024-05-11,19:00:00,19:30:00
1899,33,2024-05-07,17:30:00,18:00:00
1900,33,2024-05-20,09:30:00,10:00:00
1901,33,2024-05-06,08:00:00,08:30:00
1902,33,2024-05-04,18:00:00,18:30:00
1903,33,2024-05-07,14:30:00,15:00:00
1904,33,2024-05-04,14:30:00,15:00:00
1905,33,2024-05-15,09:30:00,10:00:00
1906,33,2024-05-14,15:00:00,15:30:00
1907,33,2024-05-13,16:00:00,16:30:00
1908,33,2024-05-06,14:00:00,14:30:00
1909,33,2024-05-07,13:00:00,13:30:00
1910,33,2024-05-16,12:00:00,12:30:00
1911,33,2024-05-02,18:30:00,19:00:00
1912,33,2024-06-10,18:30:00,19:00:00
1913,33,2024-06-03,09:30:00,10:00:00
1914,33,2024-06-11,15:30:00,16:00:00
1915,33,2024-06-22,16:00:00,16:30:00
1916,33,2024-06-20,15:30:00,16:00:00
1917,33,2024-06-10,14:00:00,14:30:00
1918,33,2024-06-04,21:00:00,21:30:00
1919,33,2024-06-29,18:00:00,18:30:00
1920,33,2024-06-12,14:30:00,15:00:00
1921,33,2024-06-24,18:30:00,19:00:00
1922,33,2024-06-13,14:30:00,15:00:00
1923,33,2024-06-07,14:00:00,14:30:00
1924,33,2024-06-07,09:00:00,09:30:00
1925,33,2024-07-14,14:00:00,14:30:00
1926,33,2024-07-21,17:30:00,18:00:00
1927,33,2024-07-17,11:30:00,12:00:00
1928,33,2024-07-10,12:30:00,13:00:00
1929,33,2024-07-04,20:00:00,20:30:00
1930,33,2024-07-17,13:30:00,14:00:00
1931,33,2024-07-12,14:30:00,15:00:00
1932,33,2024-07-26,20:00:00,20:30:00
1933,33,2024-07-30,08:30:00,09:00:00
1934,33,2024-07-19,19:30:00,20:00:00
1935,33,2024-07-08,09:30:00,10:00:00
1936,33,2024-07-27,16:30:00,17:00:00
1937,33,2024-07-06,16:30:00,17:00:00
1938,33,2024-07-01,12:30:00,13:00:00
1939,34,2024-04-12,19:00:00,19:30:00
1940,34,2024-04-11,18:00:00,18:30:00
1941,34,2024-04-28,08:30:00,09:00:00
1942,34,2024-04-03,13:30:00,14:00:00
1943,34,2024-04-07,17:00:00,17:30:00
1944,34,2024-04-02,15:00:00,15:30:00
1945,34,2024-04-06,16:00:00,16:30:00
1946,34,2024-04-17,15:00:00,15:30:00
1947,34,2024-04-14,10:30:00,11:00:00
1948,34,2024-04-19,20:00:00,20:30:00
1949,34,2024-04-29,16:30:00,17:00:00
1950,34,2024-04-23,11:30:00,12:00:00
1951,34,2024-04-26,12:00:00,12:30:00
1952,34,2024-04-05,11:30:00,12:00:00
1953,34,2024-04-27,16:30:00,17:00:00
1954,34,2024-04-08,12:00:00,12:30:00
1955,34,2024-05-28,21:30:00,22:00:00
1956,34,2024-05-22,15:00:00,15:30:00
1957,34,2024-05-24,14:30:00,15:00:00
1958,34,2024-05-14,20:30:00,21:00:00
1959,34,2024-05-30,15:30:00,16:00:00
1960,34,2024-05-24,15:30:00,16:00:00
1961,34,2024-05-22,12:00:00,12:30:00
1962,34,2024-05-31,18:30:00,19:00:00
1963,34,2024-05-15,20:30:00,21:00:00
1964,34,2024-05-19,11:00:00,11:30:00
1965,34,2024-05-27,21:30:00,22:00:00
1966,34,2024-05-24,16:00:00,16:30:00
1967,34,2024-05-14,18:00:00,18:30:00
1968,34,2024-05-06,16:30:00,17:00:00
1969,34,2024-05-20,21:00:00,21:30:00
1970,34,2024-05-07,20:30:00,21:00:00
1971,34,2024-05-11,11:00:00,11:30:00
1972,34,2024-05-19,14:00:00,14:30:00
1973,34,2024-06-08,09:30:00,10:00:00
1974,34,2024-06-04,14:30:00,15:00:00
1975,34,2024-06-24,12:00:00,12:30:00
1976,34,2024-06-26,17:00:00,17:30:00
1977,34,2024-06-02,16:30:00,17:00:00
1978,34,2024-06-01,13:30:00,14:00:00
1979,34,2024-06-04,14:30:00,15:00:00
1980,34,2024-06-26,13:00:00,13:30:00
1981,34,2024-06-06,21:00:00,21:30:00
1982,34,2024-06-22,10:00:00,10:30:00
1983,34,2024-06-22,14:30:00,15:00:00
1984,34,2024-06-30,20:30:00,21:00:00
1985,34,2024-06-24,16:00:00,16:30:00
1986,34,2024-06-18,15:00:00,15:30:00
1987,34,2024-06-17,20:30:00,21:00:00
1988,34,2024-06-03,11:30:00,12:00:00
1989,34,2024-06-27,11:30:00,12:00:00
1990,34,2024-06-15,18:00:00,18:30:00
1991,34,2024-06-19,13:30:00,14:00:00
1992,34,2024-07-04,13:30:00,14:00:00
1993,34,2024-07-30,08:00:00,08:30:00
1994,34,2024-07-06,11:00:00,11:30:00
1995,34,2024-07-02,18:00:00,18:30:00
1996,34,2024-07-05,20:30:00,21:00:00
1997,34,2024-07-13,10:30:00,11:00:00
1998,34,2024-07-23,12:30:00,13:00:00
1999,34,2024-07-12,09:30:00,10:00:00
2000,34,2024-07-25,13:30:00,14:00:00
2001,34,2024-07-28,16:00:00,16:30:00
2002,34,2024-07-17,21:30:00,22:00:00
2003,34,2024-07-11,15:30:00,16:00:00
2004,34,2024-07-23,13:30:00,14:00:00
2005,34,2024-07-02,19:00:00,19:30:00
2006,34,2024-07-06,15:30:00,16:00:00
2007,34,2024-07-09,12:30:00,13:00:00
2008,34,2024-07-30,11:30:00,12:00:00
2009,34,2024-07-25,11:30:00,12:00:00
2010,35,2024-04-18,13:30:00,14:00:00
2011,35,2024-04-23,15:30:00,16:00:00
2012,35,2024-04-17,16:30:00,17:00:00
2013,35,2024-04-12,11:00:00,11:30:00
2014,35,2024-04-09,18:30:00,19:00:00
2015,35,2024-04-05,20:00:00,20:30:00
2016,35,2024-04-10,19:30:00,20:00:00
2017,35,2024-04-13,16:30:00,17:00:00
2018,35,2024-04-07,08:30:00,09:00:00
2019,35,2024-04-22,12:30:00,13:00:00
2020,35,2024-04-14,21:00:00,21:30:00
2021,35,2024-04-22,08:00:00,08:30:00
2022,35,2024-04-22,18:00:00,18:30:00
2023,35,2024-04-30,19:30:00,20:00:00
2024,35,2024-04-27,14:00:00,14:30:00
2025,35,2024-04-21,15:00:00,15:30:00
2026,35,2024-05-16,08:30:00,09:00:00
2027,35,2024-05-05,18:00:00,18:30:00
2028,35,2024-05-09,18:00:00,18:30:00
2029,35,2024-05-25,15:00:00,15:30:00
2030,35,2024-05-19,21:30:00,22:00:00
2031,35,2024-05-27,10:30:00,11:00:00
2032,35,2024-05-23,10:30:00,11:00:00
2033,35,2024-05-21,15:00:00,15:30:00
2034,35,2024-05-03,14:00:00,14:30:00
2035,35,2024-05-12,11:30:00,12:00:00
2036,35,2024-05-18,18:00:00,18:30:00
2037,35,2024-05-15,09:30:00,10:00:00
2038,35,2024-05-28,10:00:00,10:30:00
2039,35,2024-05-11,14:30:00,15:00:00
2040,35,2024-05-05,12:00:00,12:30:00
2041,35,2024-06-06,17:00:00,17:30:00
2042,35,2024-06-17,10:30:00,11:00:00
2043,35,2024-06-13,14:30:00,15:00:00
2044,35,2024-06-05,09:00:00,09:30:00
2045,35,2024-06-11,12:30:00,13:00:00
2046,35,2024-06-03,17:30:00,18:00:00
2047,35,2024-06-17,10:00:00,10:30:00
2048,35,2024-06-27,18:30:00,19:00:00
2049,35,2024-06-29,16:30:00,17:00:00
2050,35,2024-06-19,14:30:00,15:00:00
2051,35,2024-06-12,19:30:00,20:00:00
2052,35,2024-06-19,16:30:00,17:00:00
2053,35,2024-06-11,12:00:00,12:30:00
2054,35,2024-07-11,21:00:00,21:30:00
2055,35,2024-07-22,16:30:00,17:00:00
2056,35,2024-07-19,17:00:00,17:30:00
2057,35,2024-07-23,15:00:00,15:30:00
2058,35,2024-07-29,14:30:00,15:00:00
2059,35,2024-07-02,19:00:00,19:30:00
2060,35,2024-07-22,11:00:00,11:30:00
2061,35,2024-07-04,17:30:00,18:00:00
2062,35,2024-07-20,19:30:00,20:00:00
2063,35,2024-07-27,20:00:00,20:30:00
2064,35,2024-07-04,12:30:00,13:00:00
2065,35,2024-07-15,20:30:00,21:00:00
2066,35,2024-07-24,11:00:00,11:30:00
2067,36,2024-04-28,10:30:00,11:00:00
2068,36,2024-04-07,12:30:00,13:00:00
2069,36,2024-04-17,12:00:00,12:30:00
2070,36,2024-04-27,09:30:00,10:00:00
2071,36,2024-04-29,16:00:00,16:30:00
2072,36,2024-04-07,10:30:00,11:00:00
2073,36,2024-04-11,08:00:00,08:30:00
2074,36,2024-04-08,14:00:00,14:30:00
2075,36,2024-04-25,09:00:00,09:30:00
2076,36,2024-04-04,20:30:00,21:00:00
2077,36,2024-04-23,10:30:00,11:00:00
2078,36,2024-04-03,14:30:00,15:00:00
2079,36,2024-04-14,18:00:00,18:30:00
2080,36,2024-04-08,21:00:00,21:30:00
2081,36,2024-04-13,18:00:00,18:30:00
2082,36,2024-04-18,21:00:00,21:30:00
2083,36,2024-04-04,19:30:00,20:00:00
2084,36,2024-05-10,08:00:00,08:30:00
2085,36,2024-05-12,21:00:00,21:30:00
2086,36,2024-05-14,19:00:00,19:30:00
2087,36,2024-05-06,09:30:00,10:00:00
2088,36,2024-05-09,17:30:00,18:00:00
2089,36,2024-05-23,14:00:00,14:30:00
2090,36,2024-05-31,13:30:00,14:00:00
2091,36,2024-05-19,11:00:00,11:30:00
2092,36,2024-05-04,08:30:00,09:00:00
2093,36,2024-05-07,09:30:00,10:00:00
2094,36,2024-05-04,08:30:00,09:00:00
2095,36,2024-05-05,17:00:00,17:30:00
2096,36,2024-05-24,18:30:00,19:00:00
2097,36,2024-05-16,11:30:00,12:00:00
2098,36,2024-05-09,10:30:00,11:00:00
2099,36,2024-05-29,17:00:00,17:30:00
2100,36,2024-05-25,14:30:00,15:00:00
2101,36,2024-05-12,13:00:00,13:30:00
2102,36,2024-05-12,14:00:00,14:30:00
2103,36,2024-06-01,15:00:00,15:30:00
2104,36,2024-06-10,10:00:00,10:30:00
2105,36,2024-06-30,10:00:00,10:30:00
2106,36,2024-06-16,11:30:00,12:00:00
2107,36,2024-06-20,12:30:00,13:00:00
2108,36,2024-06-21,19:00:00,19:30:00
2109,36,2024-06-26,18:00:00,18:30:00
2110,36,2024-06-13,08:00:00,08:30:00
2111,36,2024-06-14,12:00:00,12:30:00
2112,36,2024-06-06,18:00:00,18:30:00
2113,36,2024-06-08,21:00:00,21:30:00
2114,36,2024-06-18,21:00:00,21:30:00
2115,36,2024-06-14,14:30:00,15:00:00
2116,36,2024-06-11,15:30:00,16:00:00
2117,36,2024-06-19,09:00:00,09:30:00
2118,36,2024-06-21,11:30:00,12:00:00
2119,36,2024-07-19,12:30:00,13:00:00
2120,36,2024-07-07,15:30:00,16:00:00
2121,36,2024-07-06,09:30:00,10:00:00
2122,36,2024-07-21,08:00:00,08:30:00
2123,36,2024-07-25,09:30:00,10:00:00
2124,36,2024-07-23,09:00:00,09:30:00
2125,36,2024-07-01,11:00:00,11:30:00
2126,36,2024-07-23,18:00:00,18:30:00
2127,36,2024-07-07,13:00:00,13:30:00
2128,36,2024-07-12,21:30:00,22:00:00
2129,36,2024-07-12,19:30:00,20:00:00
2130,36,2024-07-19,11:00:00,11:30:00
2131,36,2024-07-01,14:00:00,14:30:00
2132,36,2024-07-12,12:30:00,13:00:00
2133,36,2024-07-25,15:30:00,16:00:00
2134,36,2024-07-19,10:30:00,11:00:00
2135,37,2024-04-10,16:00:00,16:30:00
2136,37,2024-04-20,11:00:00,11:30:00
2137,37,2024-04-06,12:00:00,12:30:00
2138,37,2024-04-22,18:30:00,19:00:00
2139,37,2024-04-03,08:00:00,08:30:00
2140,37,2024-04-04,13:30:00,14:00:00
2141,37,2024-05-01,16:00:00,16:30:00
2142,37,2024-04-21,09:00:00,09:30:00
2143,37,2024-04-09,11:00:00,11:30:00
2144,37,2024-05-01,11:30:00,12:00:00
2145,37,2024-04-13,08:00:00,08:30:00
2146,37,2024-04-18,17:30:00,18:00:00
2147,37,2024-04-03,12:30:00,13:00:00
2148,37,2024-04-25,08:30:00,09:00:00
2149,37,2024-04-28,13:00:00,13:30:00
2150,37,2024-05-19,12:30:00,13:00:00
2151,37,2024-05-04,11:00:00,11:30:00
2152,37,2024-05-19,13:30:00,14:00:00
2153,37,2024-05-10,19:30:00,20:00:00
2154,37,2024-05-31,13:00:00,13:30:00
2155,37,2024-05-28,08:30:00,09:00:00
2156,37,2024-05-12,13:30:00,14:00:00
2157,37,2024-05-28,19:00:00,19:30:00
2158,37,2024-05-22,13:30:00,14:00:00
2159,37,2024-05-06,18:30:00,19:00:00
2160,37,2024-05-14,16:00:00,16:30:00
2161,37,2024-05-20,14:30:00,15:00:00
2162,37,2024-05-14,14:30:00,15:00:00
2163,37,2024-05-22,13:30:00,14:00:00
2164,37,2024-05-19,16:00:00,16:30:00
2165,37,2024-05-30,16:30:00,17:00:00
2166,37,2024-06-30,11:30:00,12:00:00
2167,37,2024-06-26,12:30:00,13:00:00
2168,37,2024-06-13,17:00:00,17:30:00
2169,37,2024-06-01,16:30:00,17:00:00
2170,37,2024-06-19,15:30:00,16:00:00
2171,37,2024-06-21,15:30:00,16:00:00
2172,37,2024-06-19,19:00:00,19:30:00
2173,37,2024-06-24,14:30:00,15:00:00
2174,37,2024-06-30,20:30:00,21:00:00
2175,37,2024-06-07,14:00:00,14:30:00
2176,37,2024-06-30,08:00:00,08:30:00
2177,37,2024-06-19,14:00:00,14:30:00
2178,37,2024-06-19,12:30:00,13:00:00
2179,37,2024-06-07,15:30:00,16:00:00
2180,37,2024-07-23,08:00:00,08:30:00
2181,37,2024-07-01,17:00:00,17:30:00
2182,37,2024-07-02,09:00:00,09:30:00
2183,37,2024-07-23,09:00:00,09:30:00
2184,37,2024-07-30,17:30:00,18:00:00
2185,37,2024-07-18,08:00:00,08:30:00
2186,37,2024-07-13,14:00:00,14:30:00
2187,37,2024-07-26,13:30:00,14:00:00
2188,37,2024-07-01,10:00:00,10:30:00
2189,37,2024-07-17,15:00:00,15:30:00
2190,37,2024-07-06,11:00:00,11:30:00
2191,37,2024-07-30,09:30:00,10:00:00
2192,37,2024-07-03,14:30:00,15:00:00
2193,37,2024-07-29,18:00:00,18:30:00
2194,37,2024-07-22,12:00:00,12:30:00
2195,37,2024-07-18,13:00:00,13:30:00
2196,37,2024-07-13,12:00:00,12:30:00
2197,37,2024-07-28,21:30:00,22:00:00
2198,37,2024-07-08,16:30:00,17:00:00
2199,38,2024-04-19,21:30:00,22:00:00
2200,38,2024-04-21,08:00:00,08:30:00
2201,38,2024-04-14,13:00:00,13:30:00
2202,38,2024-04-09,19:00:00,19:30:00
2203,38,2024-04-21,18:00:00,18:30:00
2204,38,2024-04-15,13:30:00,14:00:00
2205,38,2024-04-25,14:00:00,14:30:00
2206,38,2024-04-16,20:30:00,21:00:00
2207,38,2024-04-25,20:30:00,21:00:00
2208,38,2024-04-19,18:30:00,19:00:00
2209,38,2024-04-07,13:30:00,14:00:00
2210,38,2024-04-06,18:30:00,19:00:00
2211,38,2024-04-04,14:00:00,14:30:00
2212,38,2024-04-29,13:30:00,14:00:00
2213,38,2024-05-17,08:30:00,09:00:00
2214,38,2024-05-05,20:00:00,20:30:00
2215,38,2024-05-11,09:00:00,09:30:00
2216,38,2024-05-13,10:30:00,11:00:00
2217,38,2024-05-02,17:30:00,18:00:00
2218,38,2024-05-26,19:30:00,20:00:00
2219,38,2024-05-29,11:30:00,12:00:00
2220,38,2024-05-28,08:30:00,09:00:00
2221,38,2024-05-31,20:30:00,21:00:00
2222,38,2024-05-25,16:00:00,16:30:00
2223,38,2024-05-27,13:30:00,14:00:00
2224,38,2024-05-26,16:30:00,17:00:00
2225,38,2024-05-07,09:30:00,10:00:00
2226,38,2024-05-18,13:00:00,13:30:00
2227,38,2024-06-13,18:30:00,19:00:00
2228,38,2024-06-12,11:00:00,11:30:00
2229,38,2024-06-18,14:30:00,15:00:00
2230,38,2024-06-17,15:00:00,15:30:00
2231,38,2024-06-28,17:00:00,17:30:00
2232,38,2024-06-07,14:30:00,15:00:00
2233,38,2024-06-07,17:00:00,17:30:00
2234,38,2024-06-05,17:30:00,18:00:00
2235,38,2024-06-16,13:30:00,14:00:00
2236,38,2024-06-03,16:30:00,17:00:00
2237,38,2024-06-02,11:00:00,11:30:00
2238,38,2024-06-20,21:00:00,21:30:00
2239,38,2024-07-27,10:30:00,11:00:00
2240,38,2024-07-06,11:00:00,11:30:00
2241,38,2024-07-11,20:00:00,20:30:00
2242,38,2024-07-18,21:00:00,21:30:00
2243,38,2024-07-03,11:00:00,11:30:00
2244,38,2024-07-06,11:00:00,11:30:00
2245,38,2024-07-13,16:00:00,16:30:00
2246,38,2024-07-14,14:00:00,14:30:00
2247,38,2024-07-10,18:30:00,19:00:00
2248,38,2024-07-21,10:00:00,10:30:00
2249,38,2024-07-05,20:30:00,21:00:00
2250,38,2024-07-10,17:30:00,18:00:00
2251,38,2024-07-22,21:30:00,22:00:00
2252,39,2024-04-27,20:00:00,20:30:00
2253,39,2024-04-08,12:00:00,12:30:00
2254,39,2024-04-07,21:00:00,21:30:00
2255,39,2024-04-25,14:30:00,15:00:00
2256,39,2024-05-01,18:30:00,19:00:00
2257,39,2024-04-16,16:30:00,17:00:00
2258,39,2024-04-29,10:30:00,11:00:00
2259,39,2024-04-21,09:30:00,10:00:00
2260,39,2024-04-14,10:30:00,11:00:00
2261,39,2024-04-08,09:00:00,09:30:00
2262,39,2024-04-11,12:30:00,13:00:00
2263,39,2024-04-03,12:30:00,13:00:00
2264,39,2024-04-18,10:30:00,11:00:00
2265,39,2024-04-26,12:00:00,12:30:00
2266,39,2024-04-20,11:30:00,12:00:00
2267,39,2024-04-03,18:30:00,19:00:00
2268,39,2024-05-23,20:00:00,20:30:00
2269,39,2024-05-21,10:30:00,11:00:00
2270,39,2024-05-24,21:30:00,22:00:00
2271,39,2024-05-15,09:00:00,09:30:00
2272,39,2024-05-12,18:30:00,19:00:00
2273,39,2024-05-21,11:30:00,12:00:00
2274,39,2024-05-25,19:00:00,19:30:00
2275,39,2024-05-13,20:30:00,21:00:00
2276,39,2024-05-10,09:00:00,09:30:00
2277,39,2024-05-02,14:30:00,15:00:00
2278,39,2024-05-05,16:00:00,16:30:00
2279,39,2024-06-04,09:00:00,09:30:00
2280,39,2024-06-21,20:30:00,21:00:00
2281,39,2024-06-24,14:00:00,14:30:00
2282,39,2024-06-06,10:00:00,10:30:00
2283,39,2024-06-24,10:00:00,10:30:00
2284,39,2024-06-27,17:00:00,17:30:00
2285,39,2024-06-08,18:00:00,18:30:00
2286,39,2024-06-29,14:00:00,14:30:00
2287,39,2024-06-27,15:00:00,15:30:00
2288,39,2024-06-27,14:00:00,14:30:00
2289,39,2024-06-18,17:00:00,17:30:00
2290,39,2024-06-05,13:30:00,14:00:00
2291,39,2024-06-07,09:00:00,09:30:00
2292,39,2024-07-30,13:00:00,13:30:00
2293,39,2024-07-10,11:30:00,12:00:00
2294,39,2024-07-11,21:30:00,22:00:00
2295,39,2024-07-22,20:30:00,21:00:00
2296,39,2024-07-04,08:30:00,09:00:00
2297,39,2024-07-21,20:30:00,21:00:00
2298,39,2024-07-06,11:30:00,12:00:00
2299,39,2024-07-26,18:00:00,18:30:00
2300,39,2024-07-26,13:00:00,13:30:00
2301,39,2024-07-28,17:00:00,17:30:00
2302,39,2024-07-20,18:00:00,18:30:00
2303,39,2024-07-19,09:30:00,10:00:00
2304,39,2024-07-09,09:30:00,10:00:00
2305,39,2024-07-17,11:30:00,12:00:00
2306,39,2024-07-27,14:30:00,15:00:00
2307,40,2024-04-23,15:30:00,16:00:00
2308,40,2024-04-04,13:30:00,14:00:00
2309,40,2024-04-25,08:00:00,08:30:00
2310,40,2024-04-24,09:00:00,09:30:00
2311,40,2024-04-04,21:00:00,21:30:00
2312,40,2024-04-16,13:00:00,13:30:00
2313,40,2024-04-05,17:00:00,17:30:00
2314,40,2024-04-05,16:00:00,16:30:00
2315,40,2024-04-22,16:00:00,16:30:00
2316,40,2024-04-02,19:00:00,19:30:00
2317,40,2024-04-25,19:30:00,20:00:00
2318,40,2024-04-14,16:00:00,16:30:00
2319,40,2024-04-02,20:00:00,20:30:00
2320,40,2024-04-06,20:30:00,21:00:00
2321,40,2024-04-11,10:00:00,10:30:00
2322,40,2024-04-18,16:30:00,17:00:00
2323,40,2024-04-08,10:30:00,11:00:00
2324,40,2024-04-11,13:30:00,14:00:00
2325,40,2024-04-28,13:00:00,13:30:00
2326,40,2024-04-14,18:00:00,18:30:00
2327,40,2024-05-30,11:30:00,12:00:00
2328,40,2024-05-07,11:30:00,12:00:00
2329,40,2024-05-22,10:30:00,11:00:00
2330,40,2024-05-17,12:00:00,12:30:00
2331,40,2024-05-05,14:30:00,15:00:00
2332,40,2024-05-03,21:00:00,21:30:00
2333,40,2024-05-10,17:00:00,17:30:00
2334,40,2024-05-04,12:00:00,12:30:00
2335,40,2024-05-21,11:00:00,11:30:00
2336,40,2024-05-21,08:00:00,08:30:00
2337,40,2024-05-29,17:30:00,18:00:00
2338,40,2024-05-04,15:30:00,16:00:00
2339,40,2024-05-11,09:00:00,09:30:00
2340,40,2024-06-30,10:30:00,11:00:00
2341,40,2024-06-02,13:30:00,14:00:00
2342,40,2024-06-12,18:00:00,18:30:00
2343,40,2024-06-12,19:30:00,20:00:00
2344,40,2024-06-09,11:30:00,12:00:00
2345,40,2024-06-27,20:00:00,20:30:00
2346,40,2024-06-28,21:30:00,22:00:00
2347,40,2024-06-10,13:00:00,13:30:00
2348,40,2024-06-06,14:00:00,14:30:00
2349,40,2024-06-29,12:00:00,12:30:00
2350,40,2024-06-17,11:00:00,11:30:00
2351,40,2024-06-01,18:30:00,19:00:00
2352,40,2024-06-21,08:00:00,08:30:00
2353,40,2024-06-23,19:00:00,19:30:00
2354,40,2024-06-23,17:00:00,17:30:00
2355,40,2024-06-30,16:30:00,17:00:00
2356,40,2024-06-07,16:30:00,17:00:00
2357,40,2024-06-11,10:00:00,10:30:00
2358,40,2024-06-29,13:30:00,14:00:00
2359,40,2024-06-23,08:00:00,08:30:00
2360,40,2024-07-27,17:30:00,18:00:00
2361,40,2024-07-19,12:00:00,12:30:00
2362,40,2024-07-21,20:00:00,20:30:00
2363,40,2024-07-22,16:00:00,16:30:00
2364,40,2024-07-15,14:00:00,14:30:00
2365,40,2024-07-13,09:00:00,09:30:00
2366,40,2024-07-26,17:00:00,17:30:00
2367,40,2024-07-28,12:30:00,13:00:00
2368,40,2024-07-23,16:30:00,17:00:00
2369,40,2024-07-09,19:30:00,20:00:00
2370,40,2024-07-15,16:30:00,17:00:00
2371,40,2024-07-09,15:30:00,16:00:00
2372,40,2024-07-09,15:30:00,16:00:00
2373,40,2024-07-23,08:30:00,09:00:00
2374,40,2024-07-19,13:30:00,14:00:00
