id,first_name,last_name,national_id,phone_number,email,password,role
0,Tanya,Benjamin,1752314519,392-929-6864x092,fisherjoseph@example.org,BOy&EqH7_4,admin
1,Joshua,Williams,5758495010,(233)708-0431,banderson@example.com,nY#3MIp6!y,admin
2,Timothy,Singleton,3517481373,8373095673,markwilson@example.org,#2Oe#IovyY,admin
3,Stephen,Johnson,4877229034,(920)694-1227x579,carteranthony@example.org,P40eOWNui+,admin
4,Timothy,Perry,7346378369,(313)734-1192x4606,sherrytucker@example.org,KS95BsPz*D,admin
