id,charity_id,first_name,last_name,national_id,phone_number,email,password
1,1,Kevin,Clark,7037491927,272-880-4564,kenneth57@example.net,oj0vQZdZ6^
2,1,Christopher,Sanders,4919260714,(329)931-5095,kaylaalvarez@example.org,^16&K08w!m
3,1,Ryan,Beck,7954409470,887-408-6806x8323,davenportjohn@example.org,M^d2J0YaHr
4,1,Jesse,Gibbs,0873538809,(782)635-4716x26259,michaelarnold@example.net,ieG*q1XK$1
5,1,Walter,Fletcher,2138855621,+1-331-909-8169x6626,jessica14@example.net,$kaf6DTv6O
6,2,Amy,Blackburn,3375800687,+1-669-340-5551,michael60@example.org,P7X0RoD&*2
7,2,Patrick,Pena,0178116360,+1-709-508-5632x9717,tarawang@example.org,Bbl%2ZFdjJ
8,2,Elaine,Edwards,6228609187,571-662-7301x19565,bestkaren@example.org,wsVCelnv_4
9,3,April,Barnett,4300746119,001-478-555-0358x11309,dgibson@example.org,@3&$fKtk!_
10,3,Blake,Ayers,7462310374,750-404-8628x5023,daviddyer@example.net,$2BvxD$aRN
11,3,James,Peters,1436827435,5286437484,lortiz@example.com,12KZeWz&_4
12,3,Danny,Barnett,3209575640,+1-438-572-9761,kylefox@example.org,ln832AQJx(
13,4,Kimberly,Obrien,3398449935,712-939-9302x5059,barry15@example.net,x@&dv1KtUT
14,4,John,Rocha,5607790518,693-869-0409x5731,davidvazquez@example.org,sA19CLmne!
15,4,Bradley,Hernandez,7904194612,+1-258-499-2607x15579,bhernandez@example.net,k3aTrKPi+d
16,5,Helen,Santos,1377320145,001-407-800-9517x25915,richardhensley@example.net,1U^0B$7lQl
17,5,Jose,Brown,5958925535,+1-892-604-8672x94726,johnsonrobert@example.net,^P5kJw$k+e
18,5,Laura,Collins,4488410256,515-650-6675x8646,jacob84@example.net,RLra1Laa*U
19,5,Andrew,Palmer,6723958271,359.628.2382x74734,elizabethrasmussen@example.org,(517GJ3c!Q
20,6,Michael,Jones,5014734881,001-853-956-1327,lisa17@example.com,oVP&5MLycR
21,6,William,Morgan,5196221735,(326)689-6923x76508,spencer46@example.net,B@0XuxGGSJ
22,7,Andre,Hardin,1260165250,001-494-697-5491,ulewis@example.net,%D)+MByK3D
23,7,Whitney,Ferguson,3558384476,545-879-2440x60679,matthew27@example.com,b*8u&gPx#x
24,7,Albert,Smith,7095197963,(881)307-5558,joann04@example.org,zw8JKZo1^D
25,7,Matthew,Cruz,9260792417,313.913.6488x912,rosejon@example.com,&teJrksPR4
26,7,Megan,Robbins,9447516681,231.517.2907x896,raymondlewis@example.org,O*B6Q!gy28
27,7,Michelle,Clay,4795682936,(201)588-5436,juliejohnson@example.com,ui91saBh4&
28,8,Peter,Wilson,7810646003,001-761-755-2002x089,jodibeck@example.org,M^4)2LQeFF
29,8,Victoria,Hill,7872931763,272.945.7362x05050,jillian58@example.com,u$UiK@Fn^9
30,8,Mary,Rivers,2567598652,(782)698-7909x292,breanna47@example.net,4$7zAdPSAl
31,8,Kimberly,Smith,6189666727,686-642-8655x3076,holly54@example.org,(h2M3Hkf@P
32,9,Katelyn,Mendez,8565749897,001-510-747-0476x44460,quinnmonica@example.net,_9n58CvFc0
33,9,Melvin,Alvarado,6455742524,(484)351-7541x026,mmiller@example.com,VI8RoO@kW$
34,10,Brittany,Miller,1903886004,256-201-1558x7944,nmiller@example.net,HFG0$QeA^*
35,10,Sharon,Parrish,8213568531,(544)409-3826x7992,jillgraham@example.com,P%7RT$fVpz
36,10,Ashley,Willis,9290932734,384.351.8730x6458,uwright@example.org,L@25F#Deb@
37,10,Catherine,Morton,2949334145,200-797-0160,jramirez@example.com,#6i*NWEbU8
38,10,Cynthia,Jones,9044162880,694-960-1825x98642,stewartjose@example.com,mE3tDx5E@1
39,10,Gabriela,Davis,0874244433,330.761.2468,kmorris@example.org,13V+mg2n&o
40,10,Bobby,Briggs,6615620485,001-441-228-3799x64889,sean62@example.net,_BoS_tMeX3
41,10,Danielle,Bishop,7640830748,314.448.2723x03620,steve96@example.org,)5PmJLi#O3
42,10,Mary,Rogers,5770556203,001-557-768-6446x68786,mullenleah@example.net,ZDli3CuW%G
43,10,Maria,Morris,6099223122,368.904.2246x63432,josescott@example.net,)tZ4pOGvv@
44,11,Sarah,Alvarado,0159815367,777.867.8631,douglashill@example.org,V+Y1GJkr5Q
45,11,Jessica,Ryan,6836030367,+1-896-441-8647x1844,jasonjones@example.org,!D7GVdw2Me
46,11,Ashley,Green,3452659535,001-966-369-8346x76435,andrew08@example.com,61&AreZD&r
47,12,Kara,Taylor,0529138517,766.618.6117x6662,kaylarice@example.org,C!6X9D7a^w
48,12,Ronald,Carson,0506216317,001-818-377-4021x9327,floresjessica@example.org,)O4Bn4TD9A
49,12,Alexandra,Pratt,1945759880,280-486-9126,allentaylor@example.com,%w&5pQXz#&
50,13,Andrea,Myers,9018228311,(313)415-7359x13068,charles06@example.net,PQ01%8Ox%i
51,13,Natasha,Wise,8338920376,702.517.9316x41198,jason21@example.net,&2rO(RUnP^
52,13,Danielle,Singleton,0899729712,8162757353,nathan17@example.org,!u2+@NhAU&
53,14,Adam,Rivera,3737993190,7189653717,bradley33@example.org,_7W_3dtX1v
54,14,Robert,Church,8943660525,001-220-646-7689x20825,rosewhite@example.com,+5N%(JLmm6
55,14,Charles,Rodriguez,9612422787,(260)988-4446x1089,xmurray@example.org,&SDk06Qd#&
56,14,Angela,Wright,4164842336,677.798.2568x999,joannemcdaniel@example.net,&1NwfD*B0U
57,14,Mike,Young,0878887712,+1-455-495-3896,robertsstephanie@example.net,g#3KGDisZg
58,15,Felicia,Jones,7532631059,(303)209-6946x941,alanmartinez@example.com,&C8x6Ivzi1
59,15,Mark,Berger,4490155225,001-476-787-2583x0582,careybonnie@example.com,f4e@Ps)m+O
60,15,Shawn,Smith,0396832747,001-709-647-9212,melanielee@example.net,*SEMKUBx3i
61,15,Jo,Fields,6548148164,(435)613-8807x055,wkoch@example.org,!26Wf#cTv&
62,15,Marcia,Roth,7157294509,001-971-712-6631x69798,crystal13@example.com,*Z3ED#mc8e
63,15,Andrew,Goodman,2860372207,531-982-2364,jennifer70@example.net,w%5EnvwDF_
64,15,Traci,Perez,0971206835,887.715.2236,leeronald@example.net,od$I2PGy@9
65,15,Lisa,Lewis,1534839567,+1-755-518-7571,daniellopez@example.com,!1erZBx&ID
66,15,Lisa,Keith,9398632632,+1-847-609-5192x19083,lorisingh@example.net,BN11Y*_z#b
67,15,Nancy,Blackwell,9879144277,+1-259-393-0494x155,teresascott@example.com,M*UZT0Mb8Y
68,16,Theresa,Harris,2888000385,001-445-748-0308,edgar31@example.org,*3VO@vB1az
69,16,Andrew,Williams,2666407408,(810)368-6320x39757,josephramsey@example.com,+6$70bdpzY
70,16,Ryan,Lucas,3417153051,571-760-3875x444,marybrown@example.net,F+0vTSk@91
71,16,Victoria,Moyer,3978715294,352-808-0414x315,laura70@example.net,+9acaELiTl
72,16,Caroline,Harrington,7222116480,(595)930-0678x68152,vporter@example.com,^2F6j3Sth!
73,17,Amber,Irwin,2420002393,(948)967-9798,kpalmer@example.com,LK@6IVsckz
74,17,Emily,Hubbard,8439099620,254.600.7127x5931,gonzalezbradley@example.com,%xXOtrkv1K
75,17,Lisa,May,9506194089,953.613.1807,angela78@example.com,5sTD0fFi@s
76,17,Jason,Baldwin,6829762113,+1-862-949-8707x105,michael47@example.net,&_OHD5CyL3
77,17,Cameron,Kim,7739208831,796-778-1825x748,karenrobinson@example.net,6(g14Upc3K
78,17,Joseph,Crane,8630139650,497.720.9973,jadereeves@example.com,)bLgojb+!2
79,18,Tyler,Blackwell,5154076251,(928)824-9036x64673,breanna93@example.net,8XMjswvT)E
80,18,Andrew,Parker,8259986447,001-389-464-0017,jamie08@example.com,sO7DCuHee!
81,18,Carmen,Salazar,2327860462,(353)901-5176x9943,vgonzalez@example.com,!z2Ie($4#h
82,19,Catherine,Garcia,4564954930,768.737.1687,lewisjulie@example.org,*5hQHu7l42
83,19,Danielle,Sosa,3783597532,774-885-0138,zlambert@example.com,(bOcZyi3H6
84,19,John,Walker,7708714594,591-468-9720x6410,josephmiller@example.org,wD9MxNhRG&
85,20,Bethany,Mclean,9283535286,318.806.6443x420,amandahatfield@example.org,e#14MF)mue
86,20,Tim,Heath,0936215902,+1-669-719-4269x64235,hjohnson@example.org,+DI$59Tpjb
87,20,Gregory,Turner,1844447755,001-864-920-1042,bradleysharon@example.org,1u0SpLBW*z
88,20,Jennifer,Logan,7427750902,001-706-762-4041x791,ldavis@example.com,76buPwdr!z
89,21,Evan,Davis,5633856908,(294)333-9828x29942,qsmith@example.org,fy9ZKdGb!q
90,21,Brittany,Arellano,4230389078,802-787-6046x662,hollandleslie@example.net,!2mWv0)+*D
91,21,Travis,Garcia,0065800096,635.517.3910,sandy19@example.net,+7JnAlaWQc
92,21,Anthony,Sanchez,2114803686,001-411-727-4260x762,ethan43@example.org,6pMJ2x)+$H
93,21,Sarah,Sanders,7454235658,001-367-217-9690x2444,vargassophia@example.net,7h+d6Ziz+0
94,21,Samantha,Bray,0702631177,+1-592-218-1895x4942,steven23@example.net,&bk@O4pnr1
95,21,Lori,Baird,1357532104,001-200-369-5893x2246,huntercarl@example.org,)!9!H4^x#$
96,22,Erin,Rivas,3433755582,001-798-730-9368,nhernandez@example.com,p014hN&hS*
97,22,Monica,Blanchard,7971569122,001-701-938-5091x890,jilltaylor@example.org,$vAT&Eg06S
98,22,Garrett,Shepard,0365891989,001-520-481-6645x2253,loretta30@example.net,^@55C3bui$
99,22,Steven,Davis,1598716867,474.535.3325,davidcastillo@example.org,)w9c(5Wb0b
100,22,Kristin,Cervantes,5069390017,+1-837-948-9263x762,bryanjimenez@example.org,)o9EMQv_L(
101,23,Nicholas,Ruiz,3184064771,(713)677-3585,karagreen@example.net,@uuE(Or4N1
102,23,Olivia,Olson,5623516846,534.973.4304,rachelhall@example.com,T#8wBEUkD5
103,23,Ashley,Garcia,5843253607,(425)431-3692,georgemartinez@example.net,%3P0Wb@ets
104,23,Kathleen,Martin,6602478379,(412)325-0343x801,troy77@example.com,Lb0E4CVu_%
105,23,Hector,Anderson,4884267560,+1-399-700-9333x31037,hannah43@example.org,F2RceUys!d
106,24,Melissa,Hayden,6038664057,555-693-1755x33600,hernandezsarah@example.net,_50RSoVy!2
107,24,James,Holt,7848514431,911-894-4805x892,rachel01@example.com,V@(o5aKtoc
108,24,Katherine,Rodriguez,9668419328,4807839821,kennethhansen@example.com,TxF#*7QosS
109,24,Tiffany,Fisher,6739975172,983-848-1057x97517,kponce@example.org,&X80gDMh&G
110,24,Jane,Boyd,7748567347,001-670-465-2006x480,holdenvictoria@example.com,%5CGu)v350
111,24,Leslie,Andrews,9262881264,001-362-655-3996x93405,jmartinez@example.org,^Dru1XTaFB
112,24,Abigail,Davis,7061638601,805-372-7078x47213,francislopez@example.org,*8!1y3Sl&t
113,24,Renee,Hill,8645513519,+1-889-580-6217x14102,brandypollard@example.org,p7KS+gGb)y
114,24,Kimberly,Stephens,2819488992,601.771.3848x4983,lesliejackson@example.net,c%96sNyE6S
115,24,Carl,Glenn,5264583323,+1-922-567-5237x87221,thompsonjackie@example.org,L$1zDPSnxg
116,25,Craig,Merritt,8165893186,767-971-9050x6428,webblauren@example.net,B$3YZeNT_J
117,25,Jeremy,Mcgrath,6065278892,+1-995-736-1351x736,rochapaul@example.org,U!vw23TdL+
118,25,Kathleen,Gonzalez,1212615522,538-305-6510,braunmichael@example.com,&t^)D+5ee7
119,25,Robert,Stevenson,3124537634,(323)272-7938x7069,currymelissa@example.org,H4!&IfQk$&
120,25,Tina,Woods,8896415901,(735)506-4144,brittanyvalencia@example.net,!2Qz*daXeE
121,25,Alyssa,Wheeler,2432369950,001-322-594-4847x236,joshua98@example.org,vtu1Mai&*T
122,26,Debbie,Singleton,7404147206,850-349-5065x6082,dtucker@example.org,I@f3(ElgmA
123,26,Rachel,Smith,8129268997,(689)274-7525,emilycampbell@example.com,5ajUQm*i^(
124,26,Larry,Abbott,3965327870,(960)860-4121,richardslouis@example.net,WnZ4#SeEy%
125,26,Michael,Moore,4532307225,644.481.9678,roberthodges@example.com,6Vd6Z5Oaq+
126,26,Jorge,Tate,6667816128,608-933-1875x8028,mannrobert@example.org,MpA+Z3EaOz
127,26,Stanley,Palmer,5689695959,8503833279,ecopeland@example.com,_@PIY9Ar+2
128,26,Leslie,Gordon,9764374361,654-941-8008x209,sharon63@example.com,_0sWBlzD02
129,26,Alicia,Thompson,6697858347,875.425.7067x83825,lisafisher@example.net,^r$GTUdP)8
130,26,Karen,Mathews,2587430372,001-796-835-4264,ppierce@example.org,de3N8h2)^$
131,27,Robert,Adams,9791003700,743-975-3130x527,gregory02@example.org,cj+a91TcMG
132,27,Christian,Bell,3531579522,333.690.7391,scott35@example.org,d*P0hGfm$+
133,27,Rachel,James,3164369244,955.989.3084x0494,hcaldwell@example.net,KTZkVg6a&4
134,27,Maria,Graham,4229814042,351-695-5496x8064,michelle07@example.org,q9JDHgr^(y
135,27,Barry,Callahan,7762087393,(983)458-0731x0288,shawna66@example.net,UT3QJePp#I
136,27,Debbie,Bruce,6963178017,+1-869-341-3941x4817,kathryn21@example.org,(c8l!VRtA&
137,27,Alex,Jones,2561397481,380-590-5699x8939,kgoodman@example.net,GD&9RuOh2B
138,27,Joseph,Roberson,2740393158,(361)717-9992,scott11@example.com,D3v7MyZ)@r
139,27,Francis,Weber,0820974260,809-570-4039x2464,torreswilliam@example.com,u(CNV#Jp$0
140,28,Audrey,Porter,8170563432,752.279.7280,xgray@example.net,_r+xJNL%c0
141,28,Anthony,Jones,9655738222,438-858-7221,rcowan@example.net,D*5i4HioW(
142,28,Craig,Brown,2153420961,5144368307,qstewart@example.org,Hj86Qt!N3@
143,28,Stephen,Miller,3009789904,614-694-6091x71615,gregory57@example.com,^7Bwe4W(Aj
144,28,Kelsey,Leblanc,2841686912,990.498.1662x94664,jhull@example.org,W97fLfDU@E
145,28,Megan,Lucas,8633435864,001-349-361-7349,smithevan@example.net,(W7&DxYnm+
146,28,Gabriela,Robinson,2886233647,416.684.3182x6954,kimberlybarrett@example.org,CT97xTv*_@
147,28,Joseph,Salas,6210798124,001-626-822-9760x93298,kfreeman@example.org,J8UZE9nS^n
148,28,Daniel,Johnson,7421655757,+1-303-641-0120,buckleycody@example.org,e(!09JSs&i
149,28,Annette,Lewis,8949487982,832.453.3283x75531,bianca03@example.com,FW7SUWWk!l
150,29,Charles,Carlson,5367585761,423.929.1870x1112,meganarnold@example.org,Yqq(6DjvvB
151,29,John,Tran,4971245571,284-767-3573x2769,xsanchez@example.com,lY6OZjRz%^
152,29,Phillip,Shaw,7266939662,+1-379-611-7208x131,susan66@example.com,B7&2HRs^)(
153,30,Alyssa,Tanner,9386502737,821-608-2115x821,carlakelley@example.org,%u5LsDfqLf
154,30,Ronald,Potter,8694546727,001-261-586-8187x636,mosesthomas@example.org,R*4AOj)@@t
155,30,Heather,Jones,5687954336,001-467-286-4247x63185,boltonmichael@example.org,M%AsNxZan9
156,30,Nicole,Miller,7252621066,001-414-408-3010x411,vlewis@example.net,%UzIwiNdI2
157,30,David,Rowe,2789439428,(685)662-3282x2655,smithgregory@example.net,&7I0Y(vjkq
158,30,Linda,Harris,7645939741,(676)764-1352,desireetaylor@example.com,q80BaSN$+r
159,30,Jose,Jones,0499415613,(484)420-9854x576,mattheworr@example.org,kB28H0Ism^
160,31,Kyle,Bennett,4039500847,302-878-4701x7882,marygilbert@example.com,@o70X2muOW
161,31,Edward,Davila,0510440839,(799)532-6420x4535,davidspencer@example.org,@0UoQL^Q6f
162,31,James,Lawrence,2777633192,633-625-7178x74352,nhenderson@example.net,TnpXo!4u^7
163,31,Adrian,Clayton,3548470527,971-881-2820x40504,kararodriguez@example.com,)E+W0tTkL7
164,31,Scott,Estrada,4979326857,9862955190,lisa39@example.com,8C3HUTsw+(
165,31,Aaron,Khan,1938830892,441.780.1152x0108,phicks@example.com,N(c6WGr(E8
166,31,April,Potter,6241704032,(454)601-4316x43679,kevingallagher@example.org,)2xHDMtyG6
167,31,Penny,Torres,0550923449,001-824-275-5834x3134,uharris@example.org,57e$P1q_)7
168,32,Matthew,Michael,9910466293,736.938.3839x4528,istewart@example.com,%$ONHumpq8
169,32,Sarah,Perry,3617028420,471-786-3548,richardssonia@example.org,X_t9VoRt&z
170,33,Christopher,Kennedy,0324483107,(902)966-5968x67273,kathryngriffin@example.net,F0T2IIuD)j
171,33,Madison,Jenkins,5379250737,+1-936-358-8433x83433,samanthamcmahon@example.org,w3THvjGO@8
172,33,Jon,Bowman,8145103523,844-863-5329,lisalee@example.com,_%D$4Fuvk6
173,33,Jessica,Miller,8793846483,001-627-554-3143x2435,ellisjenna@example.com,@85J^dlp1h
174,33,Laura,Humphrey,2803065570,(804)263-1836,waltersdaniel@example.net,)u!L)OMQ3w
175,33,Andrew,Donovan,0202934775,686-609-4011x2476,gregory82@example.com,v9E)J2Ck&b
176,33,Rebecca,Harris,2976108923,001-480-929-0142x47822,robertlopez@example.org,DKOw*4CxN^
177,33,Duane,Scott,5257957818,001-582-212-3393,perezsteven@example.com,Z6Ky3xE9@i
178,33,Jeffrey,Clark,6770075220,681-563-1654x6302,lmitchell@example.net,A!K5HR1hYh
