id,name,phone_number,address,location_id
1,"Ford, Jones and Mercer",(232)735-4184,"6982 Wendy Prairie Apt. 019
North Tiffanybury, MN 71238",1364305026
2,Diaz-Martinez,+1-969-940-9587x225,"61482 Johnson Tunnel
Lake Jason, SD 97125",1364305026
3,Rodgers-Wagner,001-930-435-0024,"Unit 8842 Box 2114
DPO AA 73966",1364305026
4,Thornton-Wilson,001-776-242-9348x238,"366 Singleton Forks Apt. 151
South Alexisside, GU 29749",1364305026
5,"Crane, Morris and Alexander",241.344.3474x886,"Unit 2833 Box 5228
DPO AP 81498",1364305026
6,Garcia-Molina,+1-845-819-2501,"4795 Angela Courts Suite 638
Landryberg, VI 57073",1364006067
7,"Melton, George and Sanchez",674-449-0431,"757 Ashley Square
Lake James, GA 97197",1364006067
8,Howard-Hammond,6426291507,"91846 David Lake
Deannaland, ND 69437",1364006067
9,Oconnell PLC,515.231.0692,"34030 Alexandria Unions Apt. 603
New Stacyshire, SD 69282",1364006067
10,Hatfield LLC,674-437-5269x881,"258 Hall Island Apt. 897
North Andrew, PW 29441",1364006067
11,Smith-Rivera,+1-370-996-1226x2767,"279 Henry Overpass Suite 546
Nathanfurt, NM 01254",1364006067
12,House-Martinez,+1-686-603-2321x053,"3510 Glenn Mill
Collinston, SD 05370",1364006067
13,Sims-Carlson,001-474-875-1336x292,"90163 John Estates
Velezfurt, ND 03861",1364006067
14,Lang Ltd,266-354-4586,"53696 Candace Coves Apt. 211
Franciscochester, MA 68308",1364006067
15,Mitchell Group,001-553-603-3063x281,"7315 Williams Squares Suite 446
West Travis, PA 57281",1364123206
16,"Garcia, Bass and Foster",001-967-236-2405x732,"109 Wolfe Lane
Lake Taylorshire, MD 66280",1364123206
17,Hicks PLC,001-783-389-6036x116,"88344 Deborah River Apt. 060
Stevenville, MA 80878",1364123206
18,"Wilson, Morrow and Pace",001-377-898-8010,"1170 James Land Apt. 213
Mariohaven, CO 81273",1364123206
19,Padilla Ltd,700.651.2116x6010,"5891 Andrew Gateway Apt. 762
Michaelmouth, LA 68772",1364123206
20,Brown Ltd,(589)257-9811,"42731 William Corner
Jaredfurt, ID 10246",1364123206
21,Lewis-Fowler,001-355-332-7780x399,"27443 Campbell Hollow Apt. 893
Lake Caitlynborough, NE 12894",1364123206
22,Rodriguez Group,001-365-406-8854x43191,"313 Sherman Fork Suite 214
Port Kevinborough, AZ 91297",1364023865
23,Martinez-Schmidt,001-574-277-7929x932,"587 Becker Bridge
New Lisahaven, CO 80776",1364023865
24,Wallace-Cross,864-592-3340x94613,"9625 Scott Crossroad Apt. 891
New Sonia, MA 04325",1364258511
25,Jackson PLC,527-388-3168x19125,"945 Coleman Loop
New Maurice, AZ 14559",1364258511
26,Hoover Inc,+1-839-258-9692x7422,"16159 Randy Center Apt. 886
North Michael, GU 09879",1364258511
27,"Brewer, Ramirez and Knox",668-526-3611x9909,"7370 Brown Drive Apt. 097
Port Tinamouth, TX 01597",1364258511
28,Coleman LLC,+1-847-413-5409,"36874 Anderson Glens Suite 077
South Michaelstad, NE 65771",1364258511
29,"Farrell, Ortiz and Mueller",001-248-482-9564x974,"775 John Throughway Suite 637
East Laurenview, CO 93391",1364258511
30,Aguilar Inc,294-822-9863,"57653 Jordan Flat
Staffordville, NV 19958",1364258511
31,Ferguson-Gomez,884.305.3060x95490,"224 Baldwin Curve
West Denise, PW 63817",1364258511
32,"Hogan, Atkinson and Lewis",(425)850-4097x610,"54954 Leonard Village
Gonzalezville, HI 88279",1364258511
33,"Harris, Hoffman and Deleon",288-998-4802x532,"045 Jones Radial
East Craig, IN 81145",1364258511
