id,first_name,last_name,doctor_code,major,specialty,phone_number,email,password,address,location_id
1,Matthew,Miller,lFpd-13236,Air traffic controller,Town planner,001-986-929-0426x971,sarahwilliams@example.com,8GJ6(3xu&$,"7790 Mary Alley
Port Timothyberg, TN 41693",1364548806
2,Justin,Cross,BUaY-44968,Health and safety adviser,Newspaper journalist,950-769-5234x02247,pamela92@example.net,)tRwMcQ*10,"23444 Miranda Park
Millerfurt, PW 29579",1364603087
3,Brian,Gutierrez,skJu-10844,"Teacher, special educational needs",Technical author,858-802-7645,iterry@example.org,^8t_8D!qEC,"145 David Locks
New Nancy, PA 47352",1364272105
4,Charlene,Delacruz,vkGL-17236,"Programmer, systems",Freight forwarder,921-239-3030,ybradley@example.net,g@3Iun^PMp,"59766 Nicholas Field Suite 584
Lake Nancy, MT 98716",1364668748
5,Suzanne,Abbott,gAZx-71100,Immigration officer,"Teacher, early years/pre",001-202-923-0598x654,james87@example.net,_3XmDQyR&Z,"20875 Mcgrath Cove
South Claytonborough, GU 95877",1364403810
6,Gloria,Taylor,LnsP-25090,"Biochemist, clinical","Lecturer, higher education",863.981.9067,stephanie97@example.org,l50RrU5s+z,"294 Moore Valleys
Smithhaven, CT 25057",1364432238
7,Gilbert,Casey,zdvz-19285,Web designer,Wellsite geologist,741-854-2009x5804,rnguyen@example.com,(3&BIKMuld,"1228 Natalie Causeway
North Nathan, VA 12767",1364475423
8,Christopher,Marshall,ManZ-78977,Chartered certified accountant,Publishing rights manager,(624)407-4910x663,penaevelyn@example.com,Gdt6#Dnz5+,"07524 Shawn Glens Apt. 322
Tracyton, NC 53091",1364456740
9,Carl,Jackson,yzYw-05044,"Teacher, adult education","Engineer, maintenance (IT)",947.856.0230x03236,kelseyhill@example.com,!a7W6!jmrq,"46643 Bryant Camp Suite 767
Stephenmouth, MI 58824",1364001043
10,Juan,Saunders,dwyx-32651,Human resources officer,Arts development officer,001-666-594-2711x31076,timothyrubio@example.net,@2P3&@a!4B,"98089 Perry Turnpike
East Jacob, ID 06528",1364470614
11,Evan,Braun,IlYh-10674,Software engineer,Herbalist,+1-253-657-6773x2392,jesse00@example.com,^iuf3BIeOq,"099 Ramirez Village
South Hannah, VI 99048",1364271412
12,Shawn,Gordon,Eigy-99200,"Engineer, electrical",Interior and spatial designer,001-334-671-4644x2094,chernandez@example.org,(3chF3zh(!,"77839 Andrew Neck
New Devin, ME 46337",1364599694
13,Thomas,Buchanan,SczZ-55176,"Therapist, sports",Associate Professor,893.790.6131,ghinton@example.net,1CB7RWptu&,"0411 Middleton Tunnel
South Briannahaven, MO 65222",1364064948
14,Daniel,Hanson,JRJZ-13916,Health service manager,"Horticulturist, commercial",(280)900-2439x39871,amandajackson@example.net,6e53yZwNC(,"947 Harris Prairie Suite 539
West Jackton, GA 15903",1364242660
15,Tonya,Burns,sERu-63705,Amenity horticulturist,"Engineer, building services",343.977.1312,maldonadowilliam@example.com,hg9V7r2r*9,"60760 Lauren Inlet
West Andre, AZ 31125",1364240467
16,Joseph,Compton,NmEj-36487,"Conservator, furniture",Microbiologist,+1-821-745-6206x958,paul38@example.com,i*z7Zxym!g,"70156 Megan Path Apt. 384
Jacquelineberg, ME 64910",1364204506
17,Derek,Townsend,FibD-43876,"Copywriter, advertising","Scientist, marine",322-658-1023x12762,patrickpoole@example.net,6+6(NAcgN%,"4794 Torres Mills
South Summerland, AR 39295",1364247640
18,David,Armstrong,zEmI-02404,Politician's assistant,Print production planner,(918)802-7078,wterry@example.com,+iDv3Jo(r1,"11640 Gary Plains Apt. 244
East Jean, WV 63629",1364422541
19,Ashley,Glenn,JHGb-55694,Dancer,Technical brewer,745-286-6496x9257,bhardy@example.net,(3LfCFN)1@,"99074 Matthew Island Suite 159
Port Barbara, NC 50810",1364535690
20,Elizabeth,Dominguez,yHPW-82137,"Clinical scientist, histocompatibility and immunogenetics",Drilling engineer,(246)712-0595,morenobrian@example.org,d09mLaTz_X,"60280 Johnson Rapid
South Robert, WY 49348",1364180869
21,James,Wagner,BKmY-08288,"Doctor, general practice",Education administrator,001-252-509-6583x308,ryanwilson@example.com,8I!p1jLf*7,"00123 Flores Locks
Meaganfurt, MH 43443",1364251992
22,Ruth,Parsons,lXEc-58127,Site engineer,Cartographer,(667)539-7010x494,robert78@example.org,(+qU8RZd^C,"6168 Henry Meadow Apt. 771
Lopezbury, GU 70958",1364208450
23,Jared,Townsend,rZoR-39680,Air broker,Nutritional therapist,001-816-750-6596x41887,jessica74@example.org,eD4(Gx$1&l,"91749 Mata Stravenue Suite 053
East Russell, OH 52020",1364532780
24,Darius,Brown,ySSu-64007,"Engineer, production",Research scientist (medical),768.455.6037x5587,pmarsh@example.com,_7ljOSDo*N,"730 Nguyen Route Apt. 615
New Marystad, WA 15923",1364015114
25,Harold,Smith,qHxt-81759,"Engineer, electrical",Professor Emeritus,(894)809-4486,tamarapeterson@example.net,__4V_B7fa0,"848 Linda Square
Kimfurt, IA 93471",1364107935
26,Colin,Walker,IuZM-23888,Hospital pharmacist,Osteopath,376.969.0632,cisneroschloe@example.org,f#X8eTtDPK,"509 April Prairie Suite 377
Markport, CA 08594",1364111149
27,Nicole,Oneill,CFep-03700,Retail manager,Financial risk analyst,682.280.6310x3355,tamarapreston@example.com,_TCvtT2uK8,"43126 Mark Hollow Apt. 889
Chapmanberg, VA 69595",1364855573
28,Randall,Lopez,TzrE-33695,"Designer, interior/spatial",Dispensing optician,001-711-900-6687,mendeznatalie@example.com,q(+6G2PmTW,"5699 Johnson Overpass Suite 639
South Stevenfurt, WY 54241",1364171855
29,April,Horton,SqRI-61171,Tourist information centre manager,"Restaurant manager, fast food",760.679.4150x2576,ylara@example.org,i!D0bO7tG&,"36571 Hannah Glens Suite 783
Brittneyburgh, OK 17768",1364726731
30,Anthony,Fields,VctC-57703,Firefighter,"Psychologist, forensic",550.627.2757x24469,goodmanamy@example.org,k!N64Xig54,"3377 Kent Field Suite 039
Lake Lukefurt, MD 52459",1364142040
31,Bruce,Lee,bcZJ-01260,"Scientist, research (medical)",Financial adviser,(418)595-1018,alexander69@example.net,@7PWEFez%0,"1911 Andre Point Apt. 925
Ashleystad, WY 13660",1364240166
32,Kevin,Turner,hlAK-18593,Site engineer,Financial controller,990.942.2482,randerson@example.com,T$2psrPyXG,"31775 Alexandra Street
West Sara, LA 48046",1364821189
33,Christina,Wallace,QOSM-50980,Dentist,"Copywriter, advertising",242-616-1242,vcook@example.net,d4Tnqps2_k,"Unit 4238 Box 0588
DPO AA 01857",1364604697
34,Alyssa,Brennan,cWLe-14718,Production engineer,"Journalist, newspaper",001-804-529-4701x689,deniserogers@example.net,S$41bkAaE4,"02141 King Ports
Starkside, OH 79618",1364599694
35,Rachael,Gutierrez,uGJq-62723,Solicitor,Advertising account executive,252-627-5909x8701,vlynch@example.com,oNN*8XGbvN,"9434 William Drives Suite 041
Robinsonport, DC 81444",1364821189
36,Joshua,Clark,NHNO-88986,Arts administrator,Chief Marketing Officer,001-304-520-0995x688,teresa42@example.net,$6+&Tv8(3&,"0083 Carpenter Track Suite 601
New Matthew, GA 87078",1364748225
37,Sabrina,Rodriguez,fHEE-44163,"Engineer, civil (consulting)",Manufacturing engineer,939.479.4618,gordonjames@example.com,+9hYRlwqjB,"50684 Tammy Course
Brownshire, NH 91853",1364005247
38,Amber,Booth,aLwh-96096,Software engineer,Information systems manager,5848159456,martinpaul@example.net,(HYR7Do8d0,"38499 Phillips Groves Suite 477
West Victor, CA 06839",1364931043
39,Wendy,Ford,muWI-86426,"Scientist, audiological","Radiographer, therapeutic",001-681-537-9429x010,wellscharles@example.net,0T0&&nMk1+,"227 Green Skyway
East Brian, SC 24414",1364310563
40,Taylor,Jones,WBSw-42395,"Education officer, community","Scientist, clinical (histocompatibility and immunogenetics)",369-688-1442x82907,wortega@example.com,*irj^1Ht_Z,"7515 Roberts Glens
North Rachel, ID 30870",1364192213
41,Derek,Dyer,wcpE-34682,Civil Service fast streamer,Geochemist,6744635727,ecarrillo@example.org,o6ELUxOn^0,"9948 Taylor Plaza
Lewishaven, MP 03034",1364528412
42,Rachel,Rodriguez,ednC-72207,Insurance underwriter,"Surveyor, hydrographic",(375)932-5533,fordsamuel@example.com,^9hSNMhXB0,"40309 Hawkins Islands Apt. 767
North Luke, WI 09311",1364360817
43,Melissa,Mack,QGpM-62121,Passenger transport manager,Advertising account planner,001-888-714-1715x49053,hessashley@example.org,Qd7aFk8df&,"83860 Clark Grove
Moranfort, NE 00981",1364809710
44,Angela,Taylor,pcxp-52844,Careers adviser,Community education officer,(923)545-3432,stevencalderon@example.org,#8h+3EkRQP,"3979 Lucero Spring
North Johnnyberg, PA 18465",1364540083
45,Amber,Savage,Twdz-51791,"Engineer, communications","Engineer, maintenance (IT)",+1-766-927-8283,teresamitchell@example.com,^pAfixJX6Q,"2390 Daniel Crest Apt. 875
East Misty, DC 81107",1364977743
46,Diane,Bailey,utlG-87039,"Accountant, chartered management",Careers information officer,254.456.5340,marksmith@example.org,^!7nP9^eB2,"7381 Valerie Springs Apt. 916
East Laura, KS 77700",1364920781
47,Joseph,Ingram,KFYa-83576,Research scientist (physical sciences),Information systems manager,760-532-0718,bryantcorey@example.org,RRT1ZikM2*,"0912 Johnny Springs
Port Jessicafurt, TN 11560",1364006067
48,Regina,Scott,MeJx-02100,Public relations account executive,Health service manager,(420)531-4643,reginald57@example.com,b&5LTahYsx,"Unit 5214 Box 9527
DPO AE 88879",1364123646
49,Eric,Owen,DqtH-17377,Information systems manager,"Journalist, newspaper",+1-249-948-4819,whiteelizabeth@example.com,&L2Gbb%r32,"0799 Gardner Lane
South Davidbury, TN 40653",1364456740
50,Timothy,Adams,GVya-96254,Set designer,Data processing manager,337-214-1258,lauren21@example.org,8Q^5MNd@j+,"080 David Summit Apt. 364
Thomasport, CA 23619",1364980803
51,David,Stone,HoQL-52617,Insurance claims handler,Biomedical engineer,513.613.3920,mary64@example.com,Vjnvm71v$8,"722 King Parkways
Fowlerhaven, VI 20723",1364000152
52,Wanda,Harrington,qTwk-34651,Health and safety adviser,Community development worker,648-400-6830x4693,jasonmiller@example.net,0VP4^3Bh!J,"447 Nicole Brook Suite 379
South Jessicaberg, AS 92818",1364268650
53,Joseph,Strickland,YmfF-30320,"Editor, film/video",English as a second language teacher,(418)609-3600x199,qriggs@example.net,102RTcn%$+,"2741 Colton Coves
Penaborough, DE 20499",1364700789
54,Jill,Smith,yjyV-17124,Solicitor,Applications developer,(492)500-1621,sarasmith@example.net,4sJx4Ra^#l,"83011 Gardner Land
Hughesborough, UT 77585",1364867790
55,Brett,Horne,PJYQ-57462,"Designer, exhibition/display",Insurance claims handler,3619436068,parksvanessa@example.org,*1d$DMAf#u,"89265 Michael Street
West Patricia, FM 62694",1364272235
56,Michael,Noble,bGPn-26939,Architectural technologist,Location manager,491.709.8031x52191,james90@example.com,27y6KPda)5,"560 Hampton Fords Apt. 075
West Emma, OR 88097",1364141756
57,Nicholas,Whitney,wjmF-99341,"Research officer, political party","Scientist, marine",(955)359-4974,gonzaleswilliam@example.com,G^6gYp#G3o,"3633 Adams Camp
Baldwinstad, FL 20284",1364599694
58,Melanie,Vazquez,Llgn-06216,"Pharmacist, hospital","Therapist, music",(754)495-4800x4399,xjones@example.com,5@96XnqQfJ,"780 Knapp Ford
Paulstad, IA 60978",1364677033
59,Nichole,Carey,gTCv-67138,Oceanographer,Ceramics designer,464.456.4822x76891,shaley@example.net,%kHm&&)vK0,"76125 James Spur Apt. 189
West Randystad, PR 16193",1364571429
60,George,Oliver,WQFg-18886,Warehouse manager,Production manager,6959521895,edward24@example.com,m)#1D1Fqbv,"6906 Teresa Greens
West Brittanytown, TN 25778",1364005247
61,Michael,Watson,YkIA-57563,"Conservation officer, historic buildings",Paramedic,001-379-592-3138,thomassean@example.com,rHz9Shl5#V,"87956 Bennett Spurs
Tarafort, DE 21560",1364844111
62,Tiffany,Klein,qvIz-21228,"Journalist, newspaper",Product designer,+1-255-642-3537x294,morganmorton@example.com,++FYrY#7D4,"873 Alicia Burgs Suite 086
Valenzuelamouth, FL 04508",1364844111
63,Amanda,Henderson,FCLg-61479,English as a second language teacher,Operational investment banker,407-538-6001,markgordon@example.com,zf#Er6Hy&W,"16703 Karen Dam Apt. 775
East Paula, OK 61136",1364459506
64,John,Campbell,giWq-64141,Child psychotherapist,Travel agency manager,315.405.2800,toddallen@example.net,!70S(x5Vz*,"2910 Johnson Meadow
North Seanberg, MD 23870",1364200979
65,John,Roberts,NwEu-11600,Neurosurgeon,Oceanographer,(370)233-3455,crawfordsarah@example.org,kS8nFpT*)s,"03885 Wood Port Suite 944
South Coltonfort, ME 93660",1364932128
66,Ashley,Horn,KPry-92175,Adult guidance worker,Waste management officer,(534)895-2136x4145,meghan12@example.org,#)79GnqxV*,"8065 Brittney Vista Apt. 223
Walkerborough, MH 52673",1364597620
67,Heather,Smith,IaOf-99363,Textile designer,"Education officer, museum",+1-826-894-1470x441,mark82@example.net,hPGY4L)i^0,"0544 Harris Ferry Apt. 950
Torresmouth, HI 53606",1364790492
68,David,Donovan,dQfT-62974,Lobbyist,Chemical engineer,855-260-9626,lesliequinn@example.net,n^wy0Bq7m0,"76783 Jacqueline Mills Apt. 773
Port Marc, ID 85920",1364663520
69,Donald,Goodman,hyZt-20648,"Clinical scientist, histocompatibility and immunogenetics",Warehouse manager,(897)670-9905x414,christophermartin@example.com,#23f+Yiv+x,"673 Billy Club Suite 095
New Williamborough, AR 78593",1364542336
70,Billy,Taylor,ggHf-93832,Insurance claims handler,"Engineer, electrical",277-521-5458x5340,kenneth50@example.net,c_4UPx$j@x,"1925 Jonathan Pass Apt. 738
Curtisville, NY 10921",1364173799
71,Barry,Williams,GtPv-91321,"Engineer, energy",Chartered loss adjuster,356-882-9447x0949,harriswalter@example.org,@SCya4&_^0,"1784 Vincent Track
New Margaretton, TN 57601",1364624691
72,Seth,Garcia,ECPC-21339,Arboriculturist,Geochemist,(628)377-5894,gcampbell@example.com,F32(ZQWR&p,"PSC 7871, Box 5701
APO AP 03038",1364824865
73,Jessica,Hutchinson,oqnR-52456,"Surveyor, rural practice",Travel agency manager,(478)834-5139x292,ndiaz@example.com,+gT&YGSJB4,"PSC 9520, Box 0795
APO AA 47076",1364069293
74,Nicholas,Middleton,rnor-04630,Banker,Teaching laboratory technician,382-823-9800,johnpowell@example.org,WD1KDdxE8!,"342 Scott Burgs
Woodburgh, AK 31304",1364088280
75,Nicholas,Walker,mjpx-93577,Textile designer,Quarry manager,656-908-8828x8173,elliottdorothy@example.net,)5tMBoeWJX,"33016 Johnson Island
Kathrynborough, IN 48573",1364625820
76,John,Bradshaw,Aith-78153,Public relations officer,Herpetologist,221.854.1306x5051,frank31@example.com,T$nJJ66s+0,"6133 Stephanie Mission
Port Lisaburgh, CA 08004",1364023865
77,Christopher,Dickson,iVgn-37581,Software engineer,Hydrologist,768.688.0624x53578,joshuagonzales@example.com,n4W*Vz&B)P,"31327 Jimenez Circles
New Thomasview, VT 66888",1364688538
78,Meghan,Schultz,xBoo-72319,"Teacher, music","Psychologist, clinical",441.854.7556x73855,dibarra@example.com,#M0qQPVy)b,"614 Kayla Villages Apt. 948
Joshuaberg, OR 56676",1364423135
79,Jason,Hall,JeQQ-48654,"Loss adjuster, chartered",Management consultant,001-661-474-0181x49131,greenmatthew@example.net,8KsG9Ugbr^,"276 Long Creek
Michaelbury, VA 42224",1364178783
80,Steven,Guzman,zFJF-96274,Fitness centre manager,Mudlogger,455.643.0328x25393,jnguyen@example.net,6wlKl9Je*g,"842 Baker Path
West Toddville, FM 65790",1364567758
81,Stephen,Le,rWEc-09365,Ophthalmologist,Field seismologist,558-246-9765x6538,scott54@example.org,&jJUaNfq01,"4289 Nelson Brooks Suite 467
Lake John, IN 12112",1364756203
82,Douglas,Howe,aKGN-54058,Environmental health practitioner,Art therapist,252-470-1761x3305,chavezchristopher@example.com,$Cp8yZmx24,"840 Russell Curve
Katherineberg, IL 97513",1364015114
83,Julie,Reyes,knMM-11154,Television camera operator,Chief of Staff,001-778-513-8666,ccox@example.org,F&$8vA^m!(,"5698 Hernandez Vista
Lake Brian, MS 23868",1364786972
84,Trevor,Smith,IQsH-51697,"Psychologist, clinical",Magazine features editor,873-581-1911x8638,brownjohn@example.org,+RSa_wlT9+,"9388 Gregory Mission Apt. 082
Smithberg, MD 80914",1364470614
85,Robert,Randall,ifRZ-43766,Banker,Haematologist,447-707-3942x8466,sanchezmichelle@example.org,8z_1&mFe0x,"1004 Lang Passage Suite 845
North Marcia, AR 07886",1364476070
86,David,Shaffer,XCWh-29109,"Buyer, industrial",Event organiser,955-898-6816x4530,johnolson@example.net,$J&5_1Mqe$,"USNV Brown
FPO AA 30007",1364801554
87,Autumn,Barnes,OfFt-75217,Systems developer,"Psychologist, counselling",001-452-820-1894x080,jrocha@example.com,c%6H0Qc8aq,"39430 Timothy Plains Suite 406
Lake Nicholeside, IA 93264",1364780885
88,Stephen,Pena,hQfH-17235,"Editor, film/video",Corporate treasurer,(970)875-2622x7421,debbieflores@example.net,2T@1WXGtQN,"9230 Miller Islands Suite 778
New Robin, GU 04715",1364053905
89,Katherine,Gonzalez,BDJL-27310,Counselling psychologist,"Psychologist, clinical",+1-757-989-7348x454,diana82@example.org,*OKY$z)+34,"907 Richard Track
West Jimmyhaven, FL 66024",1364349317
90,Holly,Scott,fDCq-28174,"Radiographer, diagnostic",Special effects artist,505.933.3973x45771,madison70@example.com,+b9Fn2Bk^v,"5656 Thomas Skyway Apt. 146
North Jamiemouth, MO 90900",1364000242
91,James,Moody,MdWt-51833,Social worker,Materials engineer,(644)999-7055x45679,contrerasdavid@example.com,%US_T1Hmop,"85390 Edwards Brook Suite 260
North Peter, OK 39018",1364726619
92,Dana,Davies,paWZ-34238,Field trials officer,"Engineer, technical sales",001-247-578-3368x0503,walkerjoseph@example.com,)Zrqg$NfM4,"770 Michael Rapid Suite 451
Blackfort, RI 11406",1364897698
93,Angela,Cole,wTWm-22849,"Optician, dispensing","Nurse, children's",5395499371,thill@example.org,Ga_579Of*6,"428 Gina Hill Apt. 938
West Ashley, WV 19011",1364931043
94,Ronald,Nichols,OQzF-87745,Radio producer,Textile designer,(661)701-8553x32101,elaineboyle@example.org,^dIo2g94I5,"69016 Gonzalez Springs
Clarkland, UT 07016",1364759228
95,Sharon,Sawyer,xBeB-78484,Theatre stage manager,Operational researcher,931-318-2588,vfloyd@example.com,DUW#Jx9R_5,"531 Mark Avenue Apt. 459
West Douglasbury, DE 88487",1364361980
96,Katherine,Smith,wZeh-99374,"Civil engineer, consulting",Occupational psychologist,+1-312-331-0835x97327,richardswilliam@example.com,%7Wo$^6x9E,"744 Ross Via
Catherineview, AS 18026",1364864435
97,Debra,Pierce,SmvG-19724,Ophthalmologist,Visual merchandiser,954.953.8009x6253,robertmarquez@example.org,)K&l)Fek8C,"60346 Contreras Inlet
North Melissa, IL 31784",1364248167
98,Andre,Snyder,pmEg-70086,Toxicologist,"Editor, commissioning",383-543-2934x0374,lcabrera@example.org,##2kSQFfhn,"USNS Fleming
FPO AP 59140",1364462555
99,Courtney,Winters,iTRJ-96881,Mudlogger,IT technical support officer,680.540.6316,crosscynthia@example.org,v11T4o_$&x,"82893 Suarez Underpass
North Kerry, VT 88641",1364455619
100,Anthony,Martin,LyhC-94221,"Surveyor, minerals","Surveyor, hydrographic",+1-294-365-8206x65128,logan64@example.org,(CUd)0NnE0,"3186 Mary Lakes Suite 447
Port Monicamouth, MO 53978",1364614039
101,Julia,Bell,trfl-96103,Agricultural engineer,Landscape architect,001-975-680-0694,amy21@example.org,!b*4wKmjEC,"15511 Jennifer Gardens
West Michaelburgh, FM 03155",1364855573
102,Todd,Pope,XwWY-66551,Land/geomatics surveyor,Corporate treasurer,206.434.2161,christina25@example.net,U*9RitKnqi,"801 Holloway Shoal
North Michael, MO 78594",1364330823
103,Ryan,Kaiser,eHLe-27095,Administrator,Production engineer,824-578-6060,lozanojessica@example.net,Wc3*+KkmB_,"8416 Ryan Flats Suite 533
Knoxfurt, AS 67700",1364837477
104,Jared,Harris,prgI-42939,"Therapist, art",Mining engineer,001-767-880-4391,christopherpeters@example.org,^W%4VSjhi0,"92991 Elizabeth Greens Apt. 547
Virginiaton, GU 20872",1364053905
105,Patricia,Hernandez,HXjE-81318,Illustrator,Games developer,001-951-854-9777x9648,danielbecker@example.net,3$Ph#uLS*E,"3413 Benitez Cove
South Timothyburgh, ND 64591",1364069293
106,Mark,Smith,sjlW-20879,"Engineer, biomedical",Radio broadcast assistant,(318)521-8397x19313,annamartin@example.org,@!D3L709x8,"68579 Crosby Parkways
Lake Jennifer, IL 36062",1364024073
107,Rebekah,Padilla,DodI-35731,"Engineer, control and instrumentation",Operational researcher,(244)223-9656x8304,jonathanmays@example.org,Rf)v6WlU@O,"70484 Angela Causeway
Lake Thomas, RI 16543",1364372718
108,Kayla,Murphy,CtBY-91315,"Pilot, airline","Designer, ceramics/pottery",(584)232-9293x26221,morristaylor@example.com,X7LQX4iu(b,"3235 Mercer Centers Suite 497
South Katie, MH 36564",1364669564
109,James,Jones,txzt-27674,Chief Financial Officer,IT trainer,+1-468-244-3173x384,hhogan@example.com,@7HzYGabl*,"407 Pearson Avenue Suite 236
Danieltown, ID 56052",1364476070
110,Mary,Jones,SDVV-74503,"Pilot, airline",Insurance underwriter,+1-877-349-7747x85788,davilatimothy@example.net,^1XhkhN$Ls,"8670 Thomas Lodge
North Emilyland, SC 11958",1364020318
111,Joshua,Casey,zKWF-76103,Scientific laboratory technician,Control and instrumentation engineer,469-538-1595x539,stevenbartlett@example.org,+YXAg&jK8m,"23713 Rivers Summit
Lindamouth, RI 34354",1364173799
112,Bridget,Walker,WrNI-97397,Occupational hygienist,Chartered public finance accountant,327-499-7005x147,lucaschristopher@example.org,K6orDKwM(_,"USCGC Miller
FPO AA 70593",1364156071
113,Michael,Carter,lGWO-34128,Herbalist,Data processing manager,9565834111,amanda96@example.org,&qapIV@g6Y,"515 John Spur
South Karenhaven, ID 89081",1364980803
114,Trevor,Mccoy,sAHb-11129,Chief Technology Officer,Insurance account manager,001-719-779-8079x7186,lindsay38@example.net,^)5H8rz+Z),"7729 Stone Keys Suite 815
Gilberthaven, RI 36051",1364936018
115,James,Booth,iyNO-54544,Holiday representative,"Secretary, company",(344)696-2894x51529,marierose@example.com,(yFEd$dW2W,"27785 Garcia Cliffs
West Aaron, VA 74099",1364088280
116,Brian,Flowers,mFuw-43991,Government social research officer,Clinical cytogeneticist,001-870-460-2418x55473,baileymarie@example.net,BhAY7(RV$1,"8730 Andrea Prairie Suite 486
New Lindsay, DE 34327",1364376065
117,Jose,Hill,GnUT-65277,Landscape architect,Magazine features editor,+1-747-799-3010x43818,wperez@example.com,T873bFZi(u,"33156 Johnson Forges Suite 758
East Billyside, MI 44584",1364330823
118,Diana,Riggs,xukG-02682,Brewing technologist,"Scientist, physiological",238.459.0371x5162,samuelmartinez@example.org,O$0H!ZddWm,"PSC 1758, Box 8584
APO AE 98810",1364637975
119,Jesse,Berry,WVvr-21933,Horticultural consultant,Agricultural engineer,683-692-6903,katelyn45@example.com,0H&Mh(Pa#D,"1247 Elizabeth Gardens
New Benjamin, CA 09415",1364226344
120,James,Nelson,DuyC-91125,"Therapist, art",Landscape architect,001-894-511-4291x7804,nelsonmichael@example.org,@HS177WaoM,"9592 Peter Overpass
South Ethanberg, WV 47844",1364461971
121,Kayla,Peterson,lcox-27371,"Research officer, government",Customer service manager,562.769.7368,perryjessica@example.net,x#@4MSWmsM,"954 Knapp Shores Apt. 748
North Julie, AK 56884",1364695268
122,Kimberly,Brown,mpTB-50359,Make,Veterinary surgeon,898-216-6557x8564,david78@example.com,knn2FaVy&T,"PSC 4657, Box 4646
APO AE 38779",1364826721
123,Kelli,Simmons,plpF-60311,Economist,Bookseller,6337597503,carolallen@example.net,HF34Qp3v^8,"012 Zachary Village Apt. 250
Gregmouth, WY 97886",1364707291
124,Matthew,Smith,Ijxd-03306,"Research officer, government",Customer service manager,360.564.2849x782,russellpitts@example.net,(8J*riNg!),"7369 Colton Ferry
West Francesbury, SC 31827",1364865107
125,Priscilla,Hoffman,efXI-52677,Insurance broker,Proofreader,001-491-735-6277x03254,thomas28@example.org,X2gYxYgj_Y,"1531 Anthony Street
West Allisonberg, NY 03822",1364455619
126,Thomas,Fields,gATh-40609,Special effects artist,Geographical information systems officer,(439)654-1040x53746,newtonsamuel@example.org,Qc7PS3rx(F,"43393 Joanna Springs Apt. 376
New Misty, PR 66470",1364544757
127,Karen,Bennett,TJSO-19639,Agricultural consultant,Estate agent,761-867-4558x017,hartlindsey@example.org,*+N5KtYK1l,"04375 Ashley Cliff Apt. 093
South Reneeville, NM 19751",1364471861
128,Jose,Smith,mnxL-81666,Housing manager/officer,Education administrator,001-805-467-0382x0370,anthony65@example.com,^Z90_sRcn%,"0716 Sanders Branch Apt. 963
North Austinport, MI 64914",1364350931
129,Randy,Rodriguez,tpcX-34206,"Designer, multimedia",Museum/gallery curator,001-411-769-7635x5297,zacharystephens@example.net,B7WcT7^e$4,"60662 Good Springs Apt. 099
Peterburgh, NJ 10988",1364098155
130,Sherri,Thomas,CdSh-05354,Higher education careers adviser,Records manager,(592)714-6550,courtney33@example.com,#IB)LE$uT4,"86609 Jillian Mall
North Alexanderborough, GU 74978",1364643377
131,Jeffrey,Andrade,WYRV-38333,"Psychologist, educational","Scientist, audiological",(383)576-3723x27242,sbrock@example.org,Wpz5E$Mr#2,"3543 Kelly Shores
Gonzaleztown, LA 76425",1364156071
132,Katie,Cole,AzpI-86233,Legal executive,Speech and language therapist,001-506-822-9517x34229,hwest@example.net,tP)9PO#uq(,"332 John Village
Lake Amber, OK 64933",1364335741
133,Meredith,Murphy,zAbV-41679,Control and instrumentation engineer,Estate manager/land agent,763-547-5317,brent84@example.com,58b(3DFk@P,"83659 Tyler Hollow
Jerryville, VI 59897",1364475715
134,Jennifer,Miller,jNgS-17803,"Teacher, adult education",Research scientist (maths),833-292-2891,mjensen@example.com,wb60sINk)_,"9143 Spencer Turnpike
Charlestown, RI 95003",1364982101
135,Natasha,Gibbs,kJyU-33645,"Production assistant, television","Surveyor, quantity",001-690-776-4111x68092,fcurtis@example.com,WOs1$DWy(X,"Unit 1109 Box 3953
DPO AA 21996",1364282464
136,Susan,Stevens,qHmb-72493,Oceanographer,"Civil engineer, consulting",001-240-886-4890,ttran@example.com,&%HKgR#^*3,"1717 Erin Walks Apt. 689
Bradleymouth, NY 32996",1364321545
137,Brandon,Simmons,emMq-25301,Environmental education officer,"Teacher, special educational needs",001-930-654-0762x0691,mramirez@example.org,V#2YuQHc2c,"USNS Hess
FPO AE 14902",1364532780
138,Patrick,Jenkins,OxEs-46502,"Producer, radio","Engineer, land",+1-418-553-7731x9060,hsimpson@example.com,Zy^0BYtv8N,"29851 Lara Mission Apt. 993
Mezatown, NY 90648",1364697653
139,Sheila,Butler,PGXs-68348,Orthoptist,Chief of Staff,+1-560-371-5224x1771,michelle48@example.com,*9ZibzzM1),"5347 Robert Gateway
Reyeshaven, MP 54708",1364226344
140,Leslie,Brewer,ClqU-68854,"Exhibitions officer, museum/gallery",Futures trader,(335)904-2497,maysjessica@example.net,Pvy&g4OqoS,"68536 Jordan Crescent Apt. 968
Matthewland, AS 71394",1364080315
141,Jenna,Rodriguez,dfOM-05701,Ophthalmologist,Arts development officer,2829172843,dbaker@example.net,Q!9TwYZZ1y,"3525 Davis Fort
Lake Jessicamouth, AL 53793",1364463106
142,James,Kirk,Pcgk-18351,Chartered management accountant,"Pharmacist, hospital",001-503-718-2948x4366,qmartin@example.org,!^Xs+pFfz0,"PSC 2925, Box 1259
APO AP 46394",1364350931
143,John,Ford,otgx-59632,Personal assistant,Diagnostic radiographer,712-540-0871x63226,martinryan@example.com,!Faq7IdjT5,"669 Thompson Dam Apt. 323
Hillport, MH 97215",1364630382
144,Kimberly,Turner,mllD-26541,Surgeon,"Accountant, chartered management",(486)544-9736x75742,norrisapril@example.net,8(S_3oel)9,"6339 Rhodes Common
Marymouth, CT 11384",1364475727
145,Kimberly,Stafford,GqyX-47302,"Therapist, art",Homeopath,6248185053,thomasparker@example.net,r1u6o7Oi*O,"423 Torres Court
Sanchezmouth, MD 16833",1364006067
146,Jason,Harris,TrTa-91056,"Designer, blown glass/stained glass","Scientist, water quality",494-428-9212,sallyhamilton@example.org,m2TvdD*H$0,"25493 Davidson Viaduct
Port Samantha, IN 09807",1364630382
147,Edward,Stanton,cntY-66003,Retail manager,"Nurse, learning disability",818.735.7425x082,browntabitha@example.com,QLWEyOOx@1,"97636 Ronald Lake Apt. 469
Lake Meghanburgh, VT 32334",1364200979
148,Ashley,Jimenez,EVCH-27170,Armed forces technical officer,Patent attorney,628.507.0509,philip58@example.org,#tZf7Ha61D,"65765 Eaton Road
South Charles, PW 60996",1364870126
149,Jose,Kramer,WDoe-00907,Arboriculturist,Art therapist,(830)307-0673x2877,brownronald@example.com,#p1HXwpcPu,"1472 Moore Burgs
Lake Jessica, PR 79101",1364531120
150,Carrie,Wise,aOOq-33417,"Sales professional, IT","Librarian, academic",(743)805-7460,finleyjeffrey@example.net,%3GTo99J#O,"PSC 9601, Box 8354
APO AP 26068",1364566639
151,Fernando,Bond,ETly-93437,Clinical biochemist,Customer service manager,(849)441-2176,orodriguez@example.org,%03NNWpaxi,"31109 Garcia Inlet Apt. 371
South Jenniferborough, GA 89217",1364554896
152,Gary,Davis,NtRY-10698,"Engineer, structural",General practice doctor,+1-349-757-3159x979,hernandezjohn@example.com,@2PG4!)0nn,"8263 Katherine Square Apt. 801
Riveraview, MP 16394",1364910470
153,Andrea,Wright,EjGg-42103,Sports development officer,Ship broker,001-366-585-7192x369,amanda42@example.org,C3SiX7Spq(,"6773 Sanchez Harbors Apt. 590
Kentville, VI 96991",1364830111
154,Christopher,Shelton,zQOw-17996,"Secretary, company",IT consultant,+1-532-345-6543x530,curtis61@example.net,D0LB1V3i++,"976 Michelle Circles Suite 962
Christopherside, OH 81878",1364112093
155,Kevin,Duncan,khcv-93694,Occupational therapist,Chief of Staff,933-514-0608x6092,meyerzachary@example.com,ZtZV9VBC(7,"5655 Linda Locks
Port Kim, TN 47049",1364288724
156,Gary,Middleton,trui-77875,"Therapist, sports",Cartographer,(899)434-1589x662,amandahunt@example.org,(e51GWguxV,"101 Whitney Falls Suite 747
East Annemouth, ME 15368",1364226344
157,Erica,Davis,Dysu-61607,"Copywriter, advertising",Banker,3293666368,hhamilton@example.com,o73IIX+Q$A,"1264 Elizabeth Prairie Apt. 421
Jamesshire, ND 64558",1364849715
158,Andrew,Gray,rFqT-48199,"Journalist, magazine","Surveyor, planning and development",612-215-1225,jessicasmith@example.org,#0e38FkmD9,"929 Villarreal Lodge Apt. 585
East Randy, PA 85724",1364140008
159,Diane,Davenport,ulxO-38448,TEFL teacher,"Horticulturist, amenity",514-919-1146,robertsimmons@example.org,@(+0!0My)6,"5647 Anthony Rest Apt. 233
Collinsberg, CA 05907",1364726619
160,Rachel,Higgins,SlAS-60958,"Civil engineer, consulting",Careers adviser,001-947-306-1800x18431,mcfarlandkaren@example.com,w3OxAqc0(x,"48954 Bush Ports
Port John, AR 55303",1364571093
161,Brian,Mcclure,aEjZ-76436,Seismic interpreter,Advertising copywriter,(655)353-8697,phoward@example.net,(PcRcl^k66,"521 Flores Throughway
Fischerchester, TN 66775",1364156071
162,April,Schmitt,ELip-83063,"Teacher, early years/pre",Automotive engineer,+1-936-663-7557,holmesjeffrey@example.net,D#g9pX3h$P,"2421 Ashley Club
Samuelton, PA 82333",1364064948
163,William,Hudson,DWMT-39511,Patent examiner,Nutritional therapist,001-460-571-8823x56492,scottraymond@example.net,0v+op1WsRL,"732 Jennifer Terrace
South Joseshire, SD 17873",1364695165
164,Alice,Moore,xBWp-46257,Plant breeder/geneticist,Publishing rights manager,+1-267-291-0480x471,michael00@example.net,U1#!96Co#$,"04960 Tracey Rapid Suite 773
Davisport, NJ 48648",1364531120
165,Kyle,Marshall,XrIY-33191,Quality manager,"Investment banker, corporate",+1-927-471-1558x0029,nelsonkim@example.org,*7HJ4QbMjN,"60444 Hammond Lights Apt. 472
Lake Rachel, VI 32241",1364997839
166,Jessica,Allen,QIIP-24860,"Development worker, international aid",Site engineer,225-363-2485x8927,robinsonmatthew@example.com,u)2!BqdS@g,"8886 Antonio Path
South Diamond, SC 58828",1364737765
167,Kelly,Yang,HZuR-92580,Special educational needs teacher,Archaeologist,474.790.8677,uhoffman@example.org,^6kJ1Af+D),"432 Micheal Summit Apt. 491
Lisatown, MP 12877",1364932128
168,Holly,Hill,tQXV-09343,"Sales professional, IT","Nurse, adult",001-925-685-1044x97315,freemankaren@example.com,&8s0Fy(dtG,"USS Hudson
FPO AA 58154",1364931043
169,Tara,Smith,hzAp-97599,Technical brewer,Secretary/administrator,777-544-9105x75961,johnny01@example.org,3)i3mY%ee_,"77170 Hunter Dale Apt. 531
Houstonberg, SD 83341",1364691339
170,Laura,Gardner,TKeI-47264,Energy manager,"Surveyor, quantity",001-826-334-8569x01684,foxrobert@example.net,qnzaVVf6_6,"PSC 3263, Box 3261
APO AE 34335",1364529047
171,Shane,Martinez,SZlj-21361,Accounting technician,Associate Professor,6583125531,vmccall@example.com,3+@0Ovp6SX,"9756 Stephanie Freeway
Fowlerchester, TX 78991",1364695165
172,William,Rodriguez,EBkN-15423,Corporate investment banker,Theme park manager,497-597-6863x5746,benjaminnewton@example.net,#^t2OMf3SV,"09540 Beck Crescent
North Stevenshire, LA 75141",1364821189
173,Mark,Gallagher,aDxG-90614,"Scientist, research (maths)","Pharmacist, hospital",288-527-0980x2187,melanieparker@example.com,cg^4F_wjX!,"616 Elizabeth Valley Suite 380
Christopherport, WY 31527",1364153811
174,Heather,Schmidt,VIMU-47864,"Designer, interior/spatial",Educational psychologist,+1-856-904-8363,claysophia@example.com,_sc0Uqqv9f,"PSC 7232, Box 3957
APO AP 16744",1364932128
175,Kevin,Barrett,RfEa-35807,Arts administrator,Research scientist (life sciences),001-405-324-4997x823,nguyendiana@example.net,D&6qG6mDE_,"1477 Brown Springs Apt. 789
Willischester, HI 86504",1364489959
176,Jacqueline,Robinson,UgfD-46746,Technical sales engineer,Environmental education officer,681.802.1092x694,adamsmichael@example.org,6*9KVQoytp,"5927 Wood Viaduct
Port Laurenburgh, IA 08904",1364266184
177,Rebecca,Howell,hqwD-68125,Diagnostic radiographer,Chartered loss adjuster,(432)330-0026,heather78@example.net,CE617GpW%%,"7269 Moss Garden Suite 492
East Bruce, VI 47539",1364127242
178,Destiny,White,JpQr-77113,Quality manager,Counsellor,914.677.1132,uharrington@example.org,#3nbGg4K2a,"9636 Laura Roads Apt. 767
New Jessicafort, AZ 81860",1364617875
179,Scott,Shaffer,PIyn-32094,"Designer, multimedia",Engineering geologist,4403111347,olevine@example.net,I0tQPpxB&y,"561 Brandon Inlet
Alexandrachester, MH 22346",1364141756
180,Jacqueline,Ferguson,VOAE-93641,Adult guidance worker,Solicitor,(585)376-4627,codyross@example.org,3oKDqz1l@0,"11375 Hill Falls
Dylanshire, NH 05498",1364828948
181,Jasmine,Mathews,tdQw-34736,Chartered accountant,Senior tax professional/tax inspector,+1-258-699-2905x623,adam15@example.net,722K8k#d@l,"9142 Alvarez Rue Apt. 685
New Christopher, SD 32289",1364422541
182,Rachel,Roberts,hJgh-40941,Television camera operator,"Administrator, charities/voluntary organisations",001-635-411-1901,luisrobbins@example.org,!7gKGpjY#q,"723 Sandy Brooks Suite 347
Millerview, ID 16087",1364420894
183,Renee,Hoffman,NbhX-43008,Corporate investment banker,Field seismologist,337-875-0869,druiz@example.com,5M($TPSh(E,"USNS Schwartz
FPO AP 22817",1364048675
184,Brandi,Allen,mDNz-26887,Furniture conservator/restorer,Chartered legal executive (England and Wales),001-630-702-6894x3687,gwebb@example.net,zyHt)u!o%6,"8066 Emily Loop
Martinezborough, DE 39873",1364735795
185,Daniel,Roberts,uORB-56197,Brewing technologist,Print production planner,453.521.3732x3940,mitchell33@example.org,osk7vvTco$,"34501 Johnson Forges
Teresastad, RI 29392",1364816027
186,Laura,Fletcher,RUxd-55898,Academic librarian,Product designer,001-800-754-1819,dmendez@example.org,((1U)tFR&U,"84064 Shannon Well
South Michaelchester, NV 77672",1364085966
187,Daniel,Benjamin,hZGh-91172,Museum/gallery curator,Insurance account manager,377-204-8772x79855,mckeeglen@example.com,5z%VJ(8q)9,"2125 Norman Isle Suite 534
South Marktown, VT 10200",1364396330
188,David,Kelly,FhSu-40956,Heritage manager,Physiotherapist,+1-818-322-3593x3646,allenchad@example.org,!O_V^VOTb8,"5426 Stephanie Divide Suite 476
East Jessicamouth, KY 04449",1364535690
189,Matthew,Barker,nzDd-65791,Television/film/video producer,Actuary,001-453-477-3432x6838,blakecopeland@example.com,O_Qc1TAt@8,"268 Rose Course
North Carl, IN 33411",1364997839
190,Abigail,Cook,yeLF-71746,Comptroller,Pharmacologist,(652)326-0154x0532,rharris@example.org,RV6SIiTe(n,"Unit 5865 Box 7300
DPO AE 28766",1364242660
191,Victor,Valentine,RkEA-82055,Diplomatic Services operational officer,"Teacher, adult education",(469)679-2657x620,valeriewinters@example.com,!n43QQ1qzG,"7696 Joshua Lights Suite 285
Jennifermouth, NM 49031",1364497361
192,Briana,Melton,bjwT-64099,Environmental education officer,"Engineer, technical sales",(862)779-2937x3226,cathycunningham@example.com,7O1FndlV%(,"USS Bailey
FPO AP 56414",1364072353
193,John,Anderson,WUka-33847,Health and safety inspector,Social researcher,+1-404-603-6450x55439,rwilson@example.net,&vMIjXqFl5,"USCGC Pena
FPO AP 67740",1364254559
194,Randy,Long,uxlD-35783,Web designer,Theatre stage manager,001-537-421-4798x8583,patriciamorris@example.com,t7&4YJxGV_,"19756 Tammy Ferry
West Nathanside, AL 69234",1364706573
195,Cynthia,Walker,fakF-94954,Garment/textile technologist,Technical author,+1-425-839-2063x9570,james72@example.org,)@4OlQlV^9,"7946 Jenna Springs
Smithmouth, KS 57032",1364887348
196,Calvin,Harris,tzYA-02107,"Editor, film/video",Company secretary,+1-960-241-1200,hallwilliam@example.org,*o&x3QTh5J,"0509 Pitts Crest Suite 449
Scottburgh, TX 60628",1364380325
197,Ashley,Scott,nAwx-89040,"Surveyor, building","Scientist, biomedical",001-513-440-1164,qhill@example.net,*pvFGOg65&,"Unit 0133 Box 7845
DPO AA 70763",1364024073
198,Rebecca,Nguyen,lLPr-41977,Psychiatric nurse,Magazine features editor,836-356-6805x687,matthew88@example.net,K#1g3Zb7cc,"PSC 7870, Box 0856
APO AA 40506",1364001152
199,Crystal,Lewis,OJuX-01809,"Research officer, government",Chief Marketing Officer,001-387-266-6991x9578,mooreashley@example.com,9FTgysd7!N,"244 Juan Hills
Brianmouth, NM 09079",1364015114
200,Cheryl,Wright,YFZD-25674,Insurance broker,Recycling officer,+1-659-202-3177,joshua72@example.net,W+gH7JAu^2,"8960 Lee Roads
Lake Frederickburgh, AZ 99756",1364093059
201,Melody,Gardner,cktG-25653,"Doctor, hospital",Recycling officer,288.374.8404x128,cathyrobertson@example.org,^FpRvrIk6+,"PSC 9918, Box 1670
APO AP 88938",1364421762
202,James,Wallace,DhBy-11994,Forensic psychologist,"Radiographer, therapeutic",001-512-908-7346,seangonzales@example.com,8)3FcDoF9@,"29276 Gomez Row
Franklinborough, OR 03432",1364248651
203,Rhonda,Watts,aIoV-41006,"Scientist, audiological",Counsellor,+1-692-447-0440x446,corey41@example.com,&$F1aIRtFI,"05071 Ramos Plains
West Jennifer, FM 79452",1364749382
204,Samantha,Williams,uEQQ-05540,Horticultural therapist,Cartographer,846-709-0222x9418,ericsanders@example.com,j12mTltcu!,"49782 Sydney Harbor Suite 447
Silvashire, OH 45253",1364870175
205,Isaac,Delgado,HXxQ-55968,Police officer,Lawyer,831-377-2773,jennifer40@example.com,4^)2Fdy3uv,"962 Morrow Parkway
South Rebekah, MD 76964",1364569834
206,Traci,Wells,hmLM-13587,Cabin crew,Pathologist,(872)897-0900,rodriguezrobert@example.com,)Wd)q+Oy%8,"7568 George Plains
Jamesburgh, RI 87868",1364000864
207,Kevin,Salinas,tbbV-42280,"Investment banker, corporate",Oncologist,241.497.8754,janehorton@example.org,(7VyUV0r(i,"669 Karen Square Suite 743
West Dave, MH 20377",1364350188
208,Patricia,Dawson,BClZ-08891,Operational investment banker,Veterinary surgeon,484-410-7304x73141,ljones@example.net,p2$lL2Ao#9,"1052 Rachel Greens Apt. 428
South Barbaraborough, VA 21588",1364462555
209,Carolyn,Ramirez,jXOV-77540,Printmaker,"Investment banker, corporate",822-907-2956,jasonwalls@example.org,zH%sn4Uc+_,"0623 Nathaniel Road
Thompsonmouth, TX 86387",1364288724
210,Jennifer,Stewart,prMJ-57902,"Engineer, building services",Garment/textile technologist,+1-466-964-5514x28990,melanie55@example.org,4cD0OZ1y)$,"0421 Smith Lake
Lake Nathanstad, SD 50204",1364920877
211,Stacey,Gardner,aKlk-92835,Furniture conservator/restorer,Associate Professor,(868)413-5851x377,kyleflores@example.net,Qf3it$Pd$9,"894 Elizabeth River
Lake Ronald, PA 77766",1364764236
212,Timothy,Rogers,pePk-73093,Call centre manager,Hydrographic surveyor,212-884-7922x92621,christophersilva@example.com,#z0MTcMci2,"1311 Guzman Trafficway
Jacksonfort, MN 55099",1364495024
213,Frank,Meyer,YFMj-34265,Musician,Forensic scientist,(996)936-2978x914,tyler54@example.org,#1QUe6@jMR,"81764 William Spur
Lake Whitneyview, SC 00953",1364529047
214,Nicholas,Joseph,zHsv-23325,Aid worker,Oncologist,(857)752-9004x72592,scott48@example.org,B+5vTz%a2g,"93345 Davis Squares
New Davidhaven, VT 18509",1364417512
215,Lydia,Marquez,QMVP-42315,"Merchandiser, retail",Cabin crew,905.419.9855,fphelps@example.org,o!6MocPk#V,"4244 Erika Route
North Juanport, MP 21754",1364282464
216,Brittany,Griffin,VURt-46032,Management consultant,Illustrator,698.944.1224x38440,markmaddox@example.net,^$4+L1BtOw,"5002 King Ports
New Michael, RI 62115",1364301778
217,Kristin,Jacobs,lxGn-71844,Occupational hygienist,"Surveyor, building",(743)412-0463,hawkinslisa@example.com,eV1yEBqc)V,"2105 Arnold Course
West Lisashire, IL 92547",1364073420
218,Michael,Martin,TwEH-58087,"Sales professional, IT",Actor,779.798.4234x6945,ballnicholas@example.com,^HgD&Ypkt8,"91747 Ortega Shoal Apt. 810
West Todd, IA 20231",1364200718
219,Mallory,Anderson,ACpT-47415,Retail merchandiser,"Engineer, biomedical",980-699-2624x34609,connorsmith@example.net,YLLQ#gj%(0,"21525 Williams Expressway Apt. 694
West Meagan, CT 43265",1364361980
220,Amy,Bennett,eUZF-18627,Futures trader,Computer games developer,001-925-489-7716x73108,mwong@example.org,d^jFQ2bp^Y,"6302 Richard Summit Suite 847
Hicksland, OK 76408",1364239600
221,Matthew,Cannon,iKLZ-98727,Cabin crew,Fashion designer,(549)578-7990,uchambers@example.net,(Uf#0K@clo,"USNS Williamson
FPO AP 57180",1364977923
222,Bobby,Wright,FGyj-22140,Arts administrator,"Nurse, learning disability",+1-394-884-1532x4009,rebecca10@example.org,)0mUt2sxS%,"1046 Dana Pass Suite 008
Lake Tammy, WY 07922",1364321545
223,Michael,Harris,ItbL-57843,Retail merchandiser,Health and safety inspector,407-330-0170,donnasanders@example.net,!+DWCc*a!9,"65074 Spencer Harbor
Rileyland, VA 33441",1364000025
224,Amanda,Mitchell,NwUI-32029,Product manager,Environmental education officer,(410)618-9329,diamond76@example.org,#8OBNdI_mt,"29852 Christopher Spurs Suite 075
South Lee, MA 95372",1364226344
225,Angela,Clark,TOiu-91530,Public relations account executive,"Designer, textile",+1-350-461-4910x04765,rebeccamartin@example.net,o3N2RLKa$e,"993 Miranda River Suite 180
West Hannahside, DE 68767",1364903302
226,Marvin,Wilson,xqEZ-76790,Risk analyst,Equities trader,+1-645-304-7829x98599,rgalvan@example.com,#47HAn!a$8,"3334 Melanie Flats Suite 162
North Rickeyfurt, GU 65351",1364131066
227,Jennifer,Walters,iZMa-96043,Public relations officer,Press sub,(442)599-5001x024,townsendheather@example.org,AON(wDh1)8,"30172 Richard Landing Suite 922
South Timothyburgh, NJ 65750",1364530447
228,Lisa,Gomez,MKyV-11430,"Therapist, drama",Higher education lecturer,842.362.9006x55246,williamskenneth@example.org,_@^9Tlxz)P,"16978 Bishop Hills Suite 629
New Timothy, NM 58936",1364204506
229,Melanie,Fox,vbhh-06550,Facilities manager,Horticultural consultant,001-200-547-7899x493,stevencook@example.org,(0EPPabdz7,"35978 Williams Plains
Kennethchester, TX 92211",1364540083
230,Cassandra,Fernandez,JZaQ-17132,Firefighter,Commercial horticulturist,843.868.7973,kgamble@example.org,!3y8EzdjyX,"898 Jordan Spurs Apt. 179
East Melissafurt, AZ 63503",1364398113
231,Kari,Johnson,bdJW-45381,Computer games developer,Public affairs consultant,814-925-3379x198,uwells@example.com,%^g0JInd_z,"094 Ashley Islands
Tuckerside, TX 55168",1364002073
232,Brandy,Huber,vtqa-65253,Logistics and distribution manager,"Programmer, multimedia",811-217-4884x893,nduncan@example.com,Zp0(GsWw!K,"292 Sara Road Apt. 045
Karenberg, AK 49020",1364710033
233,Brian,Rodriguez,SmxT-55575,Mining engineer,"Production assistant, radio",(580)268-8029x693,michaelsmith@example.net,n)$UiL+!)1,"PSC 5988, Box 1223
APO AA 56718",1364421592
234,Benjamin,Arnold,SoDK-68459,Charity fundraiser,Personal assistant,001-360-229-4790x856,normaking@example.net,N2@N1cFW#y,"6541 Brown Locks Suite 497
Aliciafort, RI 37857",1364637540
235,Robert,Clark,RmYc-57422,Exercise physiologist,Metallurgist,804-666-5742,jademckinney@example.net,^6L@Kob7ii,"96427 Evelyn Pine
Robertsmouth, IL 52179",1364201689
236,Sean,Chandler,FaRd-53847,Clinical biochemist,"Producer, television/film/video",6773641575,kellyhampton@example.net,kf3CYlpe(@,"039 Mccarthy Pine
East Monicaborough, NM 98494",1364946839
237,Tina,Francis,AESh-71753,Tourism officer,Seismic interpreter,001-930-587-9601x1487,ebecker@example.net,OWuYPYWg*4,"444 Timothy Well Suite 696
East Kyle, PR 20275",1364872870
238,Matthew,Combs,bRqm-77360,Careers information officer,"Engineer, water",251.808.8482x611,robert12@example.com,E1j8XRuLt#,"2879 Petersen Fords Apt. 943
West Shane, NV 75671",1364808068
239,Gilbert,Hester,EHoc-24859,Associate Professor,"Surveyor, commercial/residential",3184327450,amy33@example.com,+G10PZ_i@6,"748 Linda Pine Apt. 454
Jacobsberg, KS 83428",1364920877
240,Jesse,Wood,Qqkw-33342,Data processing manager,English as a second language teacher,(974)847-1291x951,rebekah40@example.org,c9cr2JUc&y,"58214 Ethan Orchard
Whitestad, VI 68347",1364178783
241,Caleb,Lawson,Zvig-57719,Landscape architect,"Nurse, adult",(629)227-2086x923,mcdowelllance@example.org,50UQ5*Oj*d,"499 Davis Pass Suite 120
Gonzaleztown, WY 30749",1364613179
242,David,Calderon,OCLO-29260,Quality manager,"Development worker, international aid",(228)752-0577x9647,laurataylor@example.com,&KJk2MtY(T,"19197 Steven Valley
New Karabury, WV 55105",1364111149
243,Samuel,Hamilton,Shyi-78379,Financial adviser,Automotive engineer,(667)309-3190x020,nmoore@example.org,e^_4MJ8tz6,"812 Kerr Coves Apt. 269
Bowmanland, MD 38081",1364802450
244,James,Lamb,VnIz-81261,"Engineer, broadcasting (operations)",International aid/development worker,9052064858,alexis18@example.com,(8N7fTcx!x,"3584 Smith Islands Apt. 760
New Shelly, DC 29888",1364154507
245,Scott,Wolf,hCEO-70396,Risk manager,Advertising account planner,793-249-6549x437,jamesbriggs@example.net,+64)Hf4Qxr,"PSC 8162, Box 3096
APO AE 75660",1364909317
246,Christopher,Guerra,ZmIy-81194,"Engineer, petroleum",Secretary/administrator,283.643.6853x4830,adamsdominic@example.net,_&*1yEul8A,"5354 Raymond Prairie Apt. 101
Howardville, TX 42207",1364776996
247,Karen,Cruz,XVel-49761,Social researcher,Make,972-369-8700x64860,twillis@example.com,_M@scZeZ@2,"2002 Davis Highway
Sherryside, LA 27619",1364240467
248,Jared,Waller,zwQr-42121,Applications developer,"Designer, television/film set",001-827-263-7932x484,ronald42@example.net,E5^M7Bd9_),"65834 Francis Corner Apt. 603
Port Sarah, VI 09344",1364842482
249,Keith,Chavez,kPkq-86984,Housing manager/officer,Air traffic controller,337-505-6441,becky86@example.org,&VJxGViU0X,"265 Prince Heights
North David, NH 79806",1364668748
250,Christopher,Guzman,WcOV-44022,Materials engineer,Hospital pharmacist,784-903-9847x7471,millerfrank@example.org,B2ErIbGE#l,"327 Jesus Alley
Veronicabury, ME 25499",1364530447
251,Jessica,Martinez,TXNR-31714,Proofreader,"Nurse, children's",001-464-794-9911x781,eduardocrosby@example.com,$!7Di$qUJw,"6315 Kelly Port Apt. 714
Reneebury, KS 26131",1364423135
252,Tamara,Krause,KCSL-57018,"Engineer, civil (consulting)","Buyer, industrial",496.383.4606x5675,fosteralex@example.net,%DxY00MqAF,"246 Haynes Parks
Riosberg, KS 46521",1364052913
253,Jason,Ferguson,HyTj-46155,Amenity horticulturist,Orthoptist,(620)720-8799x9704,gibsonpatricia@example.org,KM1OfH!xI*,"2344 Douglas Harbors Suite 479
Mahoneyfurt, WI 77539",1364662944
254,Debra,Humphrey,OpTW-09636,Architectural technologist,"Surveyor, planning and development",469-406-0938x481,nataliehampton@example.org,4EL@9Mp!oZ,"794 Smith Mission
Lake Erikchester, AK 89377",1364726619
255,James,Francis,tNSu-65972,Training and development officer,Management consultant,338.597.0876,bjohnson@example.net,d+B3RCu5*A,"173 Lauren Dam
East Jenniferland, WV 61848",1364717218
256,Mariah,Shaffer,PNYr-38853,Magazine journalist,"Surveyor, minerals",326.632.3483x395,allenmartinez@example.com,^hyRGw8TX2,"06103 Spencer Crest Suite 963
Port Gregorytown, CO 01680",1364126377
257,Katrina,Owens,thtS-23345,Futures trader,Restaurant manager,+1-682-902-6180,pharrison@example.com,cq#b9BxA&f,"39711 Cristina Streets
Port Alexanderside, VT 09232",1364175111
258,Jennifer,Henry,dPBU-19560,Quality manager,"Engineer, biomedical",627-822-1155x89195,robert36@example.com,(F7JnjkxZ8,"USNS Walker
FPO AP 98483",1364127242
259,Martha,Moore,ZFkR-95951,"Designer, fashion/clothing",Town planner,550.780.9847x4730,efrye@example.org,veE_tIbX)3,"466 Edward Fork Suite 043
New Karashire, KY 97139",1364571429
260,Melody,Olson,FWsy-44046,Dietitian,Theatre director,001-240-237-5953,deborah70@example.net,_S7ceKsoe!,"USS Bailey
FPO AA 48370",1364424557
261,Drew,Campbell,ZyTg-35331,Chartered management accountant,"Engineer, broadcasting (operations)",267.358.9108x131,kellyhurley@example.org,HX9Z&Mr^(6,"39014 Jonathan Landing Suite 167
East Bonnieland, CO 12683",1364688687
262,Elizabeth,Miranda,RAHz-59571,Public relations account executive,Claims inspector/assessor,328.621.8059,wendylopez@example.com,^95SyGfQR+,"276 James Turnpike
North Katherinetown, MA 61768",1364097069
263,Jamie,Austin,FFjX-49023,Clothing/textile technologist,General practice doctor,+1-877-597-2562x29837,qdixon@example.net,qN0TCbMqO+,"0429 Wright Shore
West Penny, GU 03862",1364528827
264,Mary,Shannon,pzfv-79650,"Designer, ceramics/pottery",Forest/woodland manager,001-225-715-8281,linmichael@example.com,uuN5+GoPj_,"0460 Monique Spring
Floydburgh, OH 00590",1364496739
265,Roger,Jenkins,yDqx-74165,Fast food restaurant manager,Textile designer,(229)323-9510x425,smithelizabeth@example.org,_72wAjdRl3,"56827 Roberts Parks
South Alejandro, WY 20080",1364387900
266,Tracy,Smith,snjz-73265,"Education officer, museum",Emergency planning/management officer,203-929-1998x400,glenneric@example.net,(AQ5(#esr6,"8900 Stephanie Shoals
Fryview, GA 75359",1364860857
267,Troy,Franklin,eBEo-68260,Tax adviser,"Doctor, hospital",001-366-487-2818x00185,donaldsmith@example.net,y)V9wwHz^2,"933 Loretta Crossing
Ricetown, MI 39633",1364759228
268,David,Christensen,fnFA-12252,"Production assistant, radio","Surveyor, minerals",+1-250-695-5744,lisa29@example.net,pw0CQQ3YM!,"74823 Hernandez Island
Hallborough, VA 50976",1364511493
269,Rebecca,Chan,BHcJ-38649,Tourism officer,Civil Service administrator,643-222-2548x174,courtney99@example.net,^s9+3GBm%6,"50497 Edwards Estates
Port Jonathanborough, ID 16417",1364652740
270,Robert,Vazquez,GxLB-92119,Museum/gallery exhibitions officer,Futures trader,601.785.0063x11251,donna32@example.com,&6^))SVfX2,"9049 Vasquez Loop Suite 644
Candiceside, VT 45230",1364192974
271,Eric,Booker,XiQe-53188,Artist,Petroleum engineer,470.835.5120x7107,williamsmith@example.net,*79pMOfJd7,"899 Myers Valleys
Riosland, AR 71749",1364528827
272,Heather,Jordan,hCah-47281,Chief of Staff,Airline pilot,489.247.6381,vtaylor@example.com,z4F7OiVk*B,"549 Thomas Viaduct
East John, MD 61081",1364808068
273,Kristen,Pennington,ELfx-99605,Medical technical officer,Adult guidance worker,658.891.5617,duncanalicia@example.com,W6NRn%G_+j,"7746 Clark Locks
Lake Amber, AK 51327",1364767646
274,Cody,Lynch,SeGh-01433,Retail merchandiser,"Engineer, energy",(322)991-9924,tiffany37@example.net,D^6B(FVbD$,"1439 Hernandez Station
Newmanton, MS 34543",1364064948
275,Jennifer,Wilcox,ntCj-21807,Chartered certified accountant,"Nurse, adult",770-972-7763x280,adamsjennifer@example.com,k*_#o1Ik3t,"755 Hayes Wall Apt. 615
New Angela, ID 98385",1364038403
276,Curtis,Reese,oQGM-82984,Youth worker,Plant breeder/geneticist,001-204-796-9280x16446,lisagraham@example.net,LQ!a33Bs&N,"4171 Carson Causeway Suite 470
Wardfort, IN 97022",1364811524
277,Tiffany,Saunders,sUXH-99068,"Psychologist, counselling",Music tutor,464-281-0066x0624,kylejohnson@example.net,tVZK@gXa^1,"5898 Durham Turnpike
West Evan, CA 15264",1364602437
278,Stephanie,Rice,vMEG-27407,Ceramics designer,Dentist,001-410-208-2394x843,umontoya@example.com,#0zNIDKjl!,"2592 Sanchez Trail Suite 025
Beasleystad, AR 95072",1364250700
279,Frank,Hill,zCuw-63405,Tourist information centre manager,Phytotherapist,891-801-1024x9622,jillfarmer@example.net,31^FgaS^$#,"5440 Jeffery Well
South Cody, MI 08039",1364432238
280,Veronica,Evans,QTzX-71418,Financial planner,"Designer, industrial/product",916.387.6838x82096,andrewblack@example.org,w5pAONIM@e,"79940 Dennis Summit Suite 324
Matthewmouth, IA 10565",1364140008
281,Adam,Bell,FGZS-65537,Animator,"Scientist, forensic",001-235-606-1134,chandlersteve@example.net,R0^Y567p^I,"49271 Thomas Port
Port Michelefort, MH 20243",1364217752
282,Eduardo,Le,cUjf-35524,Trade union research officer,Chartered public finance accountant,203.728.4863x9048,normananthony@example.org,!w4bJSvM^P,"9865 Amanda Brook
North Gloriahaven, CO 84694",1364098155
283,Heather,Adkins,IlPW-74821,Science writer,Housing manager/officer,(779)980-6813x96948,smithkelli@example.net,n19SToKgJ),"USS Alvarez
FPO AA 41105",1364136501
284,Michael,Santos,NkLc-02687,IT consultant,Freight forwarder,001-450-690-4113x825,sjackson@example.org,r3**9Qit#$,"8536 Lisa Grove
Donaldstad, AL 77661",1364110841
285,Amber,Flores,tbVM-64396,Health service manager,Biomedical scientist,329.871.2622,tommy14@example.net,$0MKVwTm)y,"6488 Brian Ports Apt. 771
Virginiachester, NH 79879",1364085966
286,John,Cooper,tnQI-10412,"Psychologist, forensic",Chemical engineer,397-762-8241x13069,varroyo@example.com,d9LQWkg$!H,"35627 Matthew Via
Zacharychester, PR 18646",1364856957
287,Christian,Walker,KRoy-71313,"Clinical scientist, histocompatibility and immunogenetics",Pensions consultant,(625)799-6460x178,stephaniemorgan@example.com,%yV1@VmkL&,"4323 Holmes Shores
Carlosshire, FL 02481",1364372718
288,David,Smith,pzNr-58532,Advice worker,Travel agency manager,001-925-749-4997x5238,rmarshall@example.org,&_LI8Musl4,"505 Jennifer Village
Kempfort, ID 44087",1364624357
289,David,Harvey,rDnH-82293,Retail manager,Land,8627315120,ugarcia@example.org,6o4)2U^d&$,"68291 Edwards Shoal Suite 176
Hawkinsbury, VT 73867",1364920781
290,Jessica,Ryan,KGLn-23959,Systems developer,Advertising copywriter,+1-834-948-8071x3967,karendickson@example.com,pJ4MQ_Rl++,"97015 Freeman Burgs Suite 291
Wilsonburgh, TN 43769",1364597116
291,Jordan,Franco,HJId-56425,Waste management officer,Information officer,+1-782-863-8880x63266,younglarry@example.net,Q2Ip$aad%0,"623 Tiffany Manor Suite 543
North Jill, NM 72136",1364480030
292,Emily,Mahoney,Lkvg-00583,Biomedical scientist,Medical sales representative,9584771511,sstephens@example.net,9Z%23BKvsI,"00026 Steven Lock
Port Francesville, VA 22898",1364024073
293,Jessica,Anderson,ungn-24289,Travel agency manager,Theatre director,8382101083,johnrichardson@example.net,#0MOk#@up$,"0542 Jackson Light Suite 306
Royview, WA 26506",1364688687
294,Javier,Miller,bbyQ-57033,Regulatory affairs officer,Farm manager,497-903-4790,ehunt@example.com,WmE^Iost$8,"58110 Jason Streets Suite 733
Ryanport, MN 49491",1364815176
295,Natasha,Norris,ENFl-15573,Catering manager,IT technical support officer,001-996-715-9588x731,alejandromosley@example.com,#26K7p4XLN,"PSC 6602, Box 5354
APO AP 03284",1364403465
296,Christopher,Brown,cLmS-02322,Colour technologist,Orthoptist,453.337.2609,sarabennett@example.com,D1960V+a$B,"9017 Marshall Passage Suite 006
East Heather, MS 99507",1364811524
297,Robert,Herrera,kcTz-24458,Youth worker,Chief Strategy Officer,601-231-3253,colleenwilkerson@example.net,O+30&9Rks*,"41712 Smith Estate Suite 510
Tylerton, NV 91866",1364090972
298,Emma,Stuart,XOkp-55430,"Development worker, community",Chief Marketing Officer,485.849.6372,kelleyjeffery@example.org,!YRXxndd@4,"4695 Barrera Neck
New Jeremy, MO 74914",1364275103
299,Jessica,Deleon,crsj-84476,Electronics engineer,"Editor, commissioning",495-700-8017x9733,waltoncody@example.net,r8+3Myuoyl,"2595 Neal Forks
Rebeccafort, MN 31213",1364099760
300,Mark,Payne,lYcg-14177,Furniture designer,Academic librarian,(863)233-9298x1454,gwerner@example.com,QQ4WlYhg$&,"4178 Faith Skyway Suite 513
Lake Robert, NH 44508",1364526843
301,Hayden,Cline,vWHB-58290,"Development worker, international aid",Camera operator,(418)235-0083,george65@example.com,&Kv8QjofzR,"473 Allen Spurs Suite 502
Michaelfort, MT 52572",1364527291
302,Ashley,Edwards,xpmq-05164,Merchant navy officer,Tax adviser,(861)793-1770x5902,taylorjason@example.com,9yZkmQvS&R,"473 Sharp Dale Apt. 316
West Jennifer, IA 64721",1364461971
303,Anna,Burch,Sodu-24753,Chief Executive Officer,Personnel officer,(749)234-1407,melissaramos@example.com,eI+89Vc##!,"208 Wiggins Gardens Apt. 628
Angelachester, MO 80151",1364643377
304,Patricia,Olson,dhVW-46687,Exercise physiologist,Wellsite geologist,2953218207,karenrose@example.org,z^4FGhuLZd,"82027 Barry Locks
East Davidhaven, DE 36814",1364662944
305,Ryan,Duke,qiwC-60590,Archaeologist,Aid worker,+1-629-769-0280,burnsbarbara@example.net,@c$2JxdKpD,"5501 William Pike Apt. 240
Friedmanstad, NE 56883",1364947262
306,Mia,Romero,SAmm-62723,"Physicist, medical",Investment analyst,(595)704-2307x813,nicholasbradley@example.com,^mQ(N0IhX5,"77771 Ann Port
Port Nancy, WV 18824",1364000025
307,Gary,Evans,QTin-02979,"Designer, interior/spatial",Speech and language therapist,(348)619-9066x86488,traceycain@example.com,$U!INryb2l,"6846 Shelly Ramp Apt. 265
Thomasside, PA 24549",1364141756
308,Erin,Hoover,ulcO-12463,"Editor, magazine features",Electrical engineer,309.250.5760x5747,lovemichael@example.org,n#0HQ4b%5s,"0065 Brown Union Apt. 223
East Lauraview, DC 36563",1364977336
309,Mckenzie,Mccormick,HauE-83130,"Research officer, government",Contractor,439.929.6487,jeanette40@example.com,8E4wDIaBS*,"Unit 7195 Box 1402
DPO AP 43815",1364425405
310,Jacqueline,Mitchell,cEtf-17943,Equality and diversity officer,Child psychotherapist,(979)330-8436x640,devin35@example.org,(3z)1LxD_0,"29803 Tara Valley
New Gregorytown, MI 90444",1364811524
311,Carl,Cooley,jFip-96090,Nutritional therapist,Orthoptist,001-894-495-4776x533,mitchellchloe@example.org,#fm9tMwZ#%,"949 Alexandra Field
Troychester, ID 23652",1364643377
312,Brooke,Jordan,BcLl-19931,Television camera operator,Astronomer,001-979-509-0655x691,jroy@example.net,+5DAau8#9f,"05911 Jean Lane
Zunigashire, WV 13740",1364148663
313,Haley,Snyder,oclc-37388,Water engineer,"Engineer, water",390.359.5324,christopher17@example.net,Tb7Tdryi#0,"0855 Smith Lodge Apt. 651
West Maryburgh, MT 77522",1364459506
314,Kevin,Russo,HWiR-23983,Technical author,Licensed conveyancer,851-857-8898x752,rblack@example.net,K_59)QKr2S,"210 Kathy Squares Apt. 780
Blackburgh, NV 17671",1364136501
315,Todd,Hernandez,Pqqo-66098,"Engineer, electrical","Engineer, maintenance",9808071103,yvonne81@example.org,O#4@nWLx3E,"365 Ashley Lake Apt. 483
Port James, AL 78703",1364828948
316,Deborah,Hammond,fqWa-85435,Advertising account executive,Maintenance engineer,392.463.8901,lindseykristi@example.com,m#1Ajje7W4,"251 Wells Fort
Terriville, AS 02039",1364089791
317,Kristen,Jones,Mand-79860,"Designer, graphic",Human resources officer,001-580-838-0062x3267,gregoryharvey@example.org,elzI1FEp#2,"Unit 8325 Box 2157
DPO AP 20433",1364549592
318,Amber,Turner,RIOn-84096,Psychotherapist,Museum/gallery conservator,364-510-7317x092,gmills@example.com,bb*a4SC&%*,"53386 Oscar Spur
Lake Desiree, PR 25682",1364486333
319,Ashley,Harvey,NQty-69593,Horticultural consultant,Economist,(993)765-7223x57719,michael96@example.com,J034Buch^M,"65500 Tyler Junctions
New Raymond, AR 52590",1364402242
320,Jane,Lynn,klua-99684,Chief of Staff,"Restaurant manager, fast food",735-851-4842x85720,chase48@example.com,Q$JC8Qsys0,"905 Jensen Loaf
New Michael, WA 64428",1364412693
321,James,Stout,wKZQ-10269,Hospital doctor,English as a foreign language teacher,405.537.8342x73742,juarezbrian@example.com,!&^MaU2G@9,"4328 Nelson Tunnel
West Richardport, MI 46558",1364717218
322,William,Hill,XolM-91634,"Engineer, broadcasting (operations)",Surgeon,401.910.4525,christine29@example.net,+1wGFr#cfk,"1269 Rivera Fork
Alexanderborough, VI 32630",1364243164
323,David,Harper,veRM-72496,"Therapist, horticultural",Water engineer,655.248.3115,matthew21@example.net,BhIAdM!c!3,"71600 Zuniga Lakes
Port Ray, MT 17254",1364525124
324,Lori,Cox,dOKw-42113,Computer games developer,"Scientist, marine",001-226-301-5621x98937,charles19@example.com,^p6rwEqG_0,"PSC 8529, Box 1267
APO AA 99695",1364106517
325,Beth,Wilson,JSGs-40061,Merchant navy officer,Phytotherapist,+1-241-915-2259x4893,carrie06@example.com,@^sZQ6CzR%,"52215 Ryan Street
West Cassandraview, CT 91515",1364528412
326,Nicole,Chavez,oxXD-91380,Professor Emeritus,"Copywriter, advertising",+1-757-839-8773,justin70@example.com,4figD0Rq)M,"56335 Michelle Flat Apt. 984
Ramirezside, AR 31160",1364753903
327,Travis,Hill,QTuR-94905,Production engineer,Charity officer,001-344-521-9810,stephaniemiller@example.org,bARR7Akh6@,"7660 Graves Oval Apt. 867
Josephfort, PW 35475",1364005247
328,Valerie,Campbell,FLNg-38929,Town planner,Actor,(698)912-9596,glassrodney@example.net,cE2%FKpK+u,"460 Donald Ferry Apt. 786
East Frances, WI 17337",1364844111
329,Todd,Bradley,IgBR-83281,Cartographer,"Surveyor, insurance",001-339-662-3521x92942,uholt@example.org,d0Y6OpX$^0,"858 Owens Gardens Apt. 890
Howellport, SC 11418",1364070633
330,Linda,Brooks,lMXS-66269,"Teacher, special educational needs",Structural engineer,880-584-5793,cassieandrade@example.org,&L$5NpDuRD,"9901 Tiffany Isle
Bullockbury, VT 49426",1364571196
331,Rachael,Heath,HIyn-78375,Physiotherapist,Commercial/residential surveyor,563.673.2123x441,psanchez@example.com,@aFyt9^T)5,"2099 Fischer Mount Suite 758
Saundersville, FM 20081",1364891653
332,Nancy,Rodriguez,wEPP-12750,Camera operator,English as a second language teacher,7774232540,stephenjones@example.net,At3CuedMh!,"088 Montoya Springs
Port Keith, AK 12987",1364070633
333,Krystal,Ramos,jWNH-94636,"Therapist, speech and language",Barrister,210.239.9373x59374,cortezkatrina@example.net,@yRGAdJdv4,"78351 Rivera Parks Suite 920
Antoniomouth, WI 98176",1364424557
334,Joe,Harper,sflj-97828,Newspaper journalist,Herbalist,220-397-9770x635,lisaward@example.net,t&8kL4y_ka,"36087 David Route
Annmouth, FM 73246",1364837477
335,Colleen,Rodriguez,meud-23205,Senior tax professional/tax inspector,Control and instrumentation engineer,+1-875-266-1421x0584,hcohen@example.org,)CQbiUD30_,"6185 Torres Mills
South Territown, MH 41865",1364019952
336,Adam,Mccormick,ZqDh-13334,"Engineer, manufacturing","Journalist, broadcasting",5806724838,joshua41@example.org,C_5Yw7^X6T,"52667 Stephen Cliffs Suite 191
Pricemouth, NC 68506",1364488107
337,Michael,Cobb,aoFE-53052,Higher education careers adviser,"Psychologist, sport and exercise",(656)976-9788x27736,nicholas84@example.org,QhGP59Pey@,"55094 Newton Mountain
Garnerville, LA 96760",1364517775
338,John,Mendoza,wwzp-04608,Medical laboratory scientific officer,"Scientist, water quality",(326)269-8202x6160,allison21@example.net,7HIt5Ofz)V,"7955 Jeffrey Crest
East Josephstad, OH 88437",1364192974
339,Rebecca,Rice,ifDv-20269,"Pharmacist, hospital",Race relations officer,694-530-1177,williamskristen@example.net,l_9(Zg*xX4,"6538 Mcmillan Views
Margaretborough, WI 71635",1364000152
340,Kimberly,Perez,pFcC-08674,Make,Armed forces technical officer,001-661-706-0557x5181,clamb@example.org,@3Yndz^agL,"8032 Katrina Coves
Jordanstad, SC 53783",1364350188
341,Catherine,Charles,sLbv-95193,"Clinical scientist, histocompatibility and immunogenetics",Clinical psychologist,549-781-2603,tpatton@example.net,*H681zwcg+,"28673 Michael Village Apt. 344
South Steventon, NM 50780",1364226344
342,Lori,Mcclain,XWaF-13920,Careers information officer,English as a second language teacher,001-581-961-3387x51305,rogersdawn@example.net,J_R15RA+ay,"123 Anita Roads Apt. 860
Fisherton, AS 82889",1364726619
343,Bethany,Brown,Idam-48143,Systems analyst,Chief Executive Officer,+1-275-577-3132x950,ramirezjack@example.org,H#(52OQibC,"65589 Joshua River Suite 587
Lake Samanthashire, OR 01867",1364780885
344,Kendra,Mcdaniel,anXB-23016,Music therapist,"Buyer, retail",(759)363-1887,fjimenez@example.com,T3XD3Ohm$t,"582 Butler Walk Apt. 779
New Ellenmouth, CO 72484",1364456740
345,Catherine,Hatfield,Vhym-84697,Armed forces logistics/support/administrative officer,Insurance underwriter,+1-235-667-6050x91210,wcampbell@example.com,@xAP6K5de6,"967 Bryan Center Apt. 920
Joseton, TN 94155",1364475715
346,Carrie,Calderon,EbZS-40704,Land,"Psychologist, prison and probation services",+1-560-395-4643,elizabeth12@example.org,C7P1KdFa*&,"0581 Henderson Court Apt. 686
Lake Lauraport, FM 16933",1364759228
347,Shannon,Cook,qJDW-66218,"Scientist, product/process development",Professor Emeritus,241-899-1112x980,smithsummer@example.com,DP4K0!As*Z,"0737 Whitney Via
Port Brittney, ID 95553",1364549592
348,Brittany,Jackson,nWIQ-28525,Customer service manager,Biomedical scientist,776.316.4511x629,russellraymond@example.net,!3lbND@vLN,"800 Matthew Curve
South Michelleport, PA 91817",1364306000
349,Nicholas,Roberts,dZqj-55196,Applications developer,Trade union research officer,9102139547,martineztheresa@example.net,@wQxRZ!v2g,"Unit 7067 Box 9622
DPO AE 77102",1364540083
350,Briana,Howard,qFSl-16548,Immunologist,Town planner,375.527.4195,pkelly@example.net,*ZQl+mAi$5,"18042 Amber Dale Apt. 089
Stefaniehaven, VT 73371",1364867790
351,Gregory,Buchanan,lpLY-28598,Armed forces technical officer,Radio broadcast assistant,778-913-5609x42544,angela29@example.net,I2U%NciU%8,"451 Regina Shoal
South Michaelmouth, MT 97365",1364453657
352,Joel,Franco,QWAu-44742,Retail manager,"Biochemist, clinical",(423)231-1520,wharris@example.com,%lDpIhV%^8,"786 Johnson Fields
Owensborough, KS 22631",1364453657
353,Jennifer,Gibson,tOgF-61950,"Engineer, manufacturing",Building surveyor,001-506-706-1424x931,beckerryan@example.org,_HU1Be7f_2,"17121 Amy Locks Suite 643
New Erinchester, TN 47918",1364532780
354,Jeff,Rodriguez,uIhr-25245,"Engineer, drilling","Engineer, manufacturing systems",+1-951-328-0545x0251,mark07@example.com,%e1Rvg(ok!,"PSC 7681, Box 8026
APO AE 38824",1364038403
355,Madison,Lopez,kHhd-01526,Art gallery manager,"Runner, broadcasting/film/video",(822)814-6197,irobinson@example.net,3WmFrjih)^,"8572 Seth Divide
Michaelberg, UT 91741",1364126377
356,Adam,Mcconnell,zbZd-50119,Higher education careers adviser,"Teacher, secondary school",363-486-7174,pinedamaria@example.com,orTZ0Stk*%,"1962 Gloria Villages Apt. 086
Perkinschester, VI 21169",1364226344
357,Richard,Christensen,bxoc-69443,Geophysicist/field seismologist,"Development worker, community",+1-200-282-8168x8673,michael29@example.net,C+1mY8hkQH,"1422 Alexander Center Apt. 693
Colonland, DC 25967",1364339411
358,Debra,Pearson,wmgQ-80092,Horticultural therapist,Sport and exercise psychologist,496.448.1368x43445,stephenreed@example.org,3kOmRwLs+5,"7684 Michael Stream
East Tylermouth, HI 13998",1364748189
359,Christopher,Alexander,BYVf-25017,"Surveyor, land/geomatics",Forest/woodland manager,001-866-981-3545x14777,kristopherallen@example.com,(7V13vacb4,"14796 Huerta Ford Apt. 499
South Heathermouth, DC 36151",1364350188
360,John,Martin,wujH-55952,Dramatherapist,Banker,001-307-710-1990,debramitchell@example.com,I@X5DAzF#s,"38724 Mcguire Village
Port Tonyastad, MH 51360",1364001152
361,Charlene,Reed,LfNe-91408,Estate manager/land agent,Sports development officer,9706857633,hmanning@example.com,Zc4KQqyjz*,"Unit 1171 Box 5386
DPO AE 71117",1364335741
362,Emily,May,nWDQ-45492,"Journalist, newspaper",Chief Technology Officer,967.784.3355x29704,xhumphrey@example.org,lz(06ExzGv,"0780 Dodson Crossing
North Paulview, WA 65075",1364239600
363,Justin,Davidson,EEqZ-99190,"Engineer, biomedical",Advertising art director,+1-415-751-1401,abigail47@example.net,_6WqXwaYh0,"815 Julie Stream Suite 740
Lisaville, PA 37349",1364102646
364,Karen,Johnson,sNqB-06915,Statistician,Product designer,304.923.1785x748,morrisalexander@example.net,r(b5SRjtqn,"30531 Greene Inlet Apt. 945
North Ronaldborough, WA 70584",1364464987
365,Mark,Johnson,DEGh-86216,Animal nutritionist,Fitness centre manager,001-983-848-8727x34339,lisalyons@example.com,#y7wZLS42m,"32869 Walters Harbors
Amandamouth, PW 51592",1364476070
366,Stanley,Perez,MGmA-31247,Diplomatic Services operational officer,Chemical engineer,+1-727-813-0160,brianbaker@example.com,$T0HLtccx%,"2544 Curtis Vista Apt. 307
Cabreraview, NV 73533",1364376065
367,Jennifer,Blair,vLfH-92564,Visual merchandiser,"Surveyor, quantity",537-997-4212,bwatts@example.net,(&11H6BkOb,"164 Gallagher Springs
Lake Philip, VT 94421",1364747499
368,Sean,Morales,MWfx-48463,"Accountant, chartered management",Barista,548-948-1502x6557,markclark@example.net,Ght9BEBiD+,"406 Jeremy Row Apt. 980
Scotttown, LA 52720",1364571429
369,David,Jordan,Mgfc-60089,Health service manager,Clinical biochemist,(691)650-3457,travisvelazquez@example.org,@54VQSkhz%,"2234 Gonzalez Rue Apt. 550
Robinsonshire, OH 25146",1364601735
370,Erin,Barrera,NCiP-55265,"Scientist, research (maths)","Surveyor, building control",+1-250-764-1825x00283,cathy40@example.org,&BgZ_E9bd!,"84056 Sandra Lock
Steventown, MH 46792",1364420894
371,Amy,Villarreal,mLhI-38429,"Engineer, biomedical",Retail manager,639.953.9868x95739,marybarber@example.com,7g3Plz6ev%,"2929 Brandon Flat
South Jodi, MN 29033",1364786972
372,John,Salinas,JRuq-80185,Data scientist,Clothing/textile technologist,001-809-223-6103,gomeztammy@example.net,a633TxEi+_,"4747 Collins Pines Apt. 140
Port Rubenton, RI 61547",1364428326
373,Jenna,Ferguson,ZQzO-27848,"Development worker, international aid",Fashion designer,(859)863-6507,kylemosley@example.net,^XJ+Okys(9,"USNV Ramos
FPO AE 40058",1364888685
374,Joe,Mcguire,Xlhn-82645,Data processing manager,Fitness centre manager,361.762.6475x222,sonya04@example.com,aU%6Dv*A&p,"Unit 3306 Box 5985
DPO AE 04982",1364599190
375,Laura,Valdez,iiWm-31944,Biomedical scientist,"Optician, dispensing",549-877-2068x879,wardmaria@example.com,@0wa+OZQfQ,"3744 Booth Course Apt. 468
Annamouth, LA 69952",1364258511
376,Karen,Adams,sbkn-49259,Maintenance engineer,"Chemist, analytical",360.729.0854,kathleenyoung@example.com,3YF7m#ezW*,"39903 Weeks Isle
West Courtney, VT 18662",1364057697
377,Jacqueline,Ochoa,qDMf-61390,"Social research officer, government","Research officer, trade union",396.376.3589,kathleenmccormick@example.com,%83IDKeJ&7,"251 Jeffrey Meadow Suite 460
Michaelburgh, WY 78337",1364403810
378,Judy,Thompson,qmeP-74174,Architect,Artist,001-644-997-7797x17669,caitlinleonard@example.org,w1%3LV2cbc,"353 Melissa Square
West Frank, SC 61438",1364459506
379,Robert,Wagner,Aefy-78946,"Engineer, water",Arboriculturist,852.767.0113x740,davisjason@example.net,Z^^0pCGx+N,"441 Mark Road
Markshire, NC 20677",1364873386
380,Antonio,Shelton,BlkG-70221,Data processing manager,"Teacher, secondary school",001-575-769-0550,lisatodd@example.net,$JQVQ_Jz3s,"5869 Aguilar Spurs
Isabelbury, GU 76352",1364312712
381,Stacey,Snyder,euQi-40475,Wellsite geologist,"Development worker, community",001-278-377-8213x08890,jefferyfisher@example.org,5GI6G*w_Q%,"212 Timothy Port
Hayesstad, WA 46555",1364485195
382,Christina,Romero,qEJd-05717,Building surveyor,Production engineer,660.821.3575,mcdanielantonio@example.net,WI!83mNyc!,"4975 Kimberly Port
Port Crystaltown, VA 97315",1364663520
383,Steven,Vega,xJZC-19357,Public affairs consultant,"Scientist, research (medical)",001-220-887-6636,pauldavid@example.org,I&1o7Rtn(b,"71052 Cooke Square
Davismouth, VI 63083",1364701633
384,Crystal,Harris,fWGB-82264,Financial risk analyst,Dispensing optician,001-304-944-8778x307,uanderson@example.net,S8XG_i37)l,"3160 Arnold Spur
Jefferystad, FM 37184",1364361684
385,Zachary,Cook,sxqD-85402,Copy,Warehouse manager,001-720-535-8080x4165,hhernandez@example.net,x*1^IfaJhZ,"PSC 4136, Box 7083
APO AA 78054",1364192213
386,Patricia,Banks,iJmn-70958,Newspaper journalist,Acupuncturist,001-856-269-3332x5817,isoto@example.net,%4vcpE9f@O,"563 Mandy Highway
Vanessashire, LA 59972",1364652740
387,Stacy,Arroyo,NavY-04510,"Engineer, control and instrumentation",Manufacturing engineer,001-634-548-9725x913,zyoung@example.org,F*64(%Ck_e,"Unit 4706 Box 9546
DPO AE 58816",1364123206
388,Amy,Harrison,alsQ-14112,Hydrographic surveyor,Network engineer,463-820-3990x32563,amandaspears@example.com,As^58TBnf%,"6478 Martin Place
West Mark, DE 18064",1364403810
389,Bonnie,Rose,RSUR-28752,Advertising art director,Adult nurse,001-640-269-4624,kevin47@example.com,L3mT2Y@o!#,"059 Castro Circles Apt. 249
Jamesport, MI 50568",1364728682
390,Kenneth,Colon,qdfB-88320,Transport planner,Sports coach,742.344.6282x79958,brobinson@example.org,R$q0MI0xA5,"66790 Estes Falls
Smithmouth, CT 53143",1364867790
391,Beth,Mcknight,mdwI-43948,Arts administrator,Diplomatic Services operational officer,713-212-3041x33124,leslienelson@example.org,omDO0A^ho),"44767 Mikayla Path Apt. 930
Phillipland, WY 07349",1364647913
392,Stephanie,Atkins,oHTk-29814,"Research officer, political party",Data scientist,525.319.4776x8142,nicole86@example.net,eG#0VhBhA(,"217 Jonathan Cape
Louisstad, NJ 26517",1364942661
393,Antonio,Holland,dETz-06833,Publishing copy,Dentist,439-902-7725x9321,jessica93@example.com,!07P!0$d)c,"PSC 5654, Box 1240
APO AP 68244",1364136861
394,Amber,Obrien,luxK-92767,Equities trader,Stage manager,+1-316-649-9483x42064,cbyrd@example.net,o0*BF*nQ$h,"PSC 5701, Box 8395
APO AE 29778",1364873386
395,Tim,Mata,deAB-02070,Civil Service fast streamer,Jewellery designer,(317)415-8833x230,petersdeborah@example.com,_gTWV0nJn2,"0664 Jones Village Apt. 217
Port Stephanie, NM 70217",1364106517
396,Brian,Mcguire,apva-63276,Commercial horticulturist,Technical brewer,960-766-3354,johnreyes@example.com,&HefEBTm7p,"9215 Edwards Branch
North Sharonside, IN 35243",1364072353
397,George,Evans,xwyR-35980,Fine artist,Nutritional therapist,(283)478-0287x0865,evanslori@example.org,Xj2x)1Mhr(,"USNS Mccarthy
FPO AE 77220",1364614039
398,Jeffrey,Bauer,Dsag-07841,Claims inspector/assessor,Glass blower/designer,3064519573,jacqueline21@example.org,gB5DsPx!&m,"28075 Ortiz Camp Apt. 723
Frenchbury, AS 18453",1364870175
399,Jeanne,Sharp,LAYJ-75023,Trade mark attorney,Occupational hygienist,001-448-406-4119x71768,ianstokes@example.com,*4SBcZ#ycG,"61618 Webb Burgs
Amandabury, HI 60758",1364046715
400,Karen,Mccarthy,dBvd-66191,Hydrogeologist,Environmental consultant,001-628-564-4238x8731,xcastillo@example.org,19xOiqBU_4,"0231 Lewis Village Suite 837
West Cheryltown, WY 80129",1364264493
401,Frank,Jones,EXln-34065,"Teacher, secondary school","Therapist, drama",(990)857-5522,lisa70@example.com,#x4xQVkx_1,"235 April Estates
South Lindaland, UT 47300",1364420894
402,Joanne,Jones,Gbhw-86142,"Producer, television/film/video",Heritage manager,001-720-596-3768x95386,villegasjulie@example.com,i_5Qlu0S_h,"PSC 7557, Box 4920
APO AE 85581",1364599190
403,Christopher,Garza,jmYV-41969,"Engineer, aeronautical",Logistics and distribution manager,+1-761-263-4693x5560,russellmack@example.com,d6Xatqq^_N,"4063 White Cliffs Apt. 902
Hallland, IN 32903",1364019952
404,Shelby,Marks,vVIF-05922,Comptroller,Insurance claims handler,4844987544,samanthaaguirre@example.org,h0HB)d5x#R,"01176 John Highway Apt. 685
South Angelaton, NC 10853",1364148663
405,Janet,Williams,ErXC-66185,Adult guidance worker,Transport planner,(491)247-2301x46183,chambersjake@example.net,xI0LmAOu**,"83903 Reynolds Corner Suite 558
Davidchester, CA 44818",1364376065
406,Mary,Howe,XCAG-36300,Equities trader,Outdoor activities/education manager,259.539.3700x3947,brittany18@example.org,Y+#2AGBrIo,"61590 Nicholas Passage Suite 984
Larsonton, DE 60620",1364790905
407,Aaron,Terry,jHhb-41080,Tax adviser,Archaeologist,629.317.2923,paul87@example.net,l0IEVX1u$j,"8162 Tanner Park
South Andreatown, WA 54044",1364567639
408,Samuel,Newton,sxQC-81385,Sports therapist,IT trainer,(654)945-3290x045,jonescarol@example.net,@05ETiDpe5,"6831 Johnson Lock
Lake Joel, NJ 72127",1364538524
409,Ashley,Austin,LUvc-94180,Logistics and distribution manager,Call centre manager,(543)319-8731x619,websterlogan@example.net,U!1ZYd*_$y,"5732 Rollins Meadows Apt. 266
Anthonyside, NV 54859",1364428326
410,Patrick,Davis,CHJj-01409,Barrister's clerk,Accounting technician,(633)844-9291,panderson@example.net,2ur8Ylwv$q,"089 Barbara Cove
Port Robert, MP 47140",1364459506
411,David,Gonzales,ciiy-88353,Video editor,Warehouse manager,+1-951-713-8221x671,pstanley@example.com,N)@oK8Chrv,"9984 Robert Hills
North Billy, CT 53864",1364980803
412,William,Savage,vZkQ-83282,"Surveyor, rural practice",Surgeon,(972)628-9439x47390,santosmichael@example.com,r7RBUvC6_m,"132 Catherine Plains Suite 750
New Stevenhaven, AZ 46410",1364996387
413,Christopher,Bell,gikT-91117,Event organiser,Barrister's clerk,(498)837-6524,nmiller@example.org,!kamvU#pz9,"78023 Ronald Fall
North Guyhaven, PR 15618",1364432238
414,Joseph,Holt,CaQi-06015,"Surveyor, hydrographic",Human resources officer,564.928.1723x7346,aaron78@example.net,B*0wnW9h+n,"97121 Daniels Corner Apt. 532
Jacksonmouth, SD 91291",1364586053
415,Pedro,Cline,WWTj-73035,Recycling officer,Magazine journalist,598-633-6760,moorebeth@example.net,0$Il2P(ovi,"291 Jenkins Field Apt. 447
Ianmouth, WA 75803",1364412693
416,Isabella,Lee,TLss-11937,Marketing executive,Chiropodist,473.354.0781,njennings@example.org,&08CraIpZg,"87338 Jennifer Rue
Andersontown, OR 06628",1364321545
417,Sandra,Hayes,DvFB-83963,Financial planner,"Clinical scientist, histocompatibility and immunogenetics",+1-619-354-6035x631,richardsonmaria@example.net,W7PuFB1t)r,"43985 Dunlap Road
East Denisetown, WA 44043",1364420866
418,Amanda,Jones,rrjE-65933,Advice worker,Clinical psychologist,267.852.7776,longjeff@example.com,u0N8YUio$*,"8871 Carlos Glen
Lake Maria, NH 06704",1364424557
419,Brian,Duncan,isdN-28090,Restaurant manager,Materials engineer,3265751895,xdoyle@example.com,Gn7FTw3f6^,"91283 Dorothy Bypass
Lake Justinborough, ND 32630",1364597116
420,Chad,Barber,zHmN-68427,Accounting technician,"Librarian, academic",+1-675-982-2143x953,bookerstephanie@example.org,dU3sWIJk^!,"9528 Alicia Rapid Apt. 684
New Williamhaven, ID 88010",1364759228
421,Jeremy,Smith,MQxj-66559,"Nurse, children's","Presenter, broadcasting",(320)420-5629,ygreen@example.net,)MwQ9zEs^3,"2831 Ortiz Inlet
Muellerland, CO 03404",1364976274
422,Michelle,Petersen,JAkg-23275,Trade union research officer,"Horticulturist, amenity",(699)268-0938x6621,eruiz@example.com,c3C5aw#7#d,"12390 Cook Stream Apt. 706
North Hannah, MH 18222",1364743408
423,Tina,Garrett,ZuNG-36794,Metallurgist,Retail banker,(961)276-2878,iharris@example.com,*kwWhctL+5,"34478 Bailey Fords
Phillipschester, RI 54892",1364098155
424,Kimberly,Nielsen,yNiu-57789,Immigration officer,Actuary,+1-680-257-5533x3296,qsalinas@example.org,nC+^OkjI+9,"1520 Karen Causeway
Elizabethhaven, NE 44902",1364529047
425,James,Smith,BWwE-63498,Chartered accountant,TEFL teacher,+1-987-770-7869x98330,tiffanydonovan@example.org,#2Zz+#9k7V,"61059 Hayes Prairie Suite 437
Mcleanville, NH 66947",1364854218
426,Ronald,Rogers,PHBE-48881,Holiday representative,"Runner, broadcasting/film/video",853-638-0106,karenjensen@example.com,_BR((sdq+5,"675 Kayla Trafficway Apt. 747
East Justinfort, CO 50286",1364701633
427,Evelyn,Coleman,oJjw-79366,Facilities manager,"Physicist, medical",274.595.9036x06715,charles53@example.org,s4T*W0sD$Q,"4831 Rebecca Corner
Port William, IL 82924",1364997839
428,Samantha,Brewer,xGfD-32472,Research scientist (maths),Medical physicist,887.875.9621x89351,colejohn@example.com,YxRRgXSP&5,"7184 Brian Crescent
West Christopher, CA 86178",1364662944
429,Richard,Shea,hAwI-12026,Housing manager/officer,"Scientist, research (physical sciences)",(983)512-4296,thomas98@example.net,roGXMDSn_0,"874 Tiffany Hill
North Amber, MT 20895",1364000152
430,Jasmin,Wright,slgh-30670,Theatre manager,Financial planner,001-695-331-0922,angela63@example.com,Z8pJvU0r(_,"6693 Derrick Radial Suite 964
Craigtown, MN 46119",1364020796
431,Bonnie,Oconnor,CFuF-51671,Site engineer,Film/video editor,(438)597-4731x622,kingamber@example.org,0#8TQ+guP@,"28759 Sanchez Court
Port Morganchester, WA 50338",1364180869
432,William,Rogers,tOZF-56659,"Psychotherapist, dance movement",Geophysicist/field seismologist,760-552-3093,kyleortiz@example.org,@m6n&Fq#f8,"648 Anne Key
Port Cynthia, MA 09475",1364461971
433,Jason,May,YgtN-35963,"Pharmacist, hospital",Geophysicist/field seismologist,(799)233-0670x7933,fpark@example.org,JP8@J1Rnrr,"553 White Via Apt. 215
North Michelleport, MN 73847",1364000970
434,Jason,Bates,Anlh-85515,Hydrologist,Radio broadcast assistant,001-398-913-1146x67290,joseph97@example.com,Agj9eQnu%8,"USNV Romero
FPO AA 48631",1364934865
435,Michael,Mcdaniel,sYyf-90803,Public house manager,Tour manager,(294)901-6773x55070,lperez@example.net,5$1K!3fW_a,"17560 Scott Fort
Heatherville, WY 27260",1364928073
436,Phyllis,Larson,dgHv-80352,Equality and diversity officer,Therapeutic radiographer,(954)519-3386x98186,thart@example.org,i@3D!gQ3ly,"5944 Matthews Squares
Bettychester, PR 47068",1364932128
437,Christine,Ruiz,zlrX-12798,Building services engineer,Software engineer,+1-284-676-0906x2232,thomasjennifer@example.net,%91wMYxb#2,"0680 Nash Groves
East Craig, NJ 71526",1364033031
438,Thomas,Horton,KzUX-51367,Warehouse manager,Chief Technology Officer,563.240.9339,shawnblackwell@example.org,PkTpiXvN$8,"0309 Michael Expressway Apt. 282
Port Jon, MA 67506",1364023865
439,Paula,Johnson,ayHx-24501,Secondary school teacher,Chartered public finance accountant,+1-614-212-4521x1899,lisa58@example.com,5qG1*2nw)A,"PSC 9196, Box 9123
APO AE 99709",1364554896
440,Patricia,Bradford,UWlT-16025,"Designer, jewellery","Merchandiser, retail",+1-617-809-3354x668,jackwatson@example.org,AJS9LKiD*E,"631 Johnson Manors Apt. 471
New Gregoryville, WA 56095",1364186788
441,Corey,Moore,IlzD-98009,Network engineer,Data scientist,246.756.8581x49028,walter09@example.com,768HTp$n%S,"7085 Miranda Fords Apt. 427
New Brandon, KS 66159",1364710033
442,Kelsey,Hill,tZzp-73478,Clinical molecular geneticist,Chartered certified accountant,+1-414-239-8905x7674,thomas70@example.org,ELt9aP9t*!,"Unit 2775 Box 5857
DPO AA 20470",1364532780
443,Grant,James,apIl-42911,Database administrator,Science writer,+1-638-992-5258,amyhuang@example.org,7LnFPRzZ(Y,"62265 Cantrell Road Apt. 491
Port Jessicamouth, PA 22402",1364240166
444,Scott,Hernandez,BZLH-06617,"Conservator, furniture","Engineer, chemical",473-568-0988x61348,zwilliams@example.net,)6k^vH3q#F,"19951 John Mews
North Camerontown, MP 71247",1364982101
445,Valerie,Booth,XJfD-27794,"Restaurant manager, fast food",Best boy,839-503-0543x570,eroach@example.org,5S1MOJpO)9,"229 Raven Village Suite 357
West Danielhaven, GU 69154",1364026409
446,Richard,Espinoza,iNLq-44633,Biomedical scientist,Passenger transport manager,588.954.3287x121,michaelabennett@example.org,@14VyLF)_h,"904 Rachael Junctions
North Devin, ID 78454",1364790492
447,Alexander,Carter,MTGs-25736,"Engineer, land",Art gallery manager,(533)629-1554x9052,tayloramanda@example.org,M$0UqvkOjm,"174 Coleman Points Suite 509
Underwoodtown, MO 59691",1364383489
448,Peter,Burns,OWsW-45286,Further education lecturer,Communications engineer,+1-808-985-5102x606,jle@example.net,&@Q0&TxcEH,"988 Kimberly Green Apt. 100
Jamesburgh, TN 13365",1364486333
449,Jessica,Edwards,RkGz-16800,Equality and diversity officer,"Teacher, early years/pre",+1-746-566-5788x2860,carolyndorsey@example.org,*6v_A+PcHT,"029 James Spring
Pattonton, LA 36986",1364947262
450,Angela,Williams,GuFY-36482,Land/geomatics surveyor,Herbalist,679-359-8911x90302,vkelly@example.org,BGed6$Ss)h,"163 Henderson Mission
Chenton, UT 56727",1364486333
451,Emily,Tucker,EdPe-54270,"Conservator, furniture",Equality and diversity officer,362-757-6345x539,kaitlinvasquez@example.org,_1BORVp0u6,"240 David Ford
Beckyview, MA 80165",1364801554
452,Jonathan,Adams,SYyE-75411,Recruitment consultant,Materials engineer,+1-228-246-9902,kathleenflores@example.net,v#2uCxfum+,"32958 Kyle Divide
West Tonyburgh, AS 73018",1364175828
453,Steven,Jackson,BJSN-90363,Telecommunications researcher,Armed forces training and education officer,+1-845-412-0068x93131,jamesdorsey@example.org,(5_L3Mz5+x,"8597 Newman Forges
Stacymouth, AL 94823",1364240166
454,Richard,Mann,efUz-79765,"Nurse, adult",Production manager,600.222.6870x2435,johnstommy@example.net,+pWr9T9gK0,"06946 Lisa Station Suite 482
Manuelstad, TN 81702",1364370088
455,Nicole,Foster,WGyr-36223,Financial planner,Immigration officer,001-860-764-3396x24530,nicolecampbell@example.com,!v00IVplf+,"969 King Inlet Suite 753
Allenton, UT 28484",1364710224
456,Tina,Nelson,CYMa-00085,"Surveyor, hydrographic","Accountant, chartered public finance",+1-551-722-6965x4863,whiteannette@example.com,5nDRXpd9_Y,"646 Ryan Motorway
Simsside, LA 42231",1364717218
457,Connor,Perez,kONQ-21722,"Psychologist, prison and probation services",Commercial horticulturist,665.385.9943x95852,timothy41@example.com,EAODPOub_6,"55584 Michelle Unions Apt. 641
South Cindyhaven, MN 69147",1364387900
458,David,Gilmore,nHjm-98763,"Investment banker, operational",Clinical psychologist,708-746-4489x38588,stokeskathryn@example.com,Oa72C!Qev%,"4447 Carolyn Roads
Kennedyborough, LA 70499",1364529047
459,Alicia,Ruiz,xMDd-99248,Ranger/warden,Curator,+1-608-701-8181x7392,umosley@example.net,u0%Nc3Pc_2,"214 Olsen Rapids
East Roberta, MD 17142",1364413748
460,Brad,Day,qeaB-89495,Museum/gallery curator,Gaffer,001-823-804-0099x38284,utaylor@example.com,jNx9Uk&fX_,"76725 Brown Avenue Apt. 191
North Michael, SC 98428",1364700294
461,Carol,Newman,ljRo-28603,Engineering geologist,Product manager,+1-413-580-0994x09066,brittany75@example.com,p27DSbRo*2,"Unit 6756 Box 9825
DPO AP 32850",1364828948
462,Patrick,Adams,pfoy-07167,Metallurgist,Clinical biochemist,862-246-8954,barnettluis@example.net,+FfN1TntV7,"749 Baker Common
Greenland, WV 32506",1364001665
463,Kevin,Harris,WBbz-92773,"Loss adjuster, chartered",Product manager,895.737.8089,matthew19@example.org,$I59S_KfWG,"9292 Richard Views
New Thomasstad, MT 43597",1364461163
464,Timothy,Mitchell,JVxY-28417,Metallurgist,Police officer,(919)585-3711,oliverashley@example.com,(_8eMPbm_O,"474 Amber Mews
Port Reginahaven, MO 34345",1364936018
465,Cathy,Mendoza,pkjL-36800,Structural engineer,"Buyer, retail",345-866-1738,gabrielaarias@example.com,39H(pOPi(Z,"0391 Smith Crossroad
Harrishaven, LA 02285",1364496739
466,Danielle,Stephens,Aufi-32704,Film/video editor,Brewing technologist,+1-806-936-6727x179,cory11@example.net,9__2#RLnQw,"85969 Ferguson Road
Cathytown, NH 84465",1364809710
467,Gloria,Carter,Elxz-02195,"Investment banker, corporate",Clinical cytogeneticist,(433)832-1954x078,charlespierce@example.org,+ogDKZnD$3,"09144 Martinez Divide
Port Kyleville, LA 52624",1364819342
468,Sheri,Hernandez,cyxF-21537,"Teacher, adult education",Environmental manager,277.708.3902x60698,golson@example.net,ts@!6zJn2r,"40394 Jamie Cliff
New Nicholas, MN 99665",1364000864
469,Adrian,Hicks,IGdi-45182,Minerals surveyor,"Producer, radio",330.992.3979x83536,katherinestevens@example.com,)9E2#@epTl,"871 Lee Center Apt. 237
Port Briantown, NM 58100",1364226344
470,Michael,Brown,cAWf-72122,Patent attorney,General practice doctor,(921)764-0418,kenneth95@example.com,&0Tuhh6sO@,"51625 Miller Parks
Hurstbury, MN 92028",1364111149
471,Kristen,Charles,IYeq-66375,"Programmer, multimedia",Learning mentor,767.794.7385x221,kaneeric@example.org,oP%2S4%u8$,"4231 William Plains
South Glen, HI 36468",1364432238
472,Danielle,Guerra,auUV-81285,Chief Executive Officer,Arts administrator,812.988.3018x699,willismatthew@example.org,_4RnCBi$wZ,"159 Morgan Square Apt. 255
Carmenhaven, CO 61807",1364656518
473,Kelly,Freeman,EeDm-59675,"Scientist, research (life sciences)","Development worker, international aid",(962)221-7938,traci15@example.com,Q!6O5xxOz^,"47974 Edwards Greens Apt. 432
Griffithborough, MS 04268",1364486333
474,Paula,Sims,rvUX-52755,Management consultant,"Engineer, production",890.597.3951x472,zscott@example.com,UU3$Tfm*_K,"60691 Curtis Wells Suite 444
Port Rhondaport, HI 41782",1364136861
475,Breanna,Greene,SFzG-41908,Visual merchandiser,"Biochemist, clinical",2813086662,alexis68@example.net,&UmC4h)p!0,"064 Henry Estates Apt. 599
Millerview, SC 27221",1364854942
476,Heidi,Kerr,GulX-48264,Firefighter,Agricultural consultant,001-905-757-8647x98545,kathleenbender@example.net,jSywG6Za!Z,"262 Carla Mountains Suite 763
Lake Paige, LA 35160",1364143684
477,Pamela,Howard,zFXo-68971,Data processing manager,"Therapist, sports",(356)498-0102,holly46@example.com,Y^DhE2zzuM,"230 Hardy Hill Apt. 712
Lake Margaretmouth, WV 88643",1364177562
478,Paul,Zamora,QFba-15086,Field seismologist,"Engineer, mining",512.377.1520x941,heidi76@example.org,&3SvAdXR(3,"87772 Barnes Stravenue Suite 788
Jonathanside, NH 00847",1364328098
479,Teresa,Ramirez,EtiK-54897,Computer games developer,Teaching laboratory technician,+1-561-427-1300x21649,tammypineda@example.org,hb7G1KOz0@,"804 Barry Land Suite 583
Lake Richard, PA 78822",1364476070
480,Andres,Mcbride,ORJB-35294,"Teacher, English as a foreign language","Geneticist, molecular",(854)257-1954,hansenbryce@example.com,LYWOZCDb$7,"USNS Johnson
FPO AP 96555",1364398113
481,Gregory,Long,aOPA-99954,Medical physicist,"Surveyor, land/geomatics",+1-310-432-8692x1823,vcarpenter@example.net,^@v71KDbcY,"Unit 4354 Box 8110
DPO AP 20275",1364830111
482,Carlos,Bates,Mkqn-70749,"Administrator, local government",Chartered management accountant,+1-239-269-9134,andrea01@example.org,7D1B1P8b!s,"22788 Steven Ville
Suemouth, DE 79305",1364532780
483,Steven,Johnson,MQqa-17289,Advertising art director,Geophysical data processor,698-400-3117x15401,mperez@example.com,&3Lm2neggR,"85535 Fox Mall Apt. 771
Simmonsland, CA 32524",1364830111
484,William,Smith,QkHC-41832,Radio broadcast assistant,"Programmer, multimedia",829.472.9408,antoniohobbs@example.com,!C5vgGWhdH,"33167 Tracy Manor Apt. 160
North James, ID 79153",1364052913
485,Ryan,Webb,Ncoi-28236,Outdoor activities/education manager,Naval architect,486-374-0351x831,vegapatrick@example.com,s9dVjYs2#B,"PSC 6183, Box 8550
APO AA 52164",1364461971
486,Oscar,Hines,KGyb-95067,Toxicologist,Health and safety adviser,773-623-7168x52113,munozdavid@example.net,N08ZCu^mO),"Unit 4801 Box 7517
DPO AP 06312",1364891653
487,Michael,Dawson,TFAs-78794,"Designer, fashion/clothing",Customer service manager,410-446-2706x81099,hannahherrera@example.com,!62LcKnTrT,"5236 Miguel Club Suite 733
Garnerstad, IL 46258",1364295244
488,Matthew,Andrews,psCs-75365,Waste management officer,Information systems manager,+1-841-986-5029,tinaarellano@example.com,u@&XM9KnGI,"0824 Brian Bypass
Williamburgh, MS 75519",1364867790
489,Anthony,Cook,HsmF-22098,Mental health nurse,"Surveyor, planning and development",(944)788-4448x12098,heatherthomas@example.org,U&35xpZX%e,"926 Samuel Groves
North Williamport, DC 26115",1364719159
490,Edward,Castillo,EBpb-36283,Chief Technology Officer,Chief Financial Officer,946-675-5262x544,lblake@example.net,731Gmom0_i,"5466 Young Avenue Suite 300
East Anachester, NV 12238",1364748225
491,James,Patterson,JEks-63816,Careers information officer,Seismic interpreter,(469)712-6874,qgonzalez@example.com,e2q7oBMru_,"557 Lynn Pines
Craigport, AS 94436",1364947262
492,Julian,Coleman,DgAo-59754,Barrister,Community development worker,001-464-293-1997x62851,davidfoster@example.com,__9cNcioWW,"1621 Sarah Views
East Lisa, NJ 27912",1364382725
493,Jack,Davis,SNSO-15779,Private music teacher,"Engineer, civil (consulting)",3246170761,stephanielopez@example.com,ot0HWxYsC+,"1736 Erik Crest Apt. 377
North Amberstad, UT 70906",1364881808
494,Rachel,Mejia,YvCn-07212,Location manager,Risk analyst,+1-813-655-7627x60462,danrobinson@example.net,ciU4Og9fg$,"2914 Shirley Point
Lake Heather, CO 69163",1364864435
495,Andrew,Brewer,KsNz-69266,Prison officer,Banker,001-531-548-7359x244,jonesmichael@example.com,9SW5jswf%j,"308 Michelle Park Suite 416
North Ana, ME 12223",1364942661
496,Brianna,Hart,kMZp-23464,"Doctor, hospital",Public relations account executive,559-426-2087,fryan@example.com,W3WTp7Fe#p,"113 Mark Motorway Apt. 008
Lunahaven, PA 29323",1364616917
497,Melissa,Thomas,ZVCK-10507,Physiotherapist,Chartered management accountant,6863702507,dgray@example.com,*Zq(0Jvy$w,"4535 Zachary Avenue
South Tiffany, MT 47372",1364816027
498,Michelle,Miller,tgWl-38488,"Therapist, art","Scientist, research (life sciences)",+1-575-362-1302,webbrichard@example.net,_5*^K4JYhn,"453 Fisher Isle Apt. 727
Port Kelly, AZ 60404",1364199475
499,Hannah,Hays,FqTz-50075,Police officer,Mechanical engineer,001-450-203-4012x79075,kathleen82@example.org,*a@0$I%v3d,"PSC 7534, Box 7751
APO AE 78397",1364126275
500,Brian,Li,jOUx-37710,Electronics engineer,Clinical psychologist,774.352.2322,felliott@example.org,_EiXNv^aK2,"12153 Andrea Highway
Lake Eric, GA 94652",1364819342
