id,charity_id,first_name,last_name,national_id,birthdate,sex
1,1,Angelica,Johnston,9608023994,1937-02-26,male
2,1,Jesse,Moses,5954450371,1999-05-01,male
3,1,Richard,Aguilar,0064230133,1942-12-05,female
4,1,Heather,White,4453864946,2014-09-18,female
5,1,Sherry,Williams,2931225269,2003-12-30,male
6,1,Melody,Rogers,2846379240,1958-04-01,male
7,1,Alexander,West,5636928760,1945-02-17,female
8,1,Connie,Morales,3493844822,1947-07-29,male
9,1,Henry,Larson,7392875558,1936-03-15,female
10,1,Mary,Li,0639657361,1954-10-18,male
11,1,Gary,Smith,6285413745,1989-07-12,male
12,1,Justin,Fritz,2609927767,1937-12-21,female
13,1,Adam,Mcbride,3871627134,2006-02-02,female
14,1,Zachary,Arnold,6132003300,1967-06-17,female
15,1,Nicholas,Ruiz,7528990266,1959-06-27,female
16,1,Nicole,Lara,4572738871,1984-06-18,female
17,1,Tyler,Hunt,2204297712,1996-06-13,female
18,1,Russell,Howard,2552922825,1936-06-13,male
19,1,Alyssa,Parsons,2540003387,1960-05-13,female
20,1,Jesse,Palmer,9572559602,1994-03-20,male
21,1,Marcia,Francis,1225387134,1935-11-13,male
22,1,Andrew,Rogers,2749657412,2000-02-23,male
23,1,Madeline,Melton,5595135391,1934-02-08,female
24,1,Carol,Dougherty,5180647209,2015-02-19,female
25,1,Grant,Moreno,7259582176,1980-12-22,male
26,1,Jamie,Gomez,4951421856,1977-09-26,female
27,1,Theresa,White,7832687717,2020-04-26,male
28,1,Traci,Keith,5140588968,1967-12-21,male
29,1,Joseph,Christian,3449801277,1969-11-21,female
30,1,Matthew,Mitchell,1149931476,1991-06-24,male
31,1,Amanda,Yoder,4635070429,2019-05-25,male
32,1,Christina,Wood,2038044710,2011-03-14,female
33,1,Thomas,Lee,8095986021,1955-08-25,female
34,1,Corey,Kelly,0211666315,1975-03-19,female
35,1,Raven,Cook,4631413432,1990-11-20,female
36,1,Kathryn,Lee,0121701349,1955-09-25,male
37,1,Kimberly,Harris,1453119960,1989-04-28,female
38,1,Jeanne,Martinez,2029626143,2013-02-13,female
39,1,Renee,Rowe,7614786736,2012-12-30,male
40,1,Erin,Richardson,4681719588,2005-05-29,female
41,1,Joseph,Davis,8585974542,1969-12-28,male
42,1,Heather,Ortiz,1634021657,1950-01-24,female
43,1,Susan,Hammond,1771237344,1946-07-28,male
44,2,Michael,Houston,1253614767,1988-04-04,male
45,2,Carrie,Fox,1287681537,1969-11-10,male
46,2,Betty,Smith,7235331496,1953-03-08,female
47,2,Robert,Barron,2411563186,2004-11-15,female
48,2,Justin,Fuller,1061764161,1989-06-06,male
49,2,Steven,Wright,5081741888,2002-07-25,male
50,2,Sarah,Alvarado,6749369753,1979-08-16,female
51,2,Maurice,Alvarez,5454540446,1934-04-04,male
52,2,Erik,Houston,0848203168,2013-03-11,female
53,2,Jo,Murphy,2920933288,1944-10-21,male
54,2,Molly,Shepherd,2380584869,1945-05-06,female
55,2,Kimberly,Walker,6182284124,1995-09-20,male
56,2,Theresa,West,9093642859,1961-01-13,male
57,2,Gary,Yang,0461708908,1969-08-30,male
58,2,Jennifer,Burton,5894317927,1973-01-22,male
59,2,Barbara,Ward,7502191417,1951-05-07,male
60,2,Deborah,Harris,3471033748,1962-08-17,male
61,2,Regina,Fuentes,6030150307,1991-10-31,female
62,2,Alejandra,Torres,4918421517,1938-08-30,male
63,2,David,Thomas,5346250236,1996-07-31,male
64,2,Jeffrey,Edwards,3861544633,1967-06-09,male
65,2,Gregory,Braun,0657397856,2016-12-29,female
66,2,Sheila,Thompson,9430325761,1968-12-23,male
67,2,Christine,Fisher,0985504017,1944-02-08,male
68,2,Anne,Copeland,0490666586,1949-05-08,female
69,2,Jennifer,Burns,1035343767,2007-07-10,female
70,2,Victoria,Campbell,4266148435,1956-05-03,female
71,2,Donna,Gibson,0948915187,1942-01-27,male
72,2,Mark,Santos,5745365584,1980-05-11,female
73,2,Garrett,Smith,4348058339,1972-08-10,male
74,2,Chase,Rivas,8145390793,1951-02-04,male
75,2,Pamela,Wilkerson,0710028419,2008-12-26,male
76,2,Jody,Cole,4278256645,1987-05-27,male
77,2,Kevin,Robertson,2319356330,1939-01-17,male
78,2,Charlotte,Skinner,3955310476,1999-04-28,female
79,2,Gary,Ward,7256333813,2003-03-28,male
80,2,Marcus,Boone,8256794228,2009-05-24,female
81,2,Jennifer,Diaz,9946092662,1991-07-19,male
82,2,Patricia,Horn,7098053298,1976-11-05,male
83,2,Robert,Garcia,0381310546,1940-12-28,female
84,2,Alison,Weaver,4707850126,2010-11-01,male
85,2,Emily,Wagner,6456325263,1961-05-27,female
86,2,Heidi,Taylor,3557532456,1993-10-11,male
87,2,Deborah,Hale,3338049719,1966-02-06,male
88,2,Cindy,Bates,2728602011,2022-04-10,male
89,2,Julie,Mitchell,4841445787,1942-11-24,female
90,3,Garrett,Graham,9990590504,1986-07-17,female
91,3,Jessica,Pearson,9641296296,1977-10-17,male
92,3,Kathleen,Howard,9447310571,1984-02-04,male
93,3,Catherine,King,2196173834,1999-12-19,female
94,3,Adrienne,Martin,5415651534,1951-01-13,male
95,3,Laura,Contreras,6333807613,2002-07-13,female
96,3,Andrew,Cole,0004601763,1944-07-14,female
97,3,Tony,Bond,0529433373,2006-04-14,male
98,3,Angela,Jackson,3262117442,1956-04-05,female
99,3,Jessica,Anderson,6715717106,2015-08-01,female
100,3,Colton,Jones,2104227461,1956-05-05,male
101,3,Patrick,Villegas,8367323278,1953-01-26,male
102,4,Nicholas,Delgado,0061585568,1995-11-25,male
103,4,Harold,Barrera,0214168817,1986-02-07,female
104,4,Laura,Valenzuela,0517523251,1986-11-23,female
105,4,Connie,Taylor,9679452792,1996-02-28,female
106,4,Christine,Arellano,3952910652,1983-10-29,female
107,4,Garrett,Jones,8004799247,1987-03-19,female
108,4,Christy,Johnson,3735712528,2023-11-27,male
109,4,James,Adams,3887229958,2000-05-31,male
110,4,Jessica,King,9363053622,1973-01-04,male
111,4,Cheyenne,Gonzales,3315345927,1979-05-31,female
112,4,Janice,Short,8228600816,1945-09-20,female
113,4,Joseph,Delgado,4091261513,1973-04-27,female
114,4,Michelle,Burke,8928626181,2011-01-30,male
115,4,Shannon,Bradley,9084913580,1979-07-03,female
116,4,Jared,Wood,8642229707,1939-02-17,male
117,4,Joseph,Stanley,9787278536,1953-03-15,female
118,4,Jasmine,Dean,1985790399,2000-11-02,male
119,4,Andrea,Hernandez,9921826538,1959-07-13,male
120,4,Valerie,Ford,5609774498,1951-11-01,male
121,4,Chad,Reynolds,7704547404,1965-04-23,male
122,4,Matthew,Baker,7488654133,1955-07-15,male
123,4,Roger,Martinez,0490645898,2004-07-10,male
124,4,Kimberly,Riley,6315830275,1938-06-11,male
125,4,Gregory,Bird,9135440706,1952-12-13,female
126,4,Chloe,Walker,7052431585,1993-05-18,male
127,4,Christopher,Wiggins,2627028945,1958-10-09,male
128,4,Craig,Holt,9665683392,1948-08-07,female
129,4,Jill,Mckenzie,9368724848,1943-08-26,female
130,4,Lisa,Jones,4153949003,2006-02-08,female
131,4,Nathan,Jones,0977860932,1991-10-27,male
132,4,James,Solis,8989470619,1948-06-11,male
133,4,Paul,Gomez,7546671145,2011-09-16,male
134,4,Monique,Ryan,8971819472,2020-12-04,male
135,4,Austin,Lee,0291872139,2017-09-15,male
136,4,Tiffany,Walton,2345316063,1970-09-27,female
137,5,Jimmy,Morgan,5431192712,1951-06-20,female
138,5,David,Jordan,7284040185,1976-01-29,male
139,5,Johnathan,Perez,4680727268,1963-08-07,female
140,5,Nicole,Brown,4107364035,1953-10-19,female
141,5,Richard,Turner,4401463680,1967-12-31,female
142,5,Danny,Trevino,5050099953,1988-07-04,female
143,5,Kimberly,Maxwell,1824121699,1983-03-06,female
144,5,Susan,Carroll,4504764760,1947-03-26,male
145,5,Ruth,Smith,5452463181,2017-08-29,female
146,5,Jeremy,Palmer,5023858902,1938-07-14,male
147,6,Breanna,Alexander,2829909741,1971-03-31,male
148,6,Bruce,Deleon,9178058302,2020-01-15,female
149,6,Mary,Scott,1062507888,1998-01-31,male
150,6,Mercedes,Barnes,7905473684,2021-06-28,male
151,6,Jessica,Schmidt,8849564014,1996-11-24,male
152,6,John,Ramirez,5760606809,2016-04-10,female
153,6,Scott,Allen,3499240992,2023-03-11,female
154,6,Judy,Smith,6198041511,2005-10-28,male
155,6,Alex,Miles,8773511685,2011-02-12,female
156,6,David,Chung,3754267394,1996-08-26,male
157,6,Tina,Reynolds,2957953326,1976-03-13,female
158,6,Tracy,Smith,5535149260,1948-10-06,male
159,6,Michael,Moore,9272790366,2014-11-30,male
160,6,Heather,Garcia,8141558322,2023-07-04,female
161,6,Kelly,Faulkner,8999394923,1966-05-24,female
162,6,Beth,Rodriguez,8986390523,1974-05-09,male
163,6,Natalie,Davis,1418768015,1941-06-20,male
164,6,Jason,Walker,0038677711,1997-04-09,male
165,6,Troy,Fisher,7766259113,1977-02-09,female
166,6,Michael,Summers,7693341262,1953-02-25,female
167,6,Shane,Larson,0092096760,1946-05-09,female
168,6,Benjamin,Morse,2672740602,2007-02-14,female
169,6,Joshua,Williams,4058619436,1950-12-30,female
170,6,Sherry,Gross,6641797190,1983-02-22,male
171,7,Kimberly,Hernandez,4613736403,1984-10-03,female
172,7,Charles,Phillips,0358431576,2022-02-25,female
173,7,Dennis,Miller,9647683549,1998-12-07,male
174,7,Jennifer,Richard,2004646798,2001-08-19,male
175,7,William,Brooks,6108303660,1963-10-27,male
176,7,Austin,Guerra,3035952660,1989-11-09,female
177,7,Lisa,Sanders,2180425007,1995-08-04,female
178,7,John,Sharp,6500759776,1988-01-12,female
179,7,Mark,Austin,3524938860,1964-02-22,female
180,7,Maria,Farley,0199650289,1959-01-16,male
181,7,Antonio,Madden,4431727623,1985-05-16,female
182,7,Sharon,Taylor,8110018130,1948-06-02,male
183,7,James,Stephens,7999028037,1955-10-23,male
184,7,Collin,Bauer,6119713788,1967-02-02,male
185,7,Michael,Brooks,7239430421,1942-01-01,female
186,7,Christine,Washington,6068904619,2011-01-29,female
187,7,Monica,Anderson,9312125218,1968-12-15,male
188,7,James,Harris,6021708713,2018-04-06,female
189,7,Patrick,Moreno,7728358435,2017-02-26,female
190,7,James,Hudson,0097251444,1953-06-27,female
191,7,Franklin,Phillips,4630050069,1944-01-31,female
192,7,Tonya,Young,7578418714,2021-04-10,female
193,7,Melissa,Young,7592061320,1989-12-22,male
194,7,Brian,Barry,3963269226,2002-06-01,female
195,7,Jessica,Bell,8766107599,1941-12-09,male
196,7,Emily,Lewis,7536446541,1979-04-05,male
197,8,Joshua,Malone,4561881145,1933-09-06,male
198,8,Jody,Powell,6014603469,2021-08-05,female
199,8,Steven,Fisher,8518344176,2005-02-24,female
200,8,Robert,Cole,3988893292,2017-09-06,female
201,8,Nathan,Anthony,9523221639,1944-10-08,male
202,8,Debbie,Hicks,2192426650,1975-01-14,female
203,8,Eric,Moore,8547425852,2020-06-12,male
204,8,Bryan,Brennan,7586312514,2003-05-01,female
205,8,James,Duke,8078594721,1985-08-12,female
206,8,Jeremy,Evans,7237677704,1946-02-19,male
207,8,Terrence,Gould,7995722403,1991-02-26,female
208,8,Brent,Morgan,8562668812,2010-10-12,female
209,8,Valerie,Coleman,1376143212,2016-07-15,female
210,8,Jared,Ware,4143172472,2017-03-19,male
211,8,Carlos,Russell,6756646223,1940-01-14,male
212,8,Michelle,Stewart,9446248488,2016-03-13,male
213,8,Amanda,Randolph,5391433237,2000-04-30,male
214,8,James,Torres,9400694810,1988-12-21,male
215,8,Patrick,Brown,1820491601,2013-07-23,male
216,8,Deborah,Brown,8715671068,1934-07-25,male
217,8,Brenda,Nash,4847574688,2023-08-27,male
218,8,Rebecca,Weiss,6296799024,1969-02-02,male
219,8,Shannon,Little,2488799353,1937-07-18,female
220,8,Sara,Nelson,5734101757,1973-04-23,male
221,8,Jaime,Bird,3644436304,2011-12-27,male
222,8,Donald,Klein,8975478422,1996-02-07,female
223,8,Martin,Smith,9415215498,2020-12-17,female
224,8,Marvin,Reeves,2437541369,2013-01-07,male
225,8,Lori,Wilson,4470674605,1987-03-23,male
226,8,Melissa,Hall,8050670596,2016-04-03,male
227,8,Samuel,Gutierrez,1252145379,1947-09-02,male
228,9,Julie,Sandoval,6000648950,2011-05-04,male
229,9,Melissa,Barnes,8592190642,1973-12-09,male
230,9,Shane,Lopez,1106838860,2005-03-11,male
231,9,Amy,Norman,6257842746,1961-05-03,male
232,9,Patrick,Perkins,6895289289,1992-03-05,male
233,9,Brittany,Scott,8260668273,2007-10-12,male
234,9,Jill,Christian,6584512564,2013-07-08,female
235,9,Joseph,Barrett,7022805001,2003-08-02,male
236,9,Brandon,Henson,7439527389,1994-11-25,male
237,9,Renee,King,8356150828,1994-02-14,female
238,9,Christopher,Jones,5928362452,1989-12-22,male
239,9,Jodi,Gutierrez,6464178933,2005-01-28,male
240,9,Maurice,Meza,4262883424,1983-11-21,male
241,9,John,Parsons,7840898883,1989-02-18,female
242,9,Nicholas,Reyes,3076016322,1966-07-29,female
243,9,Dawn,Aguilar,1994014988,2017-11-24,female
244,9,Donna,Ortiz,7882745670,1994-04-30,male
245,9,Thomas,Sanchez,5998328613,2015-09-16,male
246,9,Connie,Rogers,5005588801,1968-01-18,female
247,9,Sarah,Mccarty,9142608606,1947-01-30,male
248,9,Brittany,Valdez,7563323725,2009-05-22,female
249,9,Lisa,Sanders,9683774040,1954-07-05,female
250,9,Kurt,Scott,4080001017,1991-08-10,male
251,9,David,Pennington,9083678248,1990-06-14,female
252,9,Laura,Jordan,4491408585,2013-10-27,male
253,9,Kimberly,Ramos,4596759160,1991-11-08,male
254,9,Amy,Hall,3453838946,1999-04-27,female
255,9,Kimberly,Reyes,3273721236,1986-02-17,female
256,9,Maurice,Thomas,3482444137,1967-05-01,female
257,10,James,Benson,6090652360,2021-01-12,male
258,10,John,Jones,0879135353,2018-05-20,female
259,10,Richard,Cameron,0824250553,2013-06-30,male
260,10,Kim,Ramirez,1369063494,2017-12-17,female
261,10,Erik,Zimmerman,1893777731,1982-09-24,male
262,10,Patricia,Jones,8417946543,2018-10-12,male
263,10,Rachel,Marshall,7968977695,2014-09-20,female
264,10,Alisha,Sandoval,2866295090,1985-08-20,male
265,10,Jennifer,Estrada,8284854040,1977-03-10,male
266,10,Donna,Taylor,0778438888,2022-12-14,female
267,10,Adam,Bradley,2038031127,1957-08-19,female
268,10,Jasmine,Williams,0181375271,1993-10-10,female
269,11,Anthony,Bradley,5830400004,2018-06-23,male
270,11,Steven,Woodward,8492445621,2002-09-26,male
271,11,Teresa,Marquez,0436149904,1952-04-22,female
272,11,Rhonda,Collins,1866315877,2007-01-13,male
273,11,Victoria,Obrien,3964692004,2018-08-28,male
274,11,Matthew,Wilson,7539646176,1945-11-30,female
275,11,Anthony,Cortez,5832474375,1947-10-30,male
276,11,Kevin,Thompson,0576565538,1952-04-25,male
277,11,Alyssa,Griffith,8828990282,1936-09-20,male
278,11,Amy,Walker,8052883264,2001-09-04,female
279,11,Willie,Patel,4937013118,1999-09-26,male
280,11,Jay,Hull,3545780092,1990-05-12,female
281,11,Mary,Barnett,9560889612,2011-01-17,female
282,11,Jessica,Smith,5837460453,1983-05-18,female
283,11,Matthew,Holt,8852449695,2014-05-03,male
284,11,Mariah,Herman,6904538730,1949-03-15,male
285,11,Steven,Johnson,7495033726,2004-03-31,male
286,11,Raymond,Cooper,5840713802,1984-11-05,male
287,11,Anne,Myers,1335003169,1937-11-14,male
288,11,Richard,Ramirez,2127501833,1978-01-31,male
289,11,Theresa,Miranda,4326937269,1942-09-28,male
290,11,Lisa,Cox,8534507222,1998-09-26,male
291,11,Mark,Mason,5876410801,1941-10-08,male
292,11,Emily,Jones,3852385549,1983-05-16,female
293,11,Danielle,Robles,0535877918,2011-03-11,male
294,11,Gregory,Smith,4964113620,2008-01-14,female
295,11,Debra,French,3680035692,1956-05-16,female
296,11,Jennifer,Evans,5647847874,1989-03-06,male
297,11,Keith,Mcintyre,6656947192,1979-03-30,male
298,11,Megan,Newman,8050607839,1980-11-28,female
299,11,Melissa,Combs,4579150309,2001-10-13,male
300,11,Taylor,Kerr,3493090020,1950-02-04,female
301,11,Jesse,Wright,6075529713,1969-07-29,female
302,11,Bobby,Macias,4601890734,1962-03-21,male
303,11,Emily,Miller,5564765854,1978-02-18,female
304,11,Jared,Wang,0138797301,1968-01-06,male
305,11,Valerie,Morris,8644870748,1970-06-15,female
306,11,Leon,Waters,6651432807,2009-10-28,female
307,11,Jeffery,Sullivan,3569357529,2007-11-04,female
308,11,Jordan,Curry,7834180702,2011-03-13,male
309,11,Cynthia,Vaughn,1297320726,1938-02-10,female
310,11,Anthony,Harrison,9414903828,1989-02-11,male
311,11,Tiffany,Ware,7427546853,1976-01-31,female
312,11,Michael,Martinez,7722551852,1940-12-08,male
313,11,Dawn,Hughes,0025959659,2004-01-08,female
314,11,Jose,Knight,6578515091,2016-06-27,male
315,11,Lisa,Cochran,0050817331,1992-10-28,male
316,11,Bryan,Alvarez,6933871942,2014-02-23,male
317,11,Robert,Mcdonald,7492976033,2016-06-18,female
318,11,Adam,Clark,3280116483,1972-04-05,male
319,12,Nancy,Garcia,7163380441,1943-11-06,male
320,12,James,Roberts,8871118389,2004-09-26,male
321,12,Christopher,Parrish,7648104158,1938-05-13,male
322,12,Stephen,Stuart,1652786746,1936-11-28,female
323,12,Evan,Ward,3428366844,1999-07-07,female
324,12,Jennifer,Yates,6824482543,1936-08-15,female
325,12,Amy,Jones,3027016712,1938-08-06,male
326,12,Kenneth,Pollard,0972810358,1934-03-11,male
327,12,Elizabeth,Robinson,0814642052,2003-08-31,male
328,12,Katherine,Osborne,5697864362,2023-04-09,female
329,12,Charles,James,6635361694,2003-03-29,male
330,12,Natalie,Green,8791738276,1958-02-20,male
331,12,Robert,Thompson,2387959973,2019-03-09,male
332,12,Renee,Palmer,8151109877,2021-03-30,male
333,12,Monique,Christensen,1149543493,2009-07-29,male
334,12,Sandra,Mcdonald,2536959780,2002-04-03,male
335,12,Patricia,Curry,9327043370,1974-08-24,male
336,12,Michael,Gay,4998438033,1934-11-08,male
337,12,Amber,Mueller,3550556060,1979-04-07,male
338,12,Kenneth,Matthews,2619132413,2020-03-18,male
339,12,Beth,Bullock,8630330986,1954-12-04,female
340,12,Jesus,Miller,2503952165,1992-09-17,male
341,12,Allen,Pittman,9537639910,2021-09-10,female
342,12,Sarah,Gray,5188635005,1996-03-31,female
343,12,Eric,Gibson,3750356467,1967-06-03,female
344,12,Barbara,Johnson,5371227968,1962-02-17,female
345,12,Stephen,Atkins,1110319275,2022-10-22,male
346,13,Stephen,Moon,4198327799,1954-10-03,female
347,13,Brandon,Parks,6469439455,1950-10-28,female
348,13,Kathy,Ramirez,5833195574,2008-04-25,male
349,13,Tara,Wilson,7068951169,1976-10-04,female
350,13,Michael,Price,4707807076,1947-09-24,male
351,13,James,Jenkins,5534093106,1971-03-24,male
352,13,Carol,Gallagher,5531690280,1968-09-01,female
353,13,Daniel,Mann,1518996262,2015-04-03,male
354,13,Jay,Johnson,4967760689,1989-04-12,female
355,13,Daniel,Erickson,5943603537,1965-07-05,male
356,13,Christina,Weaver,2203947061,1985-04-26,male
357,13,Sandra,Taylor,8209001048,1982-04-14,female
358,13,Ann,Howard,8040856772,2005-11-28,male
359,13,Lisa,King,4512162977,1963-08-05,female
360,13,Cameron,Contreras,6745676304,1993-08-17,female
361,13,Sarah,Powell,5080723860,1989-08-30,female
362,13,Erin,Graham,2240029943,2013-07-15,male
363,13,Allen,Morris,0439753790,1979-01-08,male
364,13,Raymond,Torres,1493700933,1971-09-15,male
365,13,Ruben,Garrison,9950405656,1987-02-06,female
366,13,David,Roach,4323963015,1964-02-11,female
367,13,Mark,Barrett,4296948561,1977-10-28,male
368,13,Edwin,Roberts,6059464966,2020-09-18,male
369,13,Darius,Robles,6979748188,1995-02-08,female
370,13,Natalie,Wilson,6816405732,1957-03-22,male
371,13,Michael,Boyle,7667098820,1996-12-25,female
372,13,Tammie,Martinez,5471105533,1945-05-27,female
373,13,Andrew,Rosales,3719346904,2017-11-13,female
374,13,Amber,Clark,6781439938,2022-07-17,male
375,13,Robert,Robles,3811372650,1956-06-03,female
376,13,Ryan,Douglas,2625800292,1946-11-01,female
377,13,Andrea,Stewart,9912668814,1982-07-12,male
378,13,Ashley,Gregory,9084370359,1992-01-12,male
379,13,Matthew,Ford,1030456011,1955-10-02,male
380,13,Cheyenne,Miller,4076331807,1993-07-01,male
381,14,Gregory,Gomez,7615411233,1996-10-23,male
382,14,Kimberly,Smith,9755586935,1994-11-15,male
383,14,Patricia,Harmon,7953709483,1979-10-13,male
384,14,Steve,Wilson,4751320604,1967-05-12,female
385,14,Adrian,Martin,7631191756,2020-11-01,male
386,14,Reginald,Adams,9199895811,2022-06-07,female
387,14,Crystal,Elliott,4150600432,1973-01-05,male
388,14,Jacob,Roy,5393889634,1956-02-19,male
389,14,Karen,Dillon,8136548510,1990-04-15,male
390,14,Gabriel,Medina,7295948628,2008-10-29,male
391,14,Kimberly,Rollins,2720847438,2024-01-16,male
392,14,Sonia,Singh,5404340943,1957-12-02,female
393,14,Jamie,Smith,4776635956,1967-11-03,female
394,14,Jonathan,Smith,8586752232,1967-08-26,male
395,14,Yvette,Santiago,7414090709,1993-07-26,male
396,14,Amber,Ferguson,5162357914,1951-10-01,female
397,14,Sarah,Burnett,2027351905,2023-06-15,female
398,14,Michael,Benton,8054450969,2003-04-07,female
399,14,Annette,Garcia,7408641914,1972-04-30,female
400,14,Joseph,Anderson,1697202141,1983-09-12,male
401,14,Martha,Harvey,5164350565,1959-02-05,male
402,14,David,Smith,1974284441,2005-03-14,male
403,14,Derek,Williams,4789831186,1935-03-01,female
404,14,Marc,Pope,6464270793,1940-12-11,male
405,14,Colleen,Simmons,4858678917,1994-06-05,male
406,14,Thomas,Brandt,4427731411,2000-06-16,male
407,14,James,Evans,2419011854,1954-03-04,male
408,14,Danielle,Freeman,1337999019,1979-10-21,male
409,14,John,Hobbs,9751279876,1943-01-20,male
410,14,Larry,Richardson,0430485138,1969-05-04,male
411,14,Michelle,Ayala,8995184991,1933-08-29,female
412,15,John,Young,6417938623,1989-10-01,male
413,15,Isaac,Black,8277528603,1977-08-16,female
414,15,Steven,Ramsey,1457467045,1949-01-17,male
415,15,Rachel,Daniel,1462929543,2007-05-28,female
416,15,Lauren,Salazar,3413487030,1959-11-01,female
417,15,Benjamin,Brown,5553078278,1961-01-06,male
418,15,Robert,Hull,6112021028,1992-10-29,female
419,15,Jamie,Larson,2269759284,1958-01-03,male
420,15,Michael,Mccullough,1597434111,1966-03-26,female
421,15,Kendra,Sanders,3482654389,1980-03-11,female
422,15,Angela,Richmond,1598205209,2022-08-26,male
423,15,Logan,Smith,9120937350,1941-10-20,male
424,15,Stacy,Ramirez,5322523527,1957-07-31,male
425,15,Joe,Howe,3335986958,1974-05-28,male
426,15,Thomas,Shah,3408600855,2012-08-20,female
427,15,Whitney,Case,8229848417,1993-04-04,male
428,15,Erin,Rogers,7110346118,1942-11-20,female
429,15,Gina,Rogers,3869841132,1952-09-14,male
430,15,Christopher,Callahan,1917402016,1992-02-29,female
431,15,Craig,Simmons,6265369497,1954-02-14,female
432,15,Andrew,Larson,6725581070,1946-05-07,male
433,15,Jessica,Ruiz,5552787589,2000-04-13,male
434,15,Brian,Gibson,4120843613,1950-08-05,female
435,15,Holly,Simmons,9306366266,1938-03-25,female
436,15,Brianna,Greene,3377876035,2006-03-27,male
437,15,Amanda,Collins,7814009210,1953-11-02,female
438,15,Anthony,Cardenas,8838367708,1947-04-17,female
439,15,Joel,Stout,8236239953,1935-11-28,female
440,15,Alan,Bryant,5263987610,1957-03-29,female
441,15,Lindsey,Fischer,1662725898,2016-08-27,female
442,15,Jordan,Carlson,1249525885,1976-12-06,male
443,15,Raymond,Gamble,2363928046,2014-07-05,male
444,15,Michael,Wood,5377111597,1995-06-20,male
445,16,Erika,Riley,9565892960,2014-12-07,female
446,16,Katelyn,Sanchez,5373964776,2010-02-10,male
447,16,Julie,Green,8429406449,1993-09-23,male
448,16,Brian,Foster,8670309972,1975-02-21,female
449,16,Maureen,Graves,6346695282,1983-08-10,female
450,16,John,Rodriguez,4963718351,2015-05-28,male
451,16,Katherine,Lowery,7744482465,2011-01-10,male
452,16,Ryan,Lewis,1351342599,1947-06-29,female
453,16,Manuel,Castro,1300061089,2015-09-11,male
454,16,Robert,Chavez,0656634395,2006-11-17,female
455,16,Cindy,Johnson,9704818158,1962-10-21,male
456,16,Martin,Rowe,0848836372,1987-03-10,male
457,17,Sharon,Cooper,3896189676,2002-03-19,male
458,17,Amanda,Casey,9013143404,1984-10-22,female
459,17,Julie,Mays,6799823771,1963-11-27,male
460,17,Amanda,Brady,1110704268,1967-04-24,female
461,17,Jamie,Johnson,7677344453,2015-02-01,male
462,17,William,Haas,2653409109,2014-05-03,female
463,17,Ellen,Abbott,6984535678,1997-01-27,female
464,17,Dawn,Schmidt,8726826606,1938-09-02,female
465,17,Paul,Pham,9462133613,1943-02-14,female
466,17,Katherine,Williams,4245226832,1937-10-28,female
467,17,Taylor,Rivera,3886802065,1983-11-22,male
468,17,Mariah,Davis,2590473024,1971-05-10,female
469,18,Sara,Fisher,6581363807,1968-06-13,female
470,18,Krystal,Holloway,6354675602,2012-01-12,male
471,18,Diana,Mack,1569456629,1944-11-15,female
472,18,Terri,Harrison,6526667441,1979-12-09,female
473,18,Juan,Simon,5283581868,1970-03-09,male
474,18,Michelle,Burns,8977884142,2012-03-04,male
475,18,Melissa,Salas,6818443085,1958-05-06,male
476,18,Crystal,Duncan,6367081220,1990-12-27,female
477,18,Lori,Payne,6025972801,1972-02-12,female
478,18,Jeffrey,Brown,6120811884,1988-03-05,male
479,18,Peggy,Allen,8547922440,1971-12-03,male
480,18,Brandon,Parker,4684497150,1957-05-04,male
481,18,Diane,Lopez,4014712568,1961-02-17,female
482,18,Shelly,Craig,3323725226,1975-05-31,female
483,18,Lisa,Baker,8461412419,1980-05-31,male
484,18,Elizabeth,Jordan,8083423098,2012-06-25,female
485,18,Hunter,Spears,1399852154,1987-11-05,male
486,18,Denise,Rich,2545370647,2000-11-11,male
487,18,Christine,Gutierrez,4541673588,1985-12-18,male
488,18,Sierra,Peters,7118366198,1959-05-21,male
489,18,Brandon,Tucker,3508972557,1961-06-28,male
490,19,Jordan,Marshall,2095324064,2005-05-19,female
491,19,Patricia,Weber,1104313401,2019-03-02,female
492,19,Tanya,Spears,4020264871,2004-04-25,female
493,19,Laura,Boyer,7608320862,1971-12-06,female
494,19,Julia,Harmon,5839561084,2000-02-16,female
495,19,Mary,Ortega,1349056809,2015-11-11,female
496,19,Shawn,Dominguez,3747994668,1951-10-06,male
497,19,Gregory,Mendoza,9730310655,1980-08-05,male
498,19,Robert,Dodson,9907310532,2016-06-18,male
499,19,Christina,Huber,6510911775,1948-04-18,female
500,19,Corey,Arroyo,4821215975,1965-12-21,female
501,19,Derek,Estrada,1996930540,2016-10-14,female
502,19,Lisa,Larsen,9053506396,1936-03-07,female
503,19,Brian,Kelly,3657694455,1938-07-25,male
504,19,Barry,Taylor,3590049990,1957-05-07,female
505,19,Thomas,Brock,5640319419,2011-09-27,female
506,19,Juan,Woods,5727425550,1954-10-23,female
507,20,Gary,Chavez,8101360966,1991-04-30,male
508,20,Sarah,Foster,3880364584,2011-04-12,male
509,20,John,Burgess,0853761527,1994-09-10,female
510,20,Joseph,Harper,1140458690,1972-06-12,male
511,20,Jimmy,Rowe,8214317537,1981-09-26,female
512,20,Matthew,Johnson,9431861835,1998-03-05,male
513,20,Robert,Strickland,0118409397,1971-01-16,female
514,20,Ethan,Long,0548771695,2004-03-10,female
515,20,Joseph,Trujillo,8624394565,1967-05-22,female
516,20,Michael,Peterson,8324339488,1942-05-16,male
517,20,Crystal,Bryant,4185955021,2022-12-17,female
518,20,Anthony,Bailey,1956154176,1950-09-10,female
519,20,Jennifer,Foster,0313734891,2017-03-25,male
520,20,Colin,Pacheco,4226748017,1938-03-21,male
521,20,Rebecca,Foster,0663222236,1935-03-26,male
522,20,Robert,Hull,1008657901,1961-01-19,male
523,20,Julian,Walters,3986689377,1985-11-28,female
524,20,Erika,Gomez,4756280269,1946-07-15,male
525,20,Karen,Gonzales,8221675141,1936-12-20,male
526,20,Melissa,Weber,9335750112,1942-07-20,female
527,20,Evelyn,Butler,6472843313,1990-08-06,female
528,20,Mario,Cox,5589988391,1938-12-04,male
529,20,Dustin,Lucas,1219462234,1985-01-13,female
530,20,Courtney,Jordan,1394818017,2023-03-04,female
531,20,Jill,Smith,7220164494,2012-04-17,male
532,20,Michelle,Butler,6266423089,1948-01-19,female
533,20,Alexandra,Mcmillan,8053300814,2007-06-08,female
534,20,Oscar,Rogers,7164446153,1972-08-19,female
535,20,Hector,Gonzales,1295722476,2001-04-27,male
536,20,Roger,Lewis,6225886130,1985-12-01,female
537,20,Makayla,Callahan,1163553070,1941-05-18,female
538,20,Andrew,Valentine,2004317873,1967-02-16,male
539,20,Jennifer,Ryan,6350240061,1987-01-31,male
540,20,Emily,Wang,9152387043,1945-07-28,male
541,20,Heather,Williams,6577250614,1966-04-20,female
542,20,Cynthia,Lewis,1905920739,2023-11-16,female
543,21,Mark,Paul,7147238797,1994-11-19,female
544,21,Briana,Thompson,8620327892,2011-04-24,male
545,21,Angela,Hunt,5881180770,1943-08-17,male
546,21,Kari,Murphy,8256567300,1967-08-12,male
547,21,Brandon,Miller,5258245849,1943-02-28,male
548,21,Eric,Johns,9881658123,1959-11-09,male
549,21,Kristen,Brown,6151763810,1947-02-18,female
550,21,Christopher,Martinez,4459666887,1955-03-14,female
551,21,Joseph,Parks,7650207716,2009-12-05,male
552,21,Rachel,Smith,9211113117,1997-04-28,female
553,21,Lori,Miles,5964337200,2011-10-29,female
554,21,Laura,Ortiz,6111668743,1951-12-13,male
555,21,Christopher,Allison,1282286492,2016-06-15,male
556,21,Timothy,Ware,9533854860,2023-02-08,male
557,21,Jose,Jackson,7122578412,2013-09-17,female
558,21,Bruce,House,7644288677,1938-02-28,female
559,21,Jessica,Cook,3430343086,1995-08-09,male
560,21,Samantha,White,7933110400,1946-04-10,male
561,21,Jay,Thornton,0208703320,1973-05-12,male
562,21,Jessica,Ruiz,6572005348,1986-01-29,male
563,21,Ryan,Zamora,6593224714,1969-10-13,male
564,21,Cindy,Walker,5047363949,1982-05-16,male
565,21,Cathy,Weber,4804238303,2012-04-21,male
566,21,Darrell,Nelson,7095644801,1986-09-28,female
567,21,Misty,Dominguez,3618606777,1977-06-12,female
568,22,Rachel,Harris,6233315144,1993-03-13,female
569,22,Derek,Mills,3853463546,1985-02-19,male
570,22,Tanya,King,9090868216,1981-10-22,male
571,22,Tyler,Martin,4440098557,1971-06-04,female
572,22,Heather,Ryan,0625887282,1959-03-01,female
573,22,Jeremy,Long,9013813804,1934-04-30,female
574,22,Brian,Reyes,1163218009,1995-04-07,male
575,22,Larry,Ryan,3752851633,1976-03-20,female
576,22,Jennifer,Cisneros,3045934953,1999-06-07,male
577,22,Kevin,Briggs,4101162779,2023-10-05,male
578,22,Erin,Scott,3868659829,1954-09-12,female
579,22,Robert,Mendez,4423146247,1959-01-22,female
580,22,Joel,Castro,7181481736,1946-09-20,female
581,22,Daniel,Matthews,7158300440,1981-12-05,male
582,22,Madeline,Ingram,2885989639,1961-04-02,female
583,22,Robert,Hall,7672794749,1954-08-11,female
584,22,Jeremy,Walters,8470124777,1937-01-23,female
585,22,Cheyenne,Parker,4948234426,1979-03-25,male
586,22,Matthew,Singh,5570989954,1974-06-16,male
587,22,Timothy,Johnson,4617304103,1990-10-04,female
588,22,Donald,Brewer,1524251342,1961-12-27,female
589,22,James,Carpenter,5647976492,1963-11-11,male
590,22,Justin,Silva,4629260238,1962-11-05,male
591,22,Steven,Nelson,8508271422,2012-09-08,female
592,22,Amanda,Lee,5108496542,1938-11-11,female
593,22,Evelyn,Rogers,8010890671,1960-01-30,male
594,22,Glenda,Carter,7670816281,1963-05-15,male
595,22,Alexandra,Moore,9150207117,2009-10-29,male
596,22,Tabitha,Howard,6857708143,1984-09-27,female
597,22,Joseph,Thomas,8574800614,1960-08-10,male
598,22,Jenna,Jones,0687311008,1939-04-27,male
599,22,Bob,Chandler,9601358318,1981-04-08,male
600,22,Anna,Rogers,9890614448,2003-05-15,male
601,22,Dennis,King,8274837965,2014-02-09,female
602,22,Mark,Rivera,8868375489,1950-06-13,male
603,22,Daniel,Hardin,9271780793,1998-02-11,male
604,22,Brenda,Barnett,9773876185,1992-08-27,female
605,22,David,Hughes,1611181002,1960-09-01,male
606,22,Benjamin,Barnett,3427076687,1937-07-09,male
607,22,Ray,Wise,6510374149,1978-06-09,male
608,22,Jennifer,Murphy,6251815039,1942-10-03,female
609,22,Jessica,Lewis,8654108761,1964-02-15,female
610,22,Diana,Cook,3524672399,1985-01-11,male
611,23,Kristen,Chang,0921343023,1977-10-12,female
612,23,Cathy,Harper,5063476137,1936-05-22,male
613,23,Jack,Griffith,9757244762,1993-02-07,female
614,23,Gina,Harris,7562793872,2010-02-12,female
615,23,Jamie,Wolfe,1194887565,1945-11-26,male
616,23,Michael,Cooper,2890976674,1983-01-11,female
617,23,Randy,Miller,3240862113,2015-02-27,male
618,23,Steven,Cooper,1898056332,1984-03-30,male
619,23,Lawrence,Haynes,7228304326,1990-05-04,female
620,23,Danny,Underwood,6980864198,2017-04-27,male
621,23,Nathan,Craig,7440937863,1954-08-05,male
622,23,Charles,Martin,7725833732,2024-05-20,male
623,23,Christopher,Bruce,8197929307,2020-01-18,male
624,23,Stephen,Martinez,3811090209,1938-11-24,female
625,23,Angela,Nelson,0124376421,1943-10-31,female
626,23,Judy,Hunter,2421630964,1988-10-04,male
627,23,David,Shelton,2940547547,1984-02-11,female
628,23,Todd,Romero,6271911084,2021-09-22,male
629,23,Kendra,Cline,5893580197,2014-09-18,female
630,23,Deborah,Conner,6661481494,1992-06-07,male
631,23,Christina,Jacobs,1824147526,1973-08-09,female
632,23,Barbara,Robles,4015722595,1978-04-08,male
633,23,Laura,Stanley,9037555536,2017-08-06,male
634,23,Timothy,Contreras,6198708406,1945-11-16,male
635,23,Victoria,Soto,6774016598,2009-06-16,male
636,23,Michael,Rodriguez,0608938388,1963-12-29,male
637,23,Matthew,Welch,4878392276,1967-01-16,female
638,23,Rachel,Krueger,2136611498,1977-02-26,female
639,23,Emily,Durham,5948105738,1956-07-16,male
640,23,Kathryn,Smith,9507221002,2007-04-04,female
641,23,Trevor,Morton,3897712536,2023-11-21,male
642,24,Michelle,Taylor,8910247649,1969-03-18,male
643,24,Amber,Elliott,7181677686,2003-08-29,female
644,24,Megan,Obrien,8786481408,1964-02-14,female
645,24,Christopher,Russell,3602824206,1990-10-10,female
646,24,Angel,Ward,0737096977,1957-09-23,male
647,24,Jose,Brown,4098051710,1965-02-22,female
648,24,Luke,Petersen,3840178238,1939-05-08,female
649,24,Robert,Smith,2303281945,1955-05-11,female
650,24,Matthew,Weaver,9216460807,1979-02-13,male
651,24,Gloria,Mitchell,9102104694,2021-06-25,female
652,24,Andrew,Hayes,6931145859,1969-05-09,female
653,24,Scott,Conway,1463210911,1941-04-29,female
654,24,Carrie,Rubio,6577527651,2022-01-07,female
655,24,Karen,Jones,7813347293,1935-12-17,female
656,24,Kathryn,Sosa,0183186848,1937-08-29,female
657,24,Thomas,Hernandez,1194257881,1977-10-24,male
658,24,Tiffany,Ayers,0694901807,2005-07-11,female
659,24,Michael,Francis,9766478217,2001-09-20,female
660,24,Sharon,Miller,3058697093,1948-03-26,male
661,24,Emma,Martin,8410703943,2012-12-08,female
662,24,Lisa,Pittman,9859785504,1961-09-14,male
663,24,David,Hill,9431005745,1984-12-31,female
664,24,Margaret,Perkins,0803895537,1963-08-25,female
665,24,Michael,Howell,8008918763,1948-01-16,male
666,24,Justin,Castaneda,5362331366,2005-03-14,female
667,24,Karen,Ford,7597332168,2006-12-23,female
668,24,Joseph,Morales,5850368253,1973-03-30,male
669,24,Eric,Bailey,8771815845,1952-02-13,male
670,24,Chelsey,Wyatt,0301997762,1976-05-17,female
671,24,Calvin,Kelly,4263759501,1946-07-20,male
672,24,Nicole,Jones,4621103832,1978-03-16,female
673,24,Matthew,Jones,6043427941,2003-01-05,male
674,24,Sean,Arnold,4855698347,1945-06-07,female
675,24,John,Cross,8178917348,1994-05-06,male
676,24,Jacob,Potter,1478004123,2004-07-07,female
677,24,Terry,Charles,3007708234,1947-09-17,female
678,24,Alicia,Armstrong,5774006045,1957-01-03,male
679,24,Carolyn,Bryant,7319952983,1972-03-28,male
680,24,Johnny,Wallace,1874889498,2004-09-16,male
681,24,Heather,West,7535029706,1952-07-14,male
682,24,Andrew,Frederick,5320295949,2021-06-24,male
683,24,Lacey,Mann,1880327825,2007-04-19,male
684,25,Carlos,Nelson,1382693382,1935-07-09,female
685,25,Christopher,Walters,0560631481,1985-01-13,female
686,25,Blake,Harris,1878014735,2018-10-29,female
687,25,Melissa,Martinez,1294122353,1943-09-09,female
688,25,Sandra,Dawson,8188826960,1998-03-27,male
689,25,Troy,Williams,1723939813,1934-01-14,male
690,25,Jasmine,Hill,1323943053,1975-04-25,female
691,25,George,Walker,9741633486,1992-09-06,male
692,25,April,Brown,0549240191,1981-08-10,female
693,25,Richard,Rodriguez,7823715574,1988-04-26,female
694,25,Kimberly,Escobar,2302637637,1977-07-03,female
695,25,Julie,Lee,9156777746,1934-06-29,female
696,25,Antonio,Molina,6478039541,1981-12-26,female
697,25,Stephanie,Alvarez,2366624577,1954-06-25,female
698,25,Jill,Velasquez,1127917341,1953-03-14,female
699,25,Joshua,Martin,9433316972,1978-11-14,female
700,25,Timothy,Williams,5198843518,1996-03-31,female
701,25,Joshua,Johnson,4698224716,1933-08-25,female
702,25,Jasmine,Mendoza,4643285548,1942-01-03,female
703,25,Robert,Anderson,2997390329,2004-03-01,female
704,25,Justin,Kennedy,7287166393,1981-06-08,female
705,25,Travis,Palmer,7496447151,1938-04-07,male
706,25,Stephanie,Serrano,1832072794,2024-03-08,female
707,25,Darren,Curry,8368676509,1942-12-20,female
708,26,Jacob,Wolf,2755011442,1978-10-31,female
709,26,Alejandro,Spence,1017191242,1968-03-30,male
710,26,Kristin,Lewis,0707569675,1974-07-17,male
711,26,Matthew,Olsen,8766947898,1950-05-21,female
712,26,Lacey,Murray,2195782046,1991-07-27,female
713,26,Andrea,Tapia,2277016797,1937-09-24,female
714,26,Matthew,Lee,8401363422,2008-09-19,female
715,26,Deanna,King,0907851293,2012-11-24,male
716,26,Crystal,Ramirez,9693683694,1970-11-20,female
717,26,Marissa,Williams,9370214176,2000-05-13,male
718,26,Joseph,Campos,5423227890,2015-02-26,male
719,26,Joshua,Sutton,9471051118,2023-01-20,female
720,26,James,Huynh,8695279424,1982-12-24,female
721,26,Angela,Whitaker,8804246934,1953-10-19,male
722,26,Kristen,Colon,3557519130,1939-01-01,female
723,26,Sarah,Hall,4185125579,1979-09-30,male
724,26,Vernon,Moore,0281346758,1991-11-18,male
725,26,Glen,Snow,5331588975,1968-02-07,male
726,26,Cynthia,Newman,6664111128,1945-10-13,female
727,26,Lori,Baker,7304234247,1938-03-07,female
728,26,Nichole,Proctor,7539793979,2000-11-06,male
729,26,Stephanie,Watson,8792353758,2009-01-02,female
730,26,Victoria,Schaefer,9094694653,1998-06-24,female
731,26,Daniel,Morrison,5239201831,1987-08-08,female
732,26,Rebekah,Fletcher,6032348165,2013-08-05,female
733,26,Katie,Gay,4739572516,1983-10-25,male
734,26,Jeff,Sanders,2824892435,1959-06-18,female
735,26,Melanie,Parker,0042650109,2005-04-07,female
736,26,Christopher,Scott,9297839954,1981-02-23,male
737,26,Amber,Williams,4654670473,1981-11-11,male
738,27,Julia,Arnold,2936017230,2006-07-09,female
739,27,Shannon,Henderson,2712135954,1976-11-20,male
740,27,William,Kelly,1361183817,1964-11-10,female
741,27,Devon,Williams,2380168162,2024-06-25,male
742,27,Carl,Rodriguez,1758450526,1947-05-23,female
743,27,Bobby,Smith,3576326217,1944-11-17,female
744,27,Derrick,Howell,4668279418,1950-10-11,female
745,27,Shannon,Stewart,2389257696,2024-05-28,female
746,27,Colin,Jackson,5355264335,1964-08-11,male
747,27,Brian,Miller,2902032524,1935-03-31,female
748,27,Jessica,Schneider,2704577372,1997-07-25,male
749,27,Shawn,Russell,6452886173,1999-05-15,female
750,27,Jennifer,White,9904800407,2008-04-26,male
751,27,Joseph,Shepherd,9549541757,1961-01-22,male
752,27,Rachel,Carr,1094831629,2002-01-17,male
753,27,Laura,Mccoy,4744847528,1958-05-17,female
754,27,Timothy,Barry,7951968044,1983-03-12,male
755,27,Aaron,Barton,6139171968,1957-04-06,male
756,27,Emily,Torres,9973138485,1950-02-22,female
757,27,Robert,Hammond,3745560994,1960-03-20,male
758,27,Yolanda,Chambers,3844293414,2013-02-20,female
759,27,Veronica,Barrett,0057399635,1987-06-02,female
760,27,John,Valdez,9304682894,2023-03-04,male
761,27,Jessica,Lewis,8108228154,1950-07-16,female
762,27,Ellen,Mcdonald,6504635858,1942-05-11,female
763,27,Angelica,Weaver,6260969435,1954-08-20,male
764,27,Jennifer,Hicks,9881655693,1957-11-17,male
765,27,Tara,Arnold,9091405313,1959-01-15,female
766,27,Christopher,Anderson,2213263667,1975-05-28,female
767,27,Johnathan,Mckinney,2301249846,2004-04-07,male
768,27,Joshua,Morris,9746729407,1996-08-05,male
769,27,George,Grant,8582207552,1992-12-31,male
770,27,Chelsea,Brown,3786877676,1979-06-30,female
771,27,Steven,Mccarthy,8624457241,2017-10-05,male
772,27,Christopher,Miller,7936627287,1973-06-02,male
773,27,Donna,Miller,0709615721,2014-11-03,male
774,27,Christopher,Hamilton,1709095694,1978-02-12,male
775,27,Phillip,Mitchell,0169606049,1970-08-09,female
776,27,Juan,Arias,3843955096,1960-02-20,male
777,27,Ashley,Lee,7238449517,1981-11-20,female
778,28,Jason,Phelps,4491978116,1977-02-15,female
779,28,Crystal,Jensen,4057768700,1942-08-31,male
780,28,Zachary,Galvan,8149989471,2001-06-02,female
781,28,Jimmy,Marshall,9877499491,1934-01-24,male
782,28,Amy,Gutierrez,4975908330,2004-11-25,male
783,28,Sandra,Scott,4776756385,2016-05-26,female
784,28,Ashley,Spencer,1049005543,1967-01-14,male
785,28,Lisa,Mays,9543254401,2009-12-17,female
786,28,Julie,Figueroa,7231276539,1988-06-18,female
787,28,Brittany,Odom,2600328372,1934-06-24,male
788,28,Dennis,Clay,9580755481,1985-09-25,male
789,28,Melanie,Gardner,3531095680,1948-08-30,male
790,28,Stephanie,Brown,0772011394,1995-09-23,female
791,28,Joseph,Mitchell,9346223811,1969-11-26,female
792,28,Michelle,Powell,9096124661,1986-01-07,male
793,28,Jennifer,Thompson,2795686986,1937-09-01,male
794,28,Donna,Schmidt,4764631795,1971-07-21,male
795,28,Vicki,Fletcher,1987954349,1995-01-24,male
796,28,Jill,Brown,3982878543,2014-01-17,female
797,28,Tonya,Lynch,1274324576,1991-05-20,male
798,28,Alexandra,Gill,2697151269,1971-01-13,female
799,28,Megan,Hernandez,2712515707,1998-08-01,female
800,29,John,Jones,4544585618,1953-11-22,female
801,29,Carol,Thomas,4428351495,2001-03-18,female
802,29,Lawrence,Rodgers,2224272097,2021-11-01,male
803,29,David,Miles,6887493699,1972-06-19,female
804,29,Jennifer,Webb,9170591158,1982-05-03,male
805,29,Alexander,Brooks,7628716190,1979-11-19,male
806,29,Denise,Jackson,0462233476,1947-01-13,female
807,29,Diana,White,2192760943,1977-11-04,male
808,29,Mark,Zimmerman,7143664127,2018-03-28,male
809,29,Kelsey,Moody,8305368368,1953-12-10,female
810,29,Jeff,Cruz,3715551439,2005-10-11,male
811,29,Michelle,Chavez,1135771925,2005-10-16,male
812,29,Joseph,Savage,3615659350,1933-11-13,female
813,29,Andrew,Rodriguez,2186198288,1967-08-27,male
814,29,Daniel,Hall,7832633126,1943-11-05,male
815,29,Shannon,Harris,1353371705,2007-11-20,female
816,29,John,Miller,8862228330,1971-03-15,male
817,30,Peter,Kim,8137070051,1944-08-13,male
818,30,Kathryn,Washington,2212389070,1934-02-12,female
819,30,Theresa,Morrison,1324647289,1940-11-18,female
820,30,Renee,Brown,2421094576,1965-08-11,male
821,30,James,Rivera,4767393598,1943-10-10,female
822,30,Tammy,Harris,8419627815,2020-11-18,male
823,30,Eric,Owens,2899965922,1936-10-03,male
824,30,Lauren,Singleton,6919297858,1946-02-07,female
825,30,Stephanie,Wheeler,6888730399,1986-04-19,male
826,30,Lauren,Patel,1389972766,1965-03-20,male
827,30,Lori,Reyes,9507440989,1979-12-04,male
828,30,Andrea,Lucas,1743982360,1955-01-14,female
829,30,Terri,Clark,8965906457,2023-01-03,female
830,30,Jason,Williams,3606598428,1991-03-16,male
831,30,Curtis,French,1113895070,1947-03-05,female
832,31,Timothy,Clark,0114093579,1990-06-04,female
833,31,Tammy,Wright,7659253539,1998-07-25,male
834,31,Carl,Johnson,2068761294,1982-03-30,female
835,31,Jimmy,Williams,9618604036,1950-04-15,female
836,31,Alan,White,3410940828,2007-09-17,female
837,31,Kelly,Harrington,0759059569,1958-10-08,female
838,31,Sharon,Williamson,7636142006,2008-05-13,female
839,31,Jesse,Arellano,3526600123,1949-01-25,female
840,31,Allison,Barker,8681762375,1942-06-12,male
841,31,Jason,Brown,5018258753,1943-03-14,male
842,31,Brianna,Harrison,5517446151,1939-03-25,female
843,31,Valerie,White,7927530704,1975-07-25,female
844,31,Alyssa,Bond,7281226829,2000-12-14,female
845,31,Elizabeth,Rogers,2787855013,1971-02-13,female
846,31,Donald,Mccoy,8427724985,2005-04-21,female
847,31,Amanda,Long,2000988606,1978-03-26,male
848,31,Heather,Boyd,8570260213,1941-03-10,male
849,31,Aaron,Perez,5312672812,2016-08-05,male
850,31,Jasmine,Sullivan,7187140182,1943-11-05,female
851,31,Joshua,Osborne,9154513565,1998-11-17,female
852,31,Rickey,Russell,4666923369,2000-01-21,female
853,31,Sheryl,Miller,6623794662,1938-08-18,female
854,31,Sheila,Hill,4779257346,1945-07-28,female
855,31,Matthew,Patrick,7040208436,1955-08-19,female
856,31,Alexander,Hoffman,5750428742,2021-10-12,male
857,31,Randy,Copeland,7575070652,1993-10-09,male
858,31,Heidi,Bailey,7213189973,1991-04-10,male
859,31,Bradley,French,8724330960,2000-01-04,male
860,31,Lindsay,Moore,7324451681,1957-05-11,female
861,31,Robert,Campbell,7165396911,2021-07-05,male
862,31,Daniel,Huerta,3920276103,1990-03-25,female
863,31,Johnathan,Rios,8173597303,2009-08-12,female
864,31,Robert,Smith,6820970669,1946-08-18,female
865,31,Carrie,Mann,6575197984,1954-06-04,male
866,31,Julie,Moore,3662634142,2008-11-03,male
867,31,Michelle,James,0344686371,1938-06-13,female
868,31,Zachary,Miller,2207763504,1987-02-04,male
869,31,Vanessa,Castro,2827596659,2020-04-07,male
870,32,Vincent,Bass,6915720121,2010-02-24,female
871,32,Ashley,Horn,8926571352,1974-11-05,male
872,32,Patricia,Snyder,7163147510,2013-02-18,male
873,32,Benjamin,Schaefer,1579771802,1978-11-21,female
874,32,Craig,Martinez,7561405248,2012-04-09,female
875,32,Frank,Stone,6610826679,2010-10-05,male
876,32,Michael,Ramirez,3922138123,2011-02-26,female
877,32,Benjamin,Parks,2115908316,2015-04-27,male
878,32,Russell,Berry,4588450229,2007-10-02,male
879,32,Paige,Knapp,5927235431,2015-09-04,male
880,32,Leslie,Smith,9512383949,1967-06-06,male
881,32,Beverly,Jones,5226298084,2018-04-12,male
882,32,Paul,Allen,2537338196,1941-02-28,male
883,32,Jennifer,Hernandez,3499377327,1998-09-06,male
884,32,Brian,Terrell,6643889062,1958-04-26,female
885,32,Kayla,Alexander,7083231551,1980-11-29,female
886,32,Johnny,Logan,3587873851,2022-05-20,male
887,32,Elizabeth,Clark,9533180966,1988-04-01,female
888,32,Michael,Moon,3608726319,1967-11-28,male
889,32,Catherine,Lopez,1162114691,1972-02-28,male
890,32,Jessica,Lyons,5893686007,1965-06-01,male
891,32,Dillon,Hudson,3411207993,1939-02-21,male
892,32,Wendy,Nicholson,4189132324,1988-04-22,male
893,32,Paul,Cummings,7585262817,1997-05-07,female
894,32,Jennifer,Mayer,5840860965,1971-01-04,female
895,32,Patricia,Cummings,3086613088,1989-02-16,male
896,32,William,Bradshaw,3156429683,1949-02-10,male
897,32,Victor,Jones,8908235333,2004-07-06,male
898,32,Christine,Olson,1743248463,2009-10-25,male
899,32,Christopher,Long,0911002720,1937-05-19,male
900,32,Jennifer,Johnson,4248143691,1970-04-30,male
901,32,Chelsea,Douglas,2799703033,1937-10-13,male
902,32,Erin,Todd,0521698078,1952-03-08,female
903,32,Rebecca,Turner,0236085456,2020-01-19,female
904,32,Kristina,Deleon,4678939739,2001-02-03,male
905,32,Melvin,Rivera,8065676658,1999-07-28,male
906,32,Tara,Hall,2754399427,1955-11-21,female
907,32,Shawn,Simpson,7416170443,1953-03-09,female
908,32,Juan,Campbell,2115805849,1978-03-21,female
909,33,Brian,Wright,6317098939,2007-02-15,female
910,33,Angela,Cunningham,2568695911,1934-01-27,female
911,33,Joshua,Ramirez,0607282782,1972-03-09,male
912,33,Emily,Jordan,1380522715,1980-12-30,male
913,33,Linda,Knight,3488410576,1973-05-10,male
914,33,Amanda,Oliver,5517210435,1964-07-31,male
915,33,Joseph,Rubio,3700297055,1955-10-31,male
916,33,Nancy,Tapia,7158953097,2023-04-02,male
917,33,Thomas,Walker,0509681339,1957-10-22,male
918,33,Anna,Collins,8539065988,2015-12-24,female
919,33,Stephen,Gibson,6406053528,2014-01-01,male
920,33,Maureen,Pratt,2754385873,1961-11-14,male
921,33,Gregory,Peterson,7550386370,1959-05-10,female
