id,name,code,phone_number,address,location_id
1,"Gomez, Anderson and Garza",RC-77527,(398)639-2321x772,"USS Hudson
FPO AA 48923",1364305026
2,Poole PLC,RC-02935,001-400-792-2949x1844,"1637 Loretta Burg Apt. 759
Christineborough, DE 10218",1364305026
3,Suarez Group,RC-88397,(732)907-6998x637,"786 Walker Trace
Lake Sonia, TX 35198",1364006067
4,Wood-Duncan,RC-56084,4786861296,"3804 Stephanie Wells
South Emilyfort, AK 06438",1364123206
5,Vasquez-Kramer,RC-86771,8539853440,"970 Scott Mountains Apt. 917
Wrightview, NV 27488",1364123206
6,Jacobs-Guzman,RC-76549,001-369-943-6629x6463,"849 Richard Courts
Dillonshire, NC 49341",1364123206
7,Boyd-Baker,RC-58832,(594)614-0187,"4659 Bill Valleys
East Roger, PR 41838",1364123206
8,Collins Inc,RC-74274,+1-220-842-5437x3317,"000 Rubio Centers Suite 371
Lake Rebeccaport, NV 62694",1364123206
9,"Williams, Day and Fox",RC-43359,590-206-4822,"8470 Jennifer Union Suite 812
Deborahfort, DE 16126",1364023865
10,Bell-King,RC-05832,(201)878-7753x739,"3796 Nathan Glen Suite 928
North Joseph, NJ 66568",1364023865
11,"Thomas, Hunter and Abbott",RC-89379,(638)456-4574x727,"54628 Mckinney Cape
North Allisonhaven, AL 76522",1364023865
12,Herrera and Sons,RC-51640,+1-864-960-9326x298,"8879 Kimberly Field
Maxwellchester, MH 80644",1364023865
13,Colon-Turner,RC-49074,5924149768,"USNS Ross
FPO AP 12774",1364023865
14,"Freeman, Hunt and Hawkins",RC-74478,(605)215-1242x677,"0696 Sanders Trafficway
West Jennifer, NC 82041",1364023865
15,"Russell, Jones and Bailey",RC-53079,001-787-236-5284x561,"480 Steven Knoll Suite 975
Smithton, WV 92378",1364258511
16,Simmons-Curtis,RC-70083,(895)850-4215,"67950 Hodges Lights Suite 290
Patelbury, LA 68389",1364258511
17,Mcdaniel PLC,RC-98546,(615)520-4615x858,"07884 Oconnor Village Suite 491
East Cheryl, OK 11748",1364258511
18,Guerrero PLC,RC-67681,(631)789-1593x96554,"73068 Davis Streets Suite 576
Paulatown, OR 77417",1364258511
