id,radiology_center_id,first_name,last_name,national_id,phone_number,password
1,1,Betty,Stewart,0464559019,733.560.3133,ci6RZpiss%
2,1,Angela,Lewis,1260857952,697.488.2573,vGge9Hm2(4
3,1,Barbara,Dennis,8727942741,+1-706-877-0868x8011,vA4PMhQf(L
4,1,Shari,Norris,1423516603,8014219505,&BCllLBt!8
5,2,Martin,Martinez,9651061058,+1-219-727-0433x265,3@wH8LgCxO
6,2,Jason,Wallace,0101781699,647.695.4244,AO+0YyqXY%
7,2,Jason,Guzman,8031719538,(709)482-0966,_k6HZK5k%!
8,2,Mark,Rush,2255457090,650.498.3777,^2TWJ&Xti+
9,2,Nicholas,Hunt,9092154619,+1-402-838-8937,)HQs79g5j1
10,3,Carrie,Nash,7429212853,(631)540-9979,N77OfTaV^M
11,3,Jacob,Harris,0115821451,230-339-2267x297,8$6FbyVb^R
12,3,Patricia,Patterson,7451684400,532-246-1373,03^)8Zlz$g
13,4,Julie,Hudson,6253032429,001-301-803-0548x41358,9#6f9VdyOn
14,4,Michael,Leonard,7794116032,(677)715-8559x860,4x5E8VTc!L
15,4,Diana,Kelly,1869946749,(611)201-5358x506,0^3JfzSi^B
16,4,Bruce,Jacobs,2320355960,6404050591,Qg7O*NVf)g
17,4,Alyssa,Murray,7345765340,498-674-9401,SF7VKMbZ9$
18,5,Thomas,Robles,0644526657,001-881-322-9176x6307,#66MgFu26n
19,5,Scott,Smith,6373525950,677.982.6515x6533,4Q8CMYfi0&
20,5,Tammy,Banks,5736556052,982.987.5674,+05(PqSdP#
21,6,Sandra,Robinson,0735702641,611-789-5717x14317,#K8FSi+6OS
22,6,Sara,Mullins,6377327275,880.995.6352,p9QCXhL^*R
23,6,Joseph,Johnston,2581515076,001-608-995-6826x892,@4ISS4u*Av
24,6,Kevin,Espinoza,4367179386,(960)673-6010x4806,E3&X8DBw3g
25,6,Kevin,Elliott,6906638351,686-550-7921x92543,%j^10BgQW#
26,7,Lori,White,2664999727,(479)777-7975x46054,@h&0IiBn9P
27,7,Monica,Fleming,4357086897,+1-913-841-7460x638,$reS!rAk3o
28,7,Ronald,Terry,8678090100,(425)344-8649x7304,V776N8dj)D
29,7,Cindy,Becker,8025476334,(917)291-6841x580,)7!7CgWa@X
30,8,Bianca,Daniels,3372185512,001-377-883-1988x08864,)_5UW(Rb0W
31,8,Hannah,Medina,0441163219,579-463-4270,PgF*cW1J$7
32,8,Kyle,Sims,1023808105,+1-533-441-6934,!7qTqEeLr6
33,9,Taylor,Reese,5907082021,(224)447-3164x1707,%P88O(h1K)
34,9,Nathan,Miller,9348285572,(545)626-1523,F1+YwfW%(L
35,10,Joseph,Ellis,8142167827,849.424.6973x26703,()F0GfpvZk
36,10,Christian,Orr,7338902670,+1-673-597-7851x23793,8pF7J$O6_7
37,10,Lindsey,Lee,4476743761,001-365-458-5231x60318,yAu%7rHlr6
38,11,Sandra,Klein,9929939166,4297278216,00ODnwmt#$
39,11,Jeffrey,Hull,9435909346,323.272.9383,96hnOJnf)x
40,11,Jessica,Fischer,1546963256,(965)979-2882,r)%7Kgxqiu
41,11,Laura,Boyd,5206323624,837-405-7500x296,eBgIWfKA*9
42,11,Brandi,Griffin,8312426346,845.326.9158x2249,p)S3jPM^Pe
43,12,James,Drake,6125222968,662-378-2950,7#9PQ8LrR^
44,12,Kelly,Barnett,4398703109,646.269.2956,@2iI!KGEbV
45,13,Mary,Turner,5576286866,5762420313,Ub2PVl!L2&
46,13,Brianna,Wilson,4293007956,543.577.8303,$&hF7JDC5q
47,13,Matthew,Brady,9299518324,(373)430-0998,w&8%NfsJAr
48,13,Curtis,Ferguson,6363301956,787.444.4824x6439,T*24#RWplx
49,14,Kyle,Wilson,6367039844,982-570-8358x07724,!O411Lg^NC
50,14,Tamara,Maynard,9201224728,001-978-700-2459x0921,LJt!8WnpTc
51,15,Justin,Lewis,7302863241,001-786-363-7052x7083,646gvPofD!
52,15,Sherri,Riley,4312804263,(713)963-0024,_r61FPMhi)
53,16,Kathy,Hall,0140438708,798.806.7196x37047,SgJ4Ewc6M_
54,16,Charles,Steele,6246936349,396-608-4908,!0ZV$gx)@$
55,16,Ian,Johnson,1368006921,001-269-280-7648x6806,C!3u7RAZ0i
56,16,Madison,Sanchez,7468016682,584-300-4053x38503,dw9NZbGYg(
57,16,Dana,Bailey,8340229082,766-305-5266x19219,Nv$0ICh9Sp
58,17,Anna,Myers,3970711154,675-859-3123x59073,y@E9X7$c%t
59,17,Tracy,Massey,3407922431,731.937.5033,3_V^3OpgrJ
60,17,Karen,Becker,4687708180,713-622-4818x91560,%0CduVeuD*
61,18,Lauren,Gardner,1032896981,391-907-7467,PtA4NO3QH%
62,18,John,Phillips,7451463677,6432939818,D*_3mGCb@X
