id,first_name,last_name,national_id,phone_number,email,password,role,location_id
1,Jimmy,Johnson,3268166800,490.451.8126,fgarner@example.org,_7OVH5gU$P,,1364305026
2,Kaitlyn,Clarke,3246316205,001-868-940-8711x321,thomaswilson@example.net,$(^3FSSx6b,,1364006067
3,Kimberly,Perkins,5631927664,419.336.1029x1005,dperez@example.org,u110I6wx+(,,1364123206
4,Alicia,Bishop,1547143117,001-494-309-8884x427,robinsonalice@example.com,_m3Qgijb_h,,1364023865
5,Adrian,Butler,6052104753,611-473-3104,thomasnichols@example.net,9xYQyNjw)!,,1364258511
6,Jeffrey,Thomas,6174844476,(421)923-6246x2464,coopergeorge@example.net,%pcAsJ9W)3,,1364432238
7,Christine,Collins,8654332463,+1-647-557-8695x72582,ryan47@example.org,#%!P4R!xy1,,1364141756
8,David,Fletcher,1338022856,378-491-8731,emontgomery@example.net,)BOL@v+tF6,,1364350188
9,Lori,Mendoza,5668329334,362.911.4816x1907,rcummings@example.org,65xlAhWh%d,,1364701633
10,Amanda,Jensen,1708351692,+1-817-368-6149x022,torresemily@example.com,E!bn3Z&W4r,,1364535690
11,Robert,Moore,9252062892,472.231.1052x5184,swallace@example.com,!yRrnt1oI5,,1364554896
12,Michael,Adams,8013317263,882-445-1768x15437,murraymaria@example.org,+Gx&0tw+z3,,1364158221
13,Emily,Wells,9219823856,9882936960,jessica47@example.com,*pm(!Mgx^3,,1364630382
14,Jason,Wells,2586553559,001-984-616-6029x1766,youngdavid@example.net,$1f4X4Yz@*,,1364891653
15,Joshua,Klein,6938835221,(272)753-0635x455,michaelbarry@example.net,bXJ85TuT#4,,1364072353
16,Anna,Stout,2591105530,679.389.3691x0009,daniel89@example.net,Xkc1D5hiv%,,1364126377
17,Steven,Riggs,9527212838,+1-726-889-5188x49602,aarongolden@example.com,x&7b5Xki+*,,1364429875
18,Derek,Ferguson,6251142238,9103032257,laurenrogers@example.net,6Vx6YKfj!6,,1364437616
19,David,Barr,0913025563,253-901-1600x6963,hendersondavid@example.net,TC12OBOyc#,,1364120623
20,Austin,Rowe,3287228919,807.757.3367,wbest@example.com,d&t@2NoaJr,,1364624691
21,Jill,Guzman,3094666734,(482)267-0373x117,patricia60@example.net,c&M8brTu^s,,1364870126
22,Steven,Jackson,4484257175,714.816.4180x00259,cindy92@example.org,$ie6xOKcY#,,1364312712
23,James,Wade,6542666784,(583)563-1399,mccarthycharles@example.net,5#Mq3ZsCA*,,1364178783
24,Brian,Taylor,6548717734,552.464.0096,kristinweber@example.net,N!7QAYgv^9,,1364073420
25,George,Lane,2091592672,989-706-6316,fosterbenjamin@example.com,(yLZ1MAtBa,,1364548806
26,Justin,Drake,5355070085,714.912.4293,esanchez@example.org,!&3H2H9ugy,,1364708556
27,Aimee,Walters,2821782839,(623)470-4366,jonespatricia@example.net,@lDBMx6B1v,,1364802450
28,Michelle,Wall,3921386438,982-612-4594x656,uferguson@example.com,)9RjJNJ5uy,,1364482289
29,Kimberly,Watts,4231218521,357.447.3023,shannoncontreras@example.org,Ti763Dm8y_,,1364272235
30,Angela,Velazquez,7584016084,3196514969,williamsjohn@example.com,6Dz^4Oyy8*,,1364376065
31,Sophia,Turner,6189286029,(910)610-7580,robinwise@example.org,1t5lH4fx%+,,1364143380
32,Matthew,Herrera,0955668283,501-415-0680,kristina41@example.com,sQuNblyx_2,,1364663520
33,Leslie,Price,9685444487,301-320-3062x8195,hallkaylee@example.com,Ud#4%W)xF!,,1364476070
34,Brian,Yates,5761122755,(685)637-5883x94018,iharrison@example.com,lt2QiesI+p,,1364170406
35,Thomas,Hernandez,1066505935,+1-737-201-4328x02545,zachary23@example.com,1_4IxPeT&&,,1364403465
36,Rebecca,Lewis,8831127629,001-252-401-8486x376,charlesortiz@example.net,@M4TAEGuoj,,1364379130
37,Dillon,Dalton,7719060076,962-313-8981,ericparker@example.net,97Gq*uw(&d,,1364107935
38,Sheila,Mcdonald,0968337276,001-967-668-2106x819,bradleyedward@example.com,a!k3!Q%CMx,,1364370088
39,Steven,Bernard,7457070249,333-969-3029x88135,cruzjessica@example.com,DsPC*vxs(3,,1364053850
40,Luis,Hayes,7349384864,+1-789-359-0350x9672,lisabright@example.net,&7pDwEep4V,,1364855573
41,Laurie,Lane,5035869416,+1-381-882-3706,nataliehayes@example.org,&g#173Ci$G,,1364173799
42,Erica,Barry,1763976216,257.765.3880x57106,douglasjones@example.com,O(8Is^4uY6,,1364981174
43,Jessica,Hampton,8497272166,984-718-9554x5950,david14@example.net,d1#3vAWzUW,,1364275103
44,Theresa,Mckay,1594082559,(261)793-5699,rileywilliam@example.net,+A2OOApv^6,,1364483819
45,Holly,Gonzalez,8903816445,+1-854-763-7882x15973,duane68@example.org,$7LaYWk#*x,,1364706573
46,Victoria,Walker,4051296375,+1-628-912-4832x35039,williammalone@example.com,x@8fyPcFcj,,1364844111
47,Justin,Wyatt,8034063745,(852)324-2425,hschultz@example.com,!aRJUbBst0,,1364897698
48,Donald,Parker,3875203824,(201)563-1455x597,theodore93@example.net,RjeFv0Ed(7,,1364571196
49,Mark,Barajas,2364870347,001-985-516-3116x78274,rodney26@example.net,d+XY2X8mr5,,1364186788
50,Marvin,Adkins,9334174723,(792)305-5587x548,rcunningham@example.com,$W)Y5V7rmU,,1364530447
51,Cassandra,Brown,7861962410,(547)453-9695,larsontyler@example.net,e$1YzVoToA,,1364643377
52,Adrian,Washington,2098300052,865.778.9995,dylan67@example.org,9OgWfn@S(X,,1364417512
53,Michael,Sullivan,4672630646,+1-228-375-0561x4876,hensleyjulia@example.net,@VRp9Cw0G7,,1364967800
54,Jesse,Martin,5265808627,+1-240-734-4175,mpeterson@example.com,5M0Y9mWnc^,,1364532780
55,Amanda,Carter,7054883727,+1-738-260-9721x74379,marythompson@example.com,Uk0rM#Vv#$,,1364204506
56,Beverly,Mullen,3133543078,+1-274-362-3371,nancy88@example.com,+QaJbRIno6,,1364921034
57,Katherine,Brooks,6472864134,001-683-481-2543x88149,christine15@example.net,5%eJ7tQ!%x,,1364030346
58,Jeremy,Davis,0556608398,496.681.3290x344,fernandezryan@example.com,ST3k#GKqK_,,1364192213
59,Mindy,Williams,0968764431,9297915265,dwayne64@example.com,Sj2SnXJxS(,,1364098155
60,Sean,Henry,2025621687,775-867-0398x5615,ewingemily@example.com,$7kyAQVK^i,,1364956793
61,Yolanda,Rodriguez,6806579070,+1-498-549-4330x946,kristindelgado@example.com,glm6RF9tb#,,1364354751
62,Carol,Sherman,0245195088,(738)795-1253x74867,keithcummings@example.com,z#1lD_8S&q,,1364720199
63,Felicia,Evans,7265795882,001-624-364-4228x076,nancyrivera@example.com,^3QGUplAy),,1364909317
64,Lawrence,Smith,5518864933,+1-227-393-0381x004,jrich@example.com,!3ZJJ9eJ7m,,1364336980
65,Richard,Johnson,8955789190,685.937.7915,christophernelson@example.org,81L#RoQr$^,,1364363854
66,David,Mejia,0288205699,5373715566,derek47@example.net,+6OSFmg7%5,,1364881808
67,Jeffrey,Patel,2749535646,+1-438-974-5944,emily55@example.org,h9DI#mwt)n,,1364759228
68,Joseph,Turner,8725162302,001-362-670-4368,jenniferpollard@example.org,@3K(5cFsn8,,1364255116
69,Gary,Martinez,6677317531,201-404-1460x7334,benjamin65@example.com,_VI_attc7P,,1364102350
70,Bruce,Frazier,5313100474,676-990-9709x404,lyork@example.org,RLq(1!Jb@o,,1364271412
71,Kara,Johnson,1334126345,708-789-1170,zbarber@example.net,W8rn1La#$d,,1364398113
72,James,Wang,3393594746,(487)648-0455x8061,qmason@example.com,e_^97Ao8z9,,1364699746
73,Ricky,Alvarado,9177626331,901.306.5572x11928,xwhite@example.net,@b9L&fOe7$,,1364680490
74,Laura,Mccormick,5475357684,(728)435-5279,sthomas@example.org,$H7VGpi$_W,,1364453657
75,Rebecca,Jones,4229314996,+1-440-686-7890x822,amy52@example.org,J)1CuLo29T,,1364242660
76,Michael,Key,6975853911,458.853.2334x905,josephwillis@example.net,3k2FDjmL&Q,,1364485195
77,Mark,Ferguson,3665313617,+1-924-548-9659x008,christopherjones@example.org,!OOneF+47J,,1364111149
78,William,Davis,8831736843,334-226-2005x61961,williamsjoanne@example.org,m4YPutPh)3,,1364567639
79,Lori,Clark,1123885227,458-532-3034,aaronmeyers@example.org,e*659PJYDy,,1364826721
80,Jeffrey,Greene,1968304253,(319)446-6223,kathleensmith@example.com,3VBTYzTc*N,,1364204147
81,Tina,Jones,7146412222,233.514.5039,jacobgreen@example.org,H6sJ3y0E%n,,1364697653
82,Melanie,Schroeder,9497139670,(311)967-7164x8486,christopher03@example.net,n@1qKEobaq,,1364393434
83,Ricardo,Long,5420011465,658-418-7677x9348,jasmine48@example.net,+vY2G3A##!,,1364662084
84,Austin,Huff,6461554041,425.722.4380x412,charles29@example.org,OABvV2EkU@,,1364796337
85,Jeanette,Carter,2847501417,(477)266-9496x961,flynnjillian@example.com,ri28LSvfc!,,1364247384
86,Jeffrey,Baker,3903064663,9565749960,brandyburns@example.org,Oe)p5J)vl+,,1364455619
87,Willie,Ball,0532591002,001-232-393-4817,kingkevin@example.org,)H7(5Z0q14,,1364413748
88,Shawn,Walker,9717037161,311-755-9493x764,amy85@example.org,c6WgTkrh_a,,1364549592
89,Dustin,Taylor,0676850820,864.503.9315x75274,haasjulie@example.net,f#6iQ#rd*R,,1364786972
90,Jennifer,Huff,9776699533,+1-646-499-7476x4777,smartinez@example.net,8$u92EHkr(,,1364652740
91,Wendy,Black,8097480355,6625020674,katherineponce@example.com,)701wTKgC@,,1364525124
92,Christine,Bailey,6109341708,(716)222-8406,bryanterrell@example.com,oZOk6ZLlh+,,1364282464
93,Sharon,Young,9909177976,(241)507-2003,david89@example.net,(7E)$U2ukI,,1364217752
94,Brandon,Compton,7927635470,(801)614-1145,haleystokes@example.com,a%5WcU4wXL,,1364144807
95,Lisa,Sanchez,0976241392,001-936-480-0690x57278,amandadavidson@example.com,s2FbJQzB$K,,1364856875
96,Jessica,George,8864558183,001-990-330-2607x11371,hgeorge@example.net,TaOn@yhi_3,,1364602437
97,Raymond,Jackson,1660533727,851-981-8428x75499,terridavis@example.net,*+2UcCxi5(,,1364152430
98,Tiffany,Ingram,0094508473,(375)868-6729x3832,emorris@example.com,g#O0Leh7#p,,1364064948
99,Laura,Wolfe,1364972744,001-635-319-2192x846,erin34@example.org,+*24A6f$Gd,,1364688687
100,James,Doyle,6814400076,001-694-452-3483x789,william39@example.net,5@Y9CQ#L!q,,1364529047
101,Cynthia,Conner,0481829285,(728)482-6973,gregorybarrett@example.com,KuM1Sl4j&2,,1364102646
102,Kevin,Miller,1364232727,500-218-2707x95454,donald86@example.org,y0i4fM3V^X,,1364311345
103,Robin,Ross,2195753629,001-263-936-6662x08512,lsalazar@example.net,^)8RTFpzk9,,1364001181
104,Scott,Keller,5436711272,244.671.6452,andrew01@example.com,(73Uumf2tB,,1364589535
105,Matthew,Fernandez,2315228176,687-440-6050,qholmes@example.org,(6Z6eqn$_x,,1364997109
106,Rodney,Martin,2587474682,+1-365-420-7504x24730,mking@example.org,G#esV6Sm$Q,,1364140008
107,Rita,Calhoun,5722143730,615.582.7484,wcastillo@example.com,+qt14S#ds&,,1364514942
108,Laura,Robinson,6528284973,547-491-0969,millstaylor@example.org,%4IEeeee$9,,1364402242
109,Ashley,Frank,0364993149,(624)395-0408x0445,ksanders@example.org,+R8UT@eUB^,,1364977923
110,Joseph,White,2216439274,001-298-304-8383x6060,davidlawrence@example.org,*C3QF_vF_r,,1364488107
111,Steven,Bennett,8581550762,001-606-625-1044x6913,erica34@example.com,9gAUgBB8!2,,1364215543
112,Rebecca,Espinoza,5921030956,001-737-332-1588x6148,uchavez@example.org,C+2NxRye@n,,1364656518
113,Paul,Lewis,5154141102,(760)408-6578x6182,nguyentamara@example.net,4!TruJuk_6,,1364254559
114,Maureen,Moore,6473558931,(654)968-2777x757,hmorris@example.org,+PZ33Hlv4W,,1364252948
115,Angela,Sandoval,9153416195,001-895-778-9072,joerhodes@example.net,6lwBZ9N0(%,,1364872870
116,Donna,Rose,8073852387,(555)366-6184x648,lwilliams@example.org,AnZ1#6Ikj%,,1364464987
117,Tiffany,Harris,9532484999,872.845.4877,debrapatel@example.org,+i(4*@XzBd,,1364876336
118,Adam,Nguyen,2136812672,919.902.7466,dwoodard@example.org,r$8uTPp0Ph,,1364090972
119,Karina,Fleming,1970496648,699.418.2522x53344,colleen55@example.net,(U6COWip24,,1364781552
120,Luis,Espinoza,9494396070,824.434.6842x124,gpratt@example.net,W&8YmlGb(*,,1364447507
121,Edward,Thomas,5058573326,+1-992-932-0627x5774,jason09@example.net,)69_F6Pd+b,,1364637975
122,Alice,Lee,0467089981,2258314160,christine94@example.net,0ECF47hdF*,,1364717218
123,Jennifer,Hodges,8176224730,581.809.4426x460,thomasward@example.org,U7KqOb)q)3,,1364069293
124,Thomas,Boone,3273541277,001-393-534-4909,kmcdaniel@example.com,3p^Z8Roia!,,1364268734
125,Leon,Irwin,4030985670,362-876-0348,katelyn10@example.com,0@ql2Thxz&,,1364695268
126,Christopher,Ruiz,7187867139,(497)534-4162x0468,wtodd@example.net,_0F9AxFu%h,,1364910470
127,Kristi,Mclaughlin,4241587484,+1-934-944-0193x27388,brianna14@example.com,^DRhuycqk2,,1364604697
128,Charles,Ford,0143190860,(314)805-5437,daltonweaver@example.org,*nzWsQIl66,,1364946839
129,John,Rogers,6049475757,869-504-8008,johnbarber@example.net,OAXs3Cr7s),,1364526843
130,Carl,Ingram,6862473972,+1-986-675-0273x8430,jasonrichardson@example.net,TDi5f#0i+1,,1364870175
131,David,Mckenzie,6493383045,001-848-547-3659x4296,christopherlam@example.org,*)9LY1synu,,1364057697
132,Nicole,Brown,7671700264,440.382.9419x5996,kimberlymurray@example.com,*ZG_K+lpr3,,1364110841
133,Ryan,Mccall,4788380826,001-361-884-5299,beckerlaura@example.org,+V1IIIqm^%,,1364951738
134,Julia,Harris,8016726394,564-541-1767x868,marygreene@example.net,RqpQTELm_0,,1364860857
135,Vanessa,Kerr,8374176301,+1-891-713-0598x2014,rcannon@example.com,&m#_RqS0Q8,,1364748225
136,Margaret,Huang,2756005533,+1-817-576-9670x43390,caitlynowens@example.org,x6^wLI4(*w,,1364931043
137,Dawn,Chang,2797399499,8909863156,benjamin60@example.net,_Rss6DhYP8,,1364192974
138,Molly,Fitzgerald,5617845215,(964)461-0744,masonfrank@example.com,ygqb7NM)p#,,1364000970
139,Robin,Lynn,3925187225,001-298-748-6740,christine45@example.org,)poBS4MmE3,,1364743408
140,Michael,Zimmerman,1542951208,731-469-7676x999,guyjohnson@example.com,_8bXd+pzP0,,1364099760
141,Victoria,Mcknight,9428135566,690.353.4487,umartin@example.net,2&6ZG8y3GR,,1364420894
142,Melanie,Phillips,2861054960,558-209-1889x23434,alexisgross@example.net,)40Alo1bbh,,1364380325
143,Donald,Forbes,3106660297,(868)629-4824x133,jamescaldwell@example.org,*^%(0fMgIU,,1364052913
144,John,Ramirez,4052401702,825.373.8249x915,danielbarker@example.net,G7*Y6YAr_D,,1364220425
145,Shawn,Williams,3004943011,(917)238-5484,jefferyruiz@example.net,A*H41CtvB*,,1364936018
146,Matthew,Valdez,1981914508,+1-667-373-3253x4495,mariagallagher@example.net,Gb86Ywol*M,,1364248651
147,Jennifer,Conway,8960287999,999-762-2213,jessicapowell@example.org,%S$)svZia0,,1364054847
148,Donald,Valdez,8842062949,6308067711,robert93@example.org,Wb2BG$+fq#,,1364818060
149,Bryan,Dominguez,6228943594,750.832.8438x186,perrybenjamin@example.org,_20ERNloE1,,1364175828
150,Monica,Bradley,1543236716,3624625728,ybarker@example.net,I_9FedioBU,,1364647913
151,David,Ingram,0069710419,(365)297-2761x02646,laurabaird@example.net,)K8ByoAX!F,,1364890040
152,Kathleen,Giles,2396381438,205.577.3383,ethan24@example.org,yENz6J)vK+,,1364700294
153,Ashley,Lopez,3602403096,(335)572-7834x072,jeremiahhobbs@example.net,7Cq9&LrDd^,,1364422541
154,Kathryn,Brown,8754044388,991.669.9815x743,brandycherry@example.net,rayI&+N@$8,,1364496739
155,Jennifer,Hernandez,3406073016,001-204-565-2217x11222,dianaray@example.org,^XiwLIGhf5,,1364361684
156,Ashlee,Little,5948775318,(766)849-3688,xbender@example.org,abiZN%XU)1,,1364842482
157,Sandra,Schultz,1501514104,592-470-0484x624,pbrown@example.org,#K_50fAhM(,,1364764236
158,Jessica,Taylor,8896765097,(286)681-2972,vholden@example.org,#r475JGib9,,1364131066
159,Denise,Arellano,3888256005,+1-473-961-8630x8364,davidcarter@example.net,z@P0gfGuW(,,1364000152
160,Wayne,Hernandez,0091611170,(747)685-9157,rgreen@example.org,3qG!yEfR*2,,1364808068
161,Shannon,Morris,0656821278,440-846-5449,michealpowell@example.com,(H#)U6Zt3l,,1364844587
162,Stacy,Thomas,6987840182,001-314-276-8221x3510,bonilladwayne@example.net,)MpG(k@A4c,,1364486333
163,George,Cordova,1052887957,750.254.3484,torresamanda@example.net,S5CPs+Sj^*,,1364996546
164,Kristie,Walters,9275057558,355.627.9133x5565,pamela09@example.org,y^6B@mmV+M,,1364382390
165,Jeremy,Harvey,5534304596,685-884-2318,scott16@example.com,y$1HH5PdD#,,1364005247
166,Wendy,Carr,6708081507,775.976.3916x8773,sbanks@example.com,7PVH7wXb)),,1364421762
167,Sarah,Lane,1207116705,827.463.5244x998,lmacdonald@example.net,9GK#GwnE#6,,1364528377
168,Aaron,Hampton,6253171282,5054496664,crystal75@example.org,Q3NY8rzX*),,1364517775
169,Jessica,Barnes,3695190708,001-449-751-6592x66529,jonesrobert@example.com,auljVhuf+5,,1364867790
170,Tina,Perry,6380863580,001-877-251-0269x5206,zabbott@example.org,pO34XnglA),,1364854218
171,Jeremy,Morales,2186448149,001-503-776-1418,hollygarza@example.com,PNg&*6Die(,,1364571093
172,Nicole,Davis,7813730459,745.603.6038x28805,ggallagher@example.net,11DZ5NVj%6,,1364201689
173,Tyler,Becker,9158741239,+1-452-868-7155x63345,deannasmith@example.org,+(5qTAj0Qu,,1364387900
174,Theresa,Lyons,3890624314,795-476-5711x6016,rachel24@example.net,ZknKzEmc*0,,1364719159
175,Robert,Shannon,9028754751,412.828.2926x78707,john34@example.com,oo3@8ZzDSh,,1364106517
176,Louis,Anderson,9098957663,+1-943-738-4844,angelabrown@example.net,$_AEAg^r)9,,1364072821
177,Miranda,Miller,5578004335,(598)570-5628,alexanderroman@example.org,#J%p1rWdkx,,1364821189
178,Gary,Hopkins,2505094290,5012305781,ocastillo@example.com,)475Sa$dA!,,1364489959
179,Olivia,Alvarez,6952905060,+1-202-817-8911x982,angelahayden@example.com,p!o05JBd+9,,1364038403
180,James,Waters,8116078261,604.261.0274x5490,scott50@example.com,75&9Vj#+vb,,1364254379
181,Christopher,Ford,1517059512,9127031995,matthew07@example.org,@t#5&Hyj@(,,1364000025
182,Justin,Smith,6217514560,+1-650-742-3831,moorematthew@example.net,_OTWEn5t(1,,1364764045
183,Debra,Barajas,5337477727,(481)500-5411,jordannguyen@example.com,VGk*3ZCzod,,1364123646
184,Lisa,Santos,0926658505,9723305923,karl70@example.com,3+4nKRzLs!,,1364089791
185,Allison,Moran,7373202173,354-281-3062x72682,rogersashley@example.org,^6CaylNJvf,,1364504156
186,Bonnie,Mathews,9861876943,001-854-422-5871x3911,asmith@example.net,_19OKoDo6s,,1364335741
187,Ryan,Howard,9992009619,001-564-419-4727x30062,davismatthew@example.org,t6%0Byu&fS,,1364977743
188,Jared,Hernandez,6924225984,579-906-9928x1472,dylanoconnor@example.net,^7AkO+ekbe,,1364920781
189,Michelle,Mueller,9891094373,(252)215-6777x2551,mrosario@example.net,&0Ue!xOwo8,,1364339411
190,Susan,Montoya,5384037259,+1-304-763-5487,halethomas@example.net,R*+WwoZe*4,,1364920877
191,Erin,Jackson,7788291622,+1-605-785-4312x64921,clewis@example.org,^xe%7NXfu+,,1364691339
192,Cindy,Meza,0890025104,311-703-9104x5992,apruitt@example.org,+KkYCxIOp6,,1364124062
193,Melissa,Hicks,5934973418,477.969.7587,jefferyreed@example.com,^^Ed5nEq9o,,1364815176
194,Kent,Bates,5124297459,+1-844-920-1992,whiteveronica@example.org,3h0@Qisb)k,,1364599694
195,Deborah,Bennett,7008459025,433-891-4382,blopez@example.com,EFCo!1Nh!*,,1364504660
196,Michelle,Ramirez,0741963891,289-326-2127x97111,beckdamon@example.com,49fqm7Io*+,,1364932128
197,Gregory,Jones,1936687331,478.615.6936,kim22@example.net,*_2QMGxkEW,,1364240467
198,Brent,Cortez,2802549726,(672)924-2168x407,clarklori@example.net,%(436DHucT,,1364269609
199,David,Martin,1863311606,(597)277-7552,csmith@example.net,q#7_4Ps4x),,1364597116
200,Rita,Patterson,6036838175,(843)216-0959x4611,snguyen@example.net,p2+KRM^8#&,,1364647948
201,Gregory,Lee,6273164809,866-417-5845x7843,abrown@example.com,q8Gq8ERb$t,,1364912385
202,Dennis,Smith,1340091792,+1-290-926-6313x24290,myersalexander@example.org,&4+X@+drt$,,1364463106
203,Maria,Clark,7938324670,4856666023,jamiegarcia@example.org,z0IAri89#W,,1364587162
204,Anthony,Davenport,0496967177,001-370-692-4061,erin00@example.com,$(zWSFiyV6,,1364060244
205,Ashley,Hays,7436533511,001-833-933-3775x718,stephen22@example.com,BmcQmwnL*3,,1364020796
206,Amanda,Young,0013922172,634-440-2099,danaallen@example.net,n8#DhX6)_(,,1364372222
207,Patrick,Perez,1800982515,345-261-3477x020,amberlewis@example.org,+)M+NgalB9,,1364013464
208,Dakota,Henderson,8390685454,(880)410-9004x3271,umaynard@example.net,(25r+Lfm$E,,1364856957
209,Bradley,Jackson,4430041075,962-489-4215x532,jacob32@example.org,+7ZcR0i)9_,,1364024073
210,Jon,Key,0762218257,+1-711-727-8648,eflores@example.net,&L4Isqh@g2,,1364306000
211,Gina,Cortez,3364023444,(952)404-2593,brycegarcia@example.com,^vJIHat#3z,,1364208028
212,Richard,Price,7549324604,(417)206-4442,xjohnson@example.net,_9BA4DcL+S,,1364126275
213,John,Williams,1204230747,511.364.1595,tyler04@example.org,_9D+Cft0^$,,1364433724
214,Samuel,Snyder,9852127132,755-310-8198,smckenzie@example.net,_3Y*Ahq1Ok,,1364420866
215,Danielle,Medina,3161905214,+1-610-462-3360x070,melanie36@example.org,cj3Oqgbj#(,,1364404057
216,Richard,Cook,5988324030,(353)399-7343x8467,leonard66@example.com,+5BuOCMuQ2,,1364480030
217,Marc,Roberson,1817713550,001-623-455-2021x2713,iswanson@example.com,I0vlYsOo!A,,1364934865
218,Bobby,Bradley,6422003272,+1-607-510-0626x393,dianemccormick@example.com,R1CYN!us&5,,1364423135
219,Pamela,Clark,5109583891,838-940-4144x4151,bbradford@example.org,^ELQJ0vV98,,1364873386
220,Maurice,Willis,7669661020,762-666-5718,zcooke@example.org,lm23Rrqkb(,,1364586053
221,Steven,Martinez,1024333479,+1-423-508-1482x183,courtneytran@example.org,W63vRL7r!r,,1364070633
222,Tiffany,Sanders,9171524679,001-411-716-2268,lopezvicki@example.net,m4t6ZHHv*_,,1364887348
223,Aimee,Ponce,4974866770,001-770-722-2811x2601,elizabethyoung@example.com,$4aJ$3gk4_,,1364154507
224,Kimberly,Kramer,1474381934,+1-550-494-9408x552,jamesreed@example.com,jzg3!Be&e_,,1364374243
225,Ian,Floyd,6920761881,+1-249-305-2959x67095,ann22@example.com,rY4TZ0k4&N,,1364015114
226,Jesse,Oneal,6356520122,332.795.4451x7038,donald61@example.org,5c7MbX3%5_,,1364749382
227,Cynthia,Carr,2948187818,9506642575,susanwilliams@example.net,*uz2QHiT12,,1364440193
228,Yvonne,Palmer,5782481874,518.631.8491x55560,michael03@example.org,^35KYMvaF!,,1364669564
229,Peter,Hart,7118649492,(896)916-7906x9723,nharris@example.com,4NO6K4ku@*,,1364138178
230,Mark,Lee,2243799072,6333783336,joshuacooper@example.org,!U1*IEuf_J,,1364511493
231,Michael,Levy,5185359890,(264)644-2657,nicholsonryan@example.org,$k0DlHRsUb,,1364702813
232,Ernest,Christensen,6549041756,(990)269-6988,holmesashley@example.org,t3aMFNGf(i,,1364726731
233,Denise,Hendricks,2645479249,286.979.2208,stephen12@example.net,&3Re!YtCl*,,1364001385
234,Joseph,Vazquez,4608841899,(489)744-8614x86071,tylertaylor@example.net,T*4pcIDq0i,,1364509063
235,Allison,Lucas,3680905515,764.460.1272x9383,yjones@example.com,5+2K#nD^%f,,1364264141
236,Martha,Cruz,7202270443,+1-980-643-4887x18803,jamessmith@example.net,Y3Td2MHw!p,,1364180869
237,Jason,Osborn,2053003758,237.638.6432,johnbutler@example.net,E294FgPy!2,,1364624357
238,Sarah,Odonnell,1247692047,435-463-0104,jessicaharding@example.com,*7BOwVYqng,,1364475423
239,Rhonda,Bell,4211559392,872.938.4736,melinda91@example.net,(y)J+AS#2N,,1364976274
240,Karen,Holmes,6666007851,842-271-7692,gutierrezdavid@example.org,oY3OpM^Ua(,,1364710224
241,Mario,Adams,7833325397,001-347-461-2872x55751,alison18@example.com,$zy_0JCu2&,,1364834159
242,Rachel,Ball,1359769622,+1-296-897-9388x724,teresahernandez@example.com,a8Vw9f64#v,,1364688613
243,Ashley,Simmons,6388564492,+1-429-806-0640x4942,cgonzales@example.net,7B9Id+$R)Z,,1364089259
244,Ruth,Kelly,8261406508,(899)346-3486x921,martin46@example.org,!28g2JuGI@,,1364382725
245,Corey,Cruz,1961973809,+1-996-259-8862x055,petermoore@example.com,(kvi9RUrSv,,1364497361
246,Kimberly,Lewis,9390464402,001-862-785-2539,diane24@example.net,F#@E&5Il$x,,1364463020
247,Ian,Glover,8264000146,(965)273-8387,tdavis@example.net,3o*cBCd&!3,,1364465140
248,Kelli,Harvey,3742877646,001-954-852-9117,ralexander@example.org,$6KX6#ixfB,,1364197462
249,Amanda,Aguilar,3516716685,915.868.5769x58088,christine26@example.org,(4NgRT#1qi,,1364250700
250,Paul,Matthews,0340800172,462-673-4599x1626,gthomas@example.net,2D_1_Jvb!X,,1364582269
251,Sean,Torres,4131815050,3829972091,steven78@example.net,XoD43MBv$*,,1364801554
252,Shelby,Gonzales,5643431856,351-417-2336,ralphnguyen@example.org,@h47E*Zcw1,,1364058076
253,Elizabeth,Sandoval,7436403805,358.834.6676,mmartinez@example.net,7stGnjtW*w,,1364528412
254,Jerry,Miller,2271916414,+1-416-605-4545x35715,brightangela@example.net,17vLsbkW(j,,1364059934
255,Julia,Jones,7362961442,+1-834-902-2420x70165,zweaver@example.net,5a0XkZp49@,,1364671095
256,Angela,Evans,6283991147,460.901.9151,allen58@example.net,THEd!3ps5),,1364497413
257,Tiffany,Logan,9138245508,659-819-1326x0475,sandy40@example.com,@Y9)CUbN+J,,1364776996
258,Jeremy,Gomez,5471391360,(441)838-7630,kimberlygarcia@example.com,+@iq&Yfv49,,1364528827
259,Samantha,Greene,7574843136,001-260-487-9212x62041,sherryhutchinson@example.net,VF8_*Cpb^x,,1364067141
260,Ashley,Collins,6000501744,(978)847-6318,tcastillo@example.net,*b92Z4D%&3,,1364538524
261,Joseph,Morgan,8939882789,946-430-5638x7425,tylerrusso@example.net,#iy82H@n(O,,1364603087
262,Cynthia,Rice,8405490982,216.278.8613,vcastillo@example.com,*7_EGOvcUR,,1364748189
263,Kathryn,Chaney,1469192153,267-996-9246x4487,fieldstheresa@example.net,&)R%RLo*w1,,1364824865
264,James,Deleon,6144080410,001-247-624-0291x6223,bryangarcia@example.org,v961VExzw_,,1364195329
265,Mason,Willis,9712312953,(858)858-5290x3758,elizabeth28@example.net,+q(9UXc&_c,,1364001665
266,Phillip,Kelly,9334531796,001-449-520-4266,brianevans@example.net,R&2RrKWo(5,,1364148663
267,William,Morales,4543283867,778-878-8563x54969,kristengarcia@example.net,*hyHardh7b,,1364295244
268,Anthony,Hammond,3305167441,(524)832-5517x604,stewartethan@example.com,CHG3QZxF!S,,1364154593
269,Kenneth,Lopez,5897188415,899.559.1141,gpeters@example.org,!5KANUhcB5,,1364067553
270,Andrew,Morales,1307527777,543-344-9335,pwillis@example.com,KF1Oq@gt*6,,1364747499
271,Michelle,Elliott,6555317241,+1-287-303-7335,katie95@example.net,$@iG#^AyF2,,1364919018
272,Kelli,Cuevas,0960628314,895.732.2438x444,hillrobin@example.org,+7H9yeHb58,,1364928073
273,Tanya,Oliver,3236206304,922.797.8849,nlopez@example.net,Z+ey5JzToR,,1364700789
274,Linda,Barnes,6470917634,792.604.9002x837,yhoover@example.org,Y+X46SEpGZ,,1364331013
275,Kimberly,Larson,7802428746,792.539.3591x76243,lyonsjames@example.com,^I2)pRReQr,,1364226344
276,Laura,Wilcox,4205429275,001-496-361-8251x71510,nicole49@example.com,@7GWpzbQI7,,1364372718
277,Daniel,Richardson,8651800130,+1-264-380-1007x2313,hsmith@example.com,()f86Ct_1h,,1364790184
278,Jacqueline,Thomas,0247015945,001-403-441-0687x82374,donnanorton@example.com,*0gdDh3kIl,,1364250256
279,Misty,Becker,7157655610,839-771-8317x9430,shannonvilla@example.net,*gN!)sFtI8,,1364396330
280,Sarah,Garza,4737171743,746.983.6323x283,jackievalenzuela@example.net,aH7Vnuo1&7,,1364248167
281,Francisco,Rodriguez,6760439091,335.895.2176x6687,adamrivas@example.net,E!9SilGT83,,1364753903
282,Jessica,Cortez,7375985224,001-548-211-1925x749,preyes@example.com,sN+(2Bt_kN,,1364607008
283,Isaac,King,3089758889,001-440-827-3938,samanthasoto@example.com,#x9JjbmQN$,,1364865107
284,Cindy,Garcia,7618996543,(313)233-7694x4241,tchapman@example.com,R6oRu$7e*u,,1364599190
285,Nicole,Gill,2763048647,001-232-578-5620x482,ypeck@example.com,*rLFuHxpb7,,1364569834
286,Nicholas,Williams,1691971332,(756)374-8826x78107,codypetersen@example.net,(1PJSxVt!3,,1364073949
287,Daniel,Gallagher,2474526813,713-422-3423x945,ericbryant@example.com,ssDWEIzI#1,,1364088280
288,John,Miller,0739918137,520.275.9161x613,megansandoval@example.org,*ZWOedTH@9,,1364328098
289,Brianna,Jackson,1331585310,4343104831,jean83@example.org,Q5YkJiO$+J,,1364143684
290,Kevin,Jones,8733717048,001-629-729-7335x796,andrew87@example.com,M_90YvkR$P,,1364767646
291,Joy,Bell,0731017374,885.736.1999,mendezgeorge@example.org,#6G(pA2Ie$,,1364412693
292,Jennifer,Chandler,5924924399,(313)769-0490,qwhite@example.com,!8GvTOkpTJ,,1364544757
293,Austin,Hardy,6042157936,562-398-5882,jeffersonstephen@example.net,sxeRJ6By3#,,1364462555
294,James,Mahoney,1986705550,001-693-516-3688,ashley38@example.org,31+HGUl*&1,,1364288724
295,Matthew,Campbell,0603032033,(477)292-5114,laurenryan@example.com,&Te4j3Pp%7,,1364637540
296,Chad,Wilkerson,2457856422,001-336-588-9069x0098,jonessamantha@example.net,(#JzaqFp_8,,1364200979
297,Tina,Stevenson,9544233240,445.237.4958x100,nelsonjohn@example.org,#ETcm$bo(0,,1364110689
298,Carol,Williams,5212430055,(682)348-3709,kboone@example.org,8Z76+%Oy@p,,1364828948
299,Lisa,White,0967309982,504.946.7963,blackmax@example.com,(VqHHCaeJ5,,1364247640
300,Corey,Saunders,6631265040,811-790-8079x2653,rramirez@example.net,+8S3IuG4Lw,,1364163489
301,Natalie,White,8549688230,+1-734-489-1831,jasminemartin@example.net,E&9Ii1oavy,,1364448828
302,Justin,Mclean,7411931685,+1-985-616-3203x609,wendy84@example.com,$^#a7GtsFb,,1364301778
303,Elizabeth,Gibson,2602282173,(626)842-4241,evelyn59@example.org,uBBPwybq@1,,1364475715
304,Crystal,Schmidt,4467377757,318.314.2279x6883,chadgarrett@example.org,eBD!#8Fxg8,,1364001043
305,Darryl,Moore,8074663179,2666896873,danielmoreno@example.net,#32uGGNfLr,,1364601735
306,Jacob,Schmitt,8382885576,001-786-389-3474x729,douglasgina@example.com,)KU9TzjR8h,,1364266184
307,Alexis,Lewis,3167306501,234-386-0635x5042,cindydavis@example.net,v2dSageo+K,,1364181999
308,Derrick,Carroll,0424847599,(996)738-9868x3015,james06@example.com,EznftBDj$2,,1364097069
309,James,Larson,4681146371,7383594385,alfredvillarreal@example.org,(@WeH2Xzc2,,1364315138
310,Rodney,Long,1204543554,513.598.4403x8510,thomas99@example.net,ihFRy*az!2,,1364268650
311,Richard,West,2260973330,2789183472,aaron00@example.org,jSTsVrlD^2,,1364780885
312,Crystal,King,0185799397,+1-776-391-5280x672,christopheradkins@example.org,04!1S$uJx3,,1364977336
313,Damon,Hernandez,4571150189,+1-508-436-9303x560,robert68@example.net,$p_2gvKsdD,,1364360817
314,Andrew,Mills,6453436939,001-452-654-8760x9440,kathryn12@example.com,B5Li*4Cod@,,1364171855
315,Barbara,Castaneda,1335106298,284-268-3713,michael69@example.com,i7KL2&bl_g,,1364794226
316,Alyssa,Conley,4267015965,3237221216,paulfranklin@example.com,GE6drIak(P,,1364614039
317,Thomas,Parker,9913145814,255-407-4264,jason26@example.org,vc$na8Yp6d,,1364208450
318,David,King,5963307976,696-353-7751x497,josephmicheal@example.com,Z&K0EbGDk^,,1364345674
319,Sandra,Dickson,3747168469,864-995-8939,ramirezjackson@example.org,l0RhxwxI)7,,1364000242
320,Mark,Olson,8006542402,001-960-827-1730x08877,juliezamora@example.net,^X%kgZzkq6,,1364726619
321,Chad,Castillo,3498949874,(848)720-5129x3939,davidsoncassandra@example.org,*%9ERvwir0,,1364239600
322,Steven,West,5029449504,(839)742-1543,michael39@example.org,(2HiQ(yBP),,1364112093
323,Laura,Anderson,7192412322,(585)650-0212x48120,crawforddanielle@example.net,Y!p5Up@Ij+,,1364755324
324,Derek,Bailey,8413155526,249.869.7095x7456,elizabeth99@example.org,_63B6BRhTg,,1364662944
325,Jesus,Orozco,1702079420,879-256-2083,vmunoz@example.org,@%N65rOi_6,,1364566639
326,Zoe,Vasquez,7064477960,(459)912-0082x487,zjackson@example.net,gEa$4Lb4Vo,,1364233124
327,Susan,Foster,9197756397,+1-565-240-1192x6846,smithkim@example.net,kbN^k5Rf(n,,1364733657
328,Pamela,Estrada,9903045203,520.349.7259x65431,wileymonique@example.com,^g_%Wq^c1U,,1364624018
329,Tina,Norris,4860950519,(523)652-2215x62062,zimmermantracy@example.org,5FBUEZrQ@u,,1364605877
330,Danielle,Griffin,4171192133,(460)799-3907x78868,emilytodd@example.com,B9XOIxr_@M,,1364013146
331,Kathryn,Bryant,4115923667,882.404.4509x8795,shieldsmatthew@example.net,*BXsB6Lg91,,1364996387
332,Katelyn,Estes,7607243317,001-676-628-2949x6052,popekristi@example.net,T_#kTOVk40,,1364076890
333,Brenda,Johnson,1854836680,317-492-4933,hansonpeter@example.org,!LEW%ujF27,,1364127242
334,Michelle,Bartlett,1600163625,762-414-0489,william05@example.org,qS(5Di^7W8,,1364939972
335,Lindsey,Brown,8784246953,+1-830-668-6006,susanhernandez@example.com,I##6ExlJ@o,,1364997839
336,April,Davis,4748536538,8806499349,eneal@example.net,@3JDFk8st2,,1364866540
337,Mark,Simpson,6344060874,001-753-449-9446x4744,maryhart@example.net,74!RFSeu&x,,1364200718
338,Shannon,Miller,8097893978,811.218.9853x070,yvonne37@example.com,bu^7JGsqq@,,1364041120
339,Tracy,Mckenzie,5843518761,637.881.2483x1719,ggraham@example.net,F5vFVhaO#3,,1364688538
340,Robert,Washington,3527389406,659-616-9624x9611,cynthiaporter@example.org,B33O1qWeH^,,1364003209
341,Barbara,Thompson,1396859092,001-910-383-9925x10915,lisacline@example.org,^3PP8ixWu#,,1364684540
342,Diana,Edwards,6311006676,(719)896-8384x9139,jonesjoe@example.com,FX(7C2Zd$2,,1364046715
343,Jonathan,Wagner,3905961595,244-827-6550x474,romerojack@example.net,$9DbxRGs(O,,1364735795
344,Joseph,Beard,0174992932,+1-411-727-8668x441,courtney83@example.org,w4Vy5XD7+8,,1364002460
345,Alexander,Landry,3766868258,+1-437-840-7194x1320,cmurray@example.net,P1Tbf(lP+u,,1364362691
346,Toni,Barry,3762739611,293-365-6259x98601,mbarron@example.net,X@s8DigU&c,,1364228108
347,Alan,Pope,8165330601,208-850-6946x7264,alexissantos@example.net,_I&73Xjx4u,,1364668748
348,Peggy,Mccarthy,7985109982,001-623-307-1585x179,ashleycrawford@example.com,*8jGBHcpkm,,1364864435
349,Thomas,Arias,0591140620,001-531-800-4712x003,westlisa@example.com,@V_MoeXoe2,,1364470614
350,Michael,Anderson,9107191213,(369)830-5525x53118,sara01@example.com,j^8xIlAUd1,,1364790905
351,Laura,Ware,6350326168,590.957.2930x0926,christina48@example.net,$#_7AGu_k^,,1364326640
352,Danny,Ramirez,3218659954,+1-604-460-3080,andrea21@example.org,Ty8NZvcd+6,,1364085966
353,Michael,Bowen,7382696469,958-337-8645x6827,nicholas30@example.net,PLIz_^NB(0,,1364461163
354,Sonya,Alvarez,9413540088,952.550.3184,foleyjason@example.net,A5$aNAf0^F,,1364542336
355,Jason,Williams,7738339849,519.684.4480x1303,bgregory@example.net,6PeA2lEt@g,,1364830111
356,Sean,White,0512684329,(394)585-5828x65561,shaunrice@example.com,(MmS&I3&e3,,1364461971
357,Jonathan,Clay,7819874054,001-335-313-1595x576,maydanielle@example.net,+DnaI*v82P,,1364243164
358,Monica,Johnson,3932499166,(687)426-7149x419,normanangela@example.net,j4aHmljW^d,,1364240166
359,Johnny,Harper,3489927222,+1-316-752-7860x275,eroach@example.com,2f4OfYdK$F,,1364199475
360,Ashley,Moore,3491358217,476.602.5579,zriddle@example.net,Jg0a(^VuT+,,1364540672
361,Robert,Woodard,8125130020,001-421-879-4027x912,aaronchavez@example.net,(4SrOde!K9,,1364476007
362,Angela,Smith,6028400727,694-891-5602x73555,fcurry@example.com,D+83rGj5kr,,1364072799
363,Karen,Reyes,5227964387,(676)303-5233,timothywall@example.com,&sld1Xuq16,,1364947990
364,Joshua,Jackson,3652344885,001-424-450-5159x07691,nblackburn@example.org,R+5IpqCznH,,1364330823
365,Adam,Gonzalez,0136695893,214.330.7973x6821,morandarlene@example.com,U5PZ7z3d@b,,1364318823
366,Michael,Stewart,5926564171,738.926.7810,brandon39@example.org,2uq2ARgU++,,1364428326
367,Chase,Sheppard,1931197114,(361)607-1998x7567,ericksonmichael@example.net,b&I8sUTgw@,,1364567758
368,Glenn,Short,1424401966,416.467.3934x62647,tonymclaughlin@example.org,Po2+Z8rBZ+,,1364576368
369,Robert,Young,8743687522,3034245889,brandonwarner@example.org,#xu6dMu&_9,,1364732883
370,Jessica,Pugh,2761217913,+1-365-391-1891x763,tammy26@example.com,N+@nj4Ce1y,,1364033031
371,Nicholas,Welch,5619674979,(780)650-9852,uluna@example.org,jYtTbdUb_2,,1364837477
372,James,Turner,2835412749,+1-759-858-8359,tracy08@example.net,+4bmjZExG9,,1364980803
373,Cindy,Fleming,0529878961,+1-938-438-8729x91961,christophergarcia@example.com,4^)0wWKztq,,1364816027
374,Martha,Gentry,4465573178,903-408-6188x5129,cindymcdonald@example.com,x%#P1L$o)7,,1364471861
375,Joel,Griffin,7474849720,+1-424-753-3773,ashley12@example.com,Xl97XzvJN!,,1364153811
376,Ryan,Parrish,7969447492,001-324-771-5526x745,zjackson@example.com,&6k!h&VmHK,,1364597620
377,Christine,Barton,7310907216,877.384.5627x544,larryherman@example.com,V+5JOr$s87,,1364695165
378,Rodney,Harris,3367637578,(804)787-0991x67576,smorales@example.com,xbSS0vVA^5,,1364345684
379,Ryan,Molina,7432363059,798-481-4963,anne37@example.org,&Q39O%hh4e,,1364383489
380,Paul,Mcdaniel,3138172535,(960)509-2773,kristen71@example.net,_h&4EniE!b,,1364531120
381,Andrew,Baker,5729137316,2685575021,rmiller@example.com,r$6SGudG)@,,1364707291
382,Kimberly,Butler,0654903591,001-485-620-1088,ugreen@example.net,s*9lECvsdG,,1364062486
383,Ashley,Campbell,4659302516,(697)739-2818,banksrobert@example.net,(GxMX3eO#4,,1364625820
384,Rebecca,Kirk,4227695212,+1-838-684-2254x5999,cookpatricia@example.org,Ts5SiWrj+2,,1364475727
385,Olivia,Gutierrez,0962710270,440-856-8369,volson@example.com,Q1s0tMyP^j,,1364026409
386,John,Johnson,9434209396,312-337-2970x578,michael89@example.net,4eUnFhG%_a,,1364790492
387,Amanda,Miller,0644076217,(876)989-0202,dward@example.org,@0D!^Nza#Z,,1364863300
388,Jesus,White,9502726106,577.327.3597,jacob42@example.com,+JZd2m_VZ6,,1364737765
389,Robert,Saunders,3375060534,+1-949-868-2567,steven71@example.net,v*r2q_LkaZ,,1364053905
390,Patricia,Acosta,3919295676,001-929-759-6020x4380,amy48@example.com,#3a3Sr^b(l,,1364811524
391,Emily,Gonzalez,5980619250,(532)913-9077,ujohnston@example.net,g+1LEYnuDz,,1364515692
392,Amanda,Kirk,8438006147,001-929-814-3477x178,hannah99@example.com,E%8PXMaz$*,,1364485386
393,Catherine,Bauer,2046307493,+1-360-909-9440,agrant@example.org,EdZt&dH%_7,,1364361980
394,Nicole,Willis,4351470176,(892)659-1717x7740,jsullivan@example.org,_sGT2qJoP(,,1364136501
395,Joshua,Marquez,0558913390,217-994-7040x8777,jonathan14@example.net,UM*8ddUeXC,,1364710033
396,Danielle,Rogers,8869113669,8647214998,clarkmichael@example.net,V0X%Ca&Z+6,,1364278589
397,Christopher,Singh,4245556118,501-441-4860x295,richardpatterson@example.com,@7Hi)mmr7O,,1364756203
398,David,Jones,4041428118,001-269-872-6874x812,jwoods@example.org,*7AtZ44&&t,,1364854942
399,Jake,Nguyen,4312001695,+1-364-362-7540x702,christine09@example.net,BbcRrF7b)1,,1364001152
400,Beth,Foster,7467438081,5994010181,hendersonchad@example.org,^@4*1Va2B),,1364836717
401,Lawrence,Brown,4493082358,9842617536,eknight@example.net,*0V)btj9hH,,1364349532
402,Joshua,Carter,3424738439,493.836.9101,pryan@example.net,_6&WVoPEw2,,1364421592
403,Karen,Lopez,3314744897,390.761.6590x4161,martinjanet@example.net,lv9wS7mR!4,,1364941323
404,Cynthia,Heath,1823767362,+1-311-592-4553x3749,kellykrystal@example.net,)6pQzfo#nC,,1364527291
405,Samantha,Woods,6190719466,979-663-4994x64072,hawkinsdanielle@example.net,2ASKsziY_W,,1364489300
406,Annette,Shah,2030664101,+1-787-823-1728x9201,stephensmeredith@example.com,B%9FfKWYbr,,1364809710
407,George,Duncan,0998251938,001-807-479-9376,shannon77@example.org,V^C#0gZrWB,,1364980286
408,Brian,Williams,2089366376,(588)464-9085x992,kelseybryant@example.com,va)2QdQtbO,,1364349317
409,Donald,Ray,3836639001,498.530.0429,tyler34@example.org,+9QNxGrpVU,,1364156071
410,Jennifer,Williams,3351224557,466-607-9783x2456,rmoore@example.org,c7XMCbSp$Q,,1364211135
411,Ronald,Richardson,9728035274,+1-555-822-5993x551,sullivanchristopher@example.org,rnXy7Mgx#!,,1364732749
412,Christopher,Austin,2914415212,748-738-4057,jhall@example.org,@UE6%FBzVx,,1364677033
413,Michael,Guzman,0555017489,(819)501-8945,markcallahan@example.org,nl9jAPjZ%s,,1364307046
414,Joseph,Shaffer,3170337347,466-404-5768x98101,asmith@example.com,L7rMsO3r!v,,1364613179
415,Micheal,Wallace,9859430447,434-591-7179x47521,ashleymartin@example.com,yB3uMMo@+l,,1364617875
416,Benjamin,Schmitt,1354270478,280-268-2077x71249,tiffanythornton@example.com,s*9sSqqx#i,,1364046368
417,Tyler,Ware,7878276402,(626)846-4217,rodriguezelizabeth@example.org,@*k58_XqI3,,1364002073
418,Gregory,Santiago,3851726216,001-783-244-7550x563,cindyholmes@example.com,yY2W2ZhGH$,,1364554931
419,Gina,Burke,0942275419,976-679-8553,cynthiarich@example.com,vav2kTbb*N,,1364728682
420,Robert,Lee,6844025766,(610)604-7635,qwarner@example.net,(5Pnz)ORNo,,1364019952
421,Jeanette,Cannon,1060420507,7814120078,christophercoleman@example.net,C)@ITQCn@8,,1364459506
422,Jason,Ortiz,7543147110,761-634-8191,patriciawhite@example.org,uL59Ds^f%n,,1364862389
423,David,Johnson,6822353482,9504758925,amber70@example.org,NI5jV6r(i*,,1364264493
424,John,Ramirez,7592925383,350-266-0656,michelleholmes@example.net,$5Q6^zu^Zs,,1364080315
425,John,Greene,8041740456,+1-634-436-0926x5727,nathan73@example.net,7tS*3E9a23,,1364136861
426,Bobby,Galloway,2615615430,(463)549-7588x4349,uperez@example.net,^3PZjpDNDa,,1364888685
427,Megan,Rivera,9872030386,+1-886-592-9258x0526,sanderstaylor@example.com,6$8IP2jt@%,,1364540083
428,Timothy,Ayers,3659653962,662.887.3454,olynch@example.com,&N0!BY5k*m,,1364903302
429,Timothy,Jones,3010999889,369-349-0465x8627,thomasjennifer@example.org,&r2Qg*uo7+,,1364311780
430,Elizabeth,Hicks,5814118310,(997)306-0311x663,ryanjoel@example.com,MS6#d8fD7&,,1364321545
431,Erin,Thomas,3913137913,977-629-7151x7501,walshrobin@example.org,$eB6#8Wslf,,1364386254
432,Jessica,Matthews,1281428598,001-959-251-5852x8777,ramseyrobert@example.org,6XZPDkjl*E,,1364093059
433,Natasha,Gutierrez,6219090869,464.690.8067,michael82@example.com,z!1SXe8ei@,,1364849715
434,Ashley,Chambers,2202270362,(994)236-9120x6380,james53@example.org,%*khVAu8@1,,1364220852
435,Ryan,Allison,1396460486,431.582.1479,carlos70@example.net,enT&Hmp9!4,,1364942661
436,Sarah,Anderson,1267632511,(308)794-7342x107,cynthiakidd@example.net,k)1DFNc^&%,,1364115128
437,Beth,Delacruz,1575810765,3378412716,darlene67@example.com,l2YslD&J@7,,1364251992
438,Joseph,Aguilar,8734924041,697.641.2988,cynthia96@example.org,%48fU*zX)U,,1364571429
439,John,Sanchez,2898858222,001-908-499-9039x08725,christy65@example.org,l@(G30Hc7O,,1364020318
440,Miguel,Byrd,2325369765,+1-972-595-4336x479,kennethreynolds@example.net,C6oMq%l)&I,,1364947262
441,Daisy,Murray,3786959248,872-944-6008x74404,qlopez@example.com,!7^XMoGoxa,,1364048675
442,Scott,Fleming,6019394668,300-756-6313x66845,heathersmith@example.com,e29^OL3f^z,,1364350931
443,Lisa,Dillon,4264391350,2202896728,keith11@example.com,*c8PvpLn(2,,1364495024
444,Dylan,Bennett,9116903041,001-371-733-2239,jason54@example.org,jdZ03hFH&@,,1364310563
445,Alexandra,Brown,0743599370,+1-765-377-5803x164,breanna85@example.org,$JvCr%lr3h,,1364272105
446,Cynthia,Harvey,4734375443,5128020063,donald85@example.com,z+D4DK6j#Y,,1364142040
447,Jerry,Craig,2697014371,(721)939-5769x946,charles21@example.net,7k+jN*vF@J,,1364175111
448,Erin,Rivera,2969296332,001-777-762-3489x06745,munozrobert@example.net,%lGs9Dw6+Y,,1364424557
449,David,Long,4701967895,+1-725-211-2952x6678,ibarratimothy@example.org,*BE8CsCg+$,,1364177562
450,Lori,West,9227678951,593.627.5054,michael20@example.org,6X9GgYJz8^,,1364403810
451,Jill,Hall,5200206609,+1-714-504-9866x16619,joshuagallagher@example.net,&2sWOnskQs,,1364616917
452,Andrea,Peterson,4277073200,(524)648-0764x23127,qcruz@example.net,3#(5iqXt5y,,1364982101
453,Martha,Wright,7278641253,(290)579-0484,parkerrose@example.com,@Jssn6Jx%D,,1364819342
454,Brian,Ellis,4396439116,+1-978-271-8113x39156,ecasey@example.org,8MC#ZbBy&P,,1364456740
455,Lisa,Johnson,3290948602,9152537891,rebeccagreen@example.com,!1RSe*sL69,,1364304938
456,Harold,Garcia,7617648612,001-223-300-2214x5492,turnerdiana@example.com,%b96K4i(r9,,1364370217
457,Stephanie,White,2090148689,+1-769-891-6411x420,amberguzman@example.com,@1M15VsGtE,,1364425405
458,Veronica,Mahoney,3639765729,(732)931-8599x5118,arogers@example.org,s$DVC6ZqfG,,1364681484
459,Denise,Brown,1365725536,(420)577-8955,cindy18@example.org,(+7xXu3q4!,,1364184817
460,James,Rivera,4363015757,+1-733-207-8165x4274,john76@example.org,&9XcCXCcmM,,1364000864
461,Jessica,Huff,3564234628,653.732.6233x5654,morriskathy@example.org,*8!Z$nhdCA,,1364125839
462,Mark,Rodriguez,7064061966,548-420-5635,jhuber@example.net,%KUfA(zR27,,1364721495
